-- Factory Pulse Database Seed File - Clean Version with Exact UUIDs
-- This version uses the exact UUIDs from sample data to ensure consistency

-- Step 1: Organizations
-- Creating organizations first as they are referenced by other tables

-- 1. Factory Pulse Vietnam (Main organization)
INSERT INTO organizations (id, name, slug, domain, logo_url, description, industry, settings, subscription_plan, is_active, created_at, updated_at) VALUES 
('550e8400-e29b-41d4-a716-446655440001', 'Factory Pulse Vietnam Co., Ltd.', 'factory-pulse-vietnam', 'factorypulse.vn', 'https://storage.googleapis.com/factory-pulse-assets/logos/fpv-logo.png', 'Leading manufacturing company specializing in precision components for automotive and aerospace industries', 'Manufacturing', '{"timezone": "Asia/Ho_Chi_Minh", "default_language": "vi", "default_currency": "VND", "date_format": "DD/MM/YYYY", "time_format": "24h"}', 'enterprise', true, '2025-01-27T08:00:00.000Z', '2025-01-27T08:00:00.000Z');

-- 2. Customer Organizations
INSERT INTO organizations (id, name, slug, domain, logo_url, description, industry, settings, subscription_plan, is_active, created_at, updated_at) VALUES 
('550e8400-e29b-41d4-a716-446655440002', 'Toyota Vietnam Co., Ltd.', 'toyota-vietnam', 'toyota.vn', 'https://storage.googleapis.com/factory-pulse-assets/logos/toyota-logo.png', 'Major automotive manufacturer in Vietnam, specializing in vehicle assembly and parts manufacturing', 'Automotive', '{"timezone": "Asia/Ho_Chi_Minh", "default_language": "vi", "default_currency": "VND", "date_format": "DD/MM/YYYY", "time_format": "24h"}', 'enterprise', true, '2025-01-27T08:00:00.000Z', '2025-01-27T08:00:00.000Z'),
('550e8400-e29b-41d4-a716-446655440003', 'Honda Vietnam Co., Ltd.', 'honda-vietnam', 'honda.vn', 'https://storage.googleapis.com/factory-pulse-assets/logos/honda-logo.png', 'Leading motorcycle and automotive manufacturer in Vietnam', 'Automotive', '{"timezone": "Asia/Ho_Chi_Minh", "default_language": "vi", "default_currency": "VND", "date_format": "DD/MM/YYYY", "time_format": "24h"}', 'enterprise', true, '2025-01-27T08:00:00.000Z', '2025-01-27T08:00:00.000Z'),
('550e8400-e29b-41d4-a716-446655440004', 'Boeing Vietnam Co., Ltd.', 'boeing-vietnam', 'boeing.vn', 'https://storage.googleapis.com/factory-pulse-assets/logos/boeing-logo.png', 'Aerospace components and services provider in Vietnam', 'Aerospace', '{"timezone": "Asia/Ho_Chi_Minh", "default_language": "en", "default_currency": "USD", "date_format": "MM/DD/YYYY", "time_format": "24h"}', 'enterprise', true, '2025-01-27T08:00:00.000Z', '2025-01-27T08:00:00.000Z'),
('550e8400-e29b-41d4-a716-446655440005', 'Samsung Electronics Vietnam', 'samsung-vietnam', 'samsung.vn', 'https://storage.googleapis.com/factory-pulse-assets/logos/samsung-logo.png', 'Electronics manufacturing and assembly in Vietnam', 'Electronics', '{"timezone": "Asia/Ho_Chi_Minh", "default_language": "ko", "default_currency": "USD", "date_format": "YYYY-MM-DD", "time_format": "24h"}', 'enterprise', true, '2025-01-27T08:00:00.000Z', '2025-01-27T08:00:00.000Z'),
('550e8400-e29b-41d4-a716-446655440006', 'LG Electronics Vietnam', 'lg-vietnam', 'lg.vn', 'https://storage.googleapis.com/factory-pulse-assets/logos/lg-logo.png', 'Consumer electronics and home appliance manufacturer', 'Electronics', '{"timezone": "Asia/Ho_Chi_Minh", "default_language": "ko", "default_currency": "USD", "date_format": "YYYY-MM-DD", "time_format": "24h"}', 'enterprise', true, '2025-01-27T08:00:00.000Z', '2025-01-27T08:00:00.000Z'),
('550e8400-e29b-41d4-a716-446655440007', 'Vietnam Steel Corporation', 'vietnam-steel', 'vnsteel.vn', 'https://storage.googleapis.com/factory-pulse-assets/logos/vnsteel-logo.png', 'Leading steel manufacturer and supplier in Vietnam', 'Metals', '{"timezone": "Asia/Ho_Chi_Minh", "default_language": "vi", "default_currency": "VND", "date_format": "DD/MM/YYYY", "time_format": "24h"}', 'enterprise', true, '2025-01-27T08:00:00.000Z', '2025-01-27T08:00:00.000Z'),
('550e8400-e29b-41d4-a716-446655440008', 'Vietnam National Coal-Mineral Industries Group', 'vinacomin', 'vinacomin.vn', 'https://storage.googleapis.com/factory-pulse-assets/logos/vinacomin-logo.png', 'State-owned mining and energy company', 'Mining', '{"timezone": "Asia/Ho_Chi_Minh", "default_language": "vi", "default_currency": "VND", "date_format": "DD/MM/YYYY", "time_format": "24h"}', 'enterprise', true, '2025-01-27T08:00:00.000Z', '2025-01-27T08:00:00.000Z'),
('550e8400-e29b-41d4-a716-446655440009', 'PetroVietnam', 'petro-vietnam', 'petro.vn', 'https://storage.googleapis.com/factory-pulse-assets/logos/petro-logo.png', 'Vietnam Oil and Gas Group', 'Oil & Gas', '{"timezone": "Asia/Ho_Chi_Minh", "default_language": "vi", "default_currency": "VND", "date_format": "DD/MM/YYYY", "time_format": "24h"}', 'enterprise', true, '2025-01-27T08:00:00.000Z', '2025-01-27T08:00:00.000Z'),
('550e8400-e29b-41d4-a716-446655440010', 'Viettel Group', 'viettel-group', 'viettel.com.vn', 'https://storage.googleapis.com/factory-pulse-assets/logos/viettel-logo.png', 'Leading telecommunications and technology company', 'Telecommunications', '{"timezone": "Asia/Ho_Chi_Minh", "default_language": "vi", "default_currency": "VND", "date_format": "DD/MM/YYYY", "time_format": "24h"}', 'enterprise', true, '2025-01-27T08:00:00.000Z', '2025-01-27T08:00:00.000Z'),
('550e8400-e29b-41d4-a716-446655440011', 'Siemens Vietnam Co., Ltd.', 'siemens-vietnam', 'siemens.vn', 'https://storage.googleapis.com/factory-pulse-assets/logos/siemens-logo.png', 'Industrial equipment and automation systems provider', 'Industrial Automation', '{"timezone": "Asia/Ho_Chi_Minh", "default_language": "en", "default_currency": "EUR", "date_format": "DD.MM.YYYY", "time_format": "24h"}', 'enterprise', true, '2025-01-27T08:00:00.000Z', '2025-01-27T08:00:00.000Z'),
('550e8400-e29b-41d4-a716-446655440012', 'Airbus Vietnam Co., Ltd.', 'airbus-vietnam', 'airbus.vn', 'https://storage.googleapis.com/factory-pulse-assets/logos/airbus-logo.png', 'Aircraft components and systems manufacturer', 'Aerospace', '{"timezone": "Asia/Ho_Chi_Minh", "default_language": "en", "default_currency": "EUR", "date_format": "DD.MM.YYYY", "time_format": "24h"}', 'enterprise', true, '2025-01-27T08:00:00.000Z', '2025-01-27T08:00:00.000Z'),
('550e8400-e29b-41d4-a716-446655440013', 'ABB Vietnam Co., Ltd.', 'abb-vietnam', 'abb.vn', 'https://storage.googleapis.com/factory-pulse-assets/logos/abb-logo.png', 'Power and automation technology provider', 'Industrial Automation', '{"timezone": "Asia/Ho_Chi_Minh", "default_language": "en", "default_currency": "EUR", "date_format": "DD.MM.YYYY", "time_format": "24h"}', 'enterprise', true, '2025-01-27T08:00:00.000Z', '2025-01-27T08:00:00.000Z'),
('550e8400-e29b-41d4-a716-446655440014', 'Precision Machining Co., Ltd.', 'precision-machining', 'precisionmachining.vn', 'https://storage.googleapis.com/factory-pulse-assets/logos/precision-machining-logo.png', 'High precision CNC machining services', 'Machining', '{"timezone": "Asia/Ho_Chi_Minh", "default_language": "vi", "default_currency": "VND", "date_format": "DD/MM/YYYY", "time_format": "24h"}', 'enterprise', true, '2025-01-27T08:00:00.000Z', '2025-01-27T08:00:00.000Z'),
('550e8400-e29b-41d4-a716-446655440015', 'Metal Fabrication Ltd.', 'metal-fabrication', 'metalfab.vn', 'https://storage.googleapis.com/factory-pulse-assets/logos/metal-fab-logo.png', 'Sheet metal fabrication and welding services', 'Metal Fabrication', '{"timezone": "Asia/Ho_Chi_Minh", "default_language": "vi", "default_currency": "VND", "date_format": "DD/MM/YYYY", "time_format": "24h"}', 'enterprise', true, '2025-01-27T08:00:00.000Z', '2025-01-27T08:00:00.000Z'),
('550e8400-e29b-41d4-a716-446655440016', 'Assembly Solutions Co., Ltd.', 'assembly-solutions', 'assemblysolutions.vn', 'https://storage.googleapis.com/factory-pulse-assets/logos/assembly-solutions-logo.png', 'Component assembly and testing services', 'Assembly', '{"timezone": "Asia/Ho_Chi_Minh", "default_language": "vi", "default_currency": "VND", "date_format": "DD/MM/YYYY", "time_format": "24h"}', 'enterprise', true, '2025-01-27T08:00:00.000Z', '2025-01-27T08:00:00.000Z'),
('550e8400-e29b-41d4-a716-446655440017', 'Surface Finishing Pro Co., Ltd.', 'surface-finishing-pro', 'surfacefinishing.vn', 'https://storage.googleapis.com/factory-pulse-assets/logos/surface-finishing-logo.png', 'Surface treatment and finishing services', 'Surface Finishing', '{"timezone": "Asia/Ho_Chi_Minh", "default_language": "vi", "default_currency": "VND", "date_format": "DD/MM/YYYY", "time_format": "24h"}', 'enterprise', true, '2025-01-27T08:00:00.000Z', '2025-01-27T08:00:00.000Z'),
('550e8400-e29b-41d4-a716-446655440018', 'Electronics Assembly Co., Ltd.', 'electronics-assembly', 'electronicsassembly.vn', 'https://storage.googleapis.com/factory-pulse-assets/logos/electronics-assembly-logo.png', 'PCB assembly and electronics manufacturing', 'Electronics Manufacturing', '{"timezone": "Asia/Ho_Chi_Minh", "default_language": "vi", "default_currency": "VND", "date_format": "DD/MM/YYYY", "time_format": "24h"}', 'enterprise', true, '2025-01-27T08:00:00.000Z', '2025-01-27T08:00:00.000Z'),
('550e8400-e29b-41d4-a716-446655440019', 'Quality Control Services Co., Ltd.', 'quality-control-services', 'qualitycontrol.vn', 'https://storage.googleapis.com/factory-pulse-assets/logos/quality-control-logo.png', 'Quality control and inspection services', 'Quality Control', '{"timezone": "Asia/Ho_Chi_Minh", "default_language": "vi", "default_currency": "VND", "date_format": "DD/MM/YYYY", "time_format": "24h"}', 'enterprise', true, '2025-01-27T08:00:00.000Z', '2025-01-27T08:00:00.000Z'),
('550e8400-e29b-41d4-a716-446655440020', 'Logistics Solutions Co., Ltd.', 'logistics-solutions', 'logisticssolutions.vn', 'https://storage.googleapis.com/factory-pulse-assets/logos/logistics-solutions-logo.png', 'Logistics and supply chain services', 'Logistics', '{"timezone": "Asia/Ho_Chi_Minh", "default_language": "vi", "default_currency": "VND", "date_format": "DD/MM/YYYY", "time_format": "24h"}', 'enterprise', true, '2025-01-27T08:00:00.000Z', '2025-01-27T08:00:00.000Z'),
('550e8400-e29b-41d4-a716-446655440021', 'Material Supply Co., Ltd.', 'material-supply', 'materialsupply.vn', 'https://storage.googleapis.com/factory-pulse-assets/logos/material-supply-logo.png', 'Raw materials and industrial supplies', 'Materials', '{"timezone": "Asia/Ho_Chi_Minh", "default_language": "vi", "default_currency": "VND", "date_format": "DD/MM/YYYY", "time_format": "24h"}', 'enterprise', true, '2025-01-27T08:00:00.000Z', '2025-01-27T08:00:00.000Z'),
('550e8400-e29b-41d4-a716-446655440022', 'Tooling Solutions Co., Ltd.', 'tooling-solutions', 'toolingsolutions.vn', 'https://storage.googleapis.com/factory-pulse-assets/logos/tooling-solutions-logo.png', 'Custom tooling and fixture manufacturing', 'Tooling', '{"timezone": "Asia/Ho_Chi_Minh", "default_language": "vi", "default_currency": "VND", "date_format": "DD/MM/YYYY", "time_format": "24h"}', 'enterprise', true, '2025-01-27T08:00:00.000Z', '2025-01-27T08:00:00.000Z'),
('550e8400-e29b-41d4-a716-446655440023', 'Packaging Services Co., Ltd.', 'packaging-services', 'packagingservices.vn', 'https://storage.googleapis.com/factory-pulse-assets/logos/packaging-services-logo.png', 'Custom packaging and crating services', 'Packaging', '{"timezone": "Asia/Ho_Chi_Minh", "default_language": "vi", "default_currency": "VND", "date_format": "DD/MM/YYYY", "time_format": "24h"}', 'enterprise', true, '2025-01-27T08:00:00.000Z', '2025-01-27T08:00:00.000Z'),
('550e8400-e29b-41d4-a716-446655440024', 'Calibration Lab Co., Ltd.', 'calibration-lab', 'calibrationlab.vn', 'https://storage.googleapis.com/factory-pulse-assets/logos/calibration-lab-logo.png', 'Measurement equipment calibration services', 'Calibration', '{"timezone": "Asia/Ho_Chi_Minh", "default_language": "vi", "default_currency": "VND", "date_format": "DD/MM/YYYY", "time_format": "24h"}', 'enterprise', true, '2025-01-27T08:00:00.000Z', '2025-01-27T08:00:00.000Z'),
('550e8400-e29b-41d4-a716-446655440025', 'Training Institute Co., Ltd.', 'training-institute', 'traininginstitute.vn', 'https://storage.googleapis.com/factory-pulse-assets/logos/training-institute-logo.png', 'Technical training and certification services', 'Training', '{"timezone": "Asia/Ho_Chi_Minh", "default_language": "vi", "default_currency": "VND", "date_format": "DD/MM/YYYY", "time_format": "24h"}', 'enterprise', true, '2025-01-27T08:00:00.000Z', '2025-01-27T08:00:00.000Z');

-- Step 2: Factory Pulse Vietnam Users (Internal Users)
-- These users will have authentication accounts created separately

INSERT INTO users (id, organization_id, email, name, role, department, phone, avatar_url, status, description, employee_id, direct_reports, last_login_at, preferences, created_at, updated_at) VALUES 
('550e8400-e29b-41d4-a716-446655440002', '550e8400-e29b-41d4-a716-446655440001', 'ceo@factorypulse.vn', 'Nguyễn Quang Minh', 'management', 'Executive', '+84-28-7300-0001', 'https://storage.googleapis.com/factory-pulse-assets/avatars/ceo.jpg', 'active', 'CEO and General Manager with 20+ years in manufacturing', 'EMP-NVM-550e', '["550e8400-e29b-41d4-a716-446655440003", "550e8400-e29b-41d4-a716-446655440004", "550e8400-e29b-41d4-a716-446655440012", "550e8400-e29b-41d4-a716-446655440013"]', '2025-01-27T07:30:00.000Z', '{"language": "vi", "timezone": "Asia/Ho_Chi_Minh", "theme": "dark", "notifications": {"email": true, "sms": true, "push": true}}', '2025-01-27T08:00:00.000Z', '2025-01-27T08:00:00.000Z'),
('550e8400-e29b-41d4-a716-446655440003', '550e8400-e29b-41d4-a716-446655440001', 'operations@factorypulse.vn', 'Trần Ngọc Hương', 'management', 'Operations', '+84-28-7300-0002', 'https://storage.googleapis.com/factory-pulse-assets/avatars/operations.jpg', 'active', 'Operations Manager overseeing production and quality', 'EMP-TTH-550e', '["550e8400-e29b-41d4-a716-446655440009", "550e8400-e29b-41d4-a716-446655440010", "550e8400-e29b-41d4-a716-446655440008", "550e8400-e29b-41d4-a716-446655440011"]', '2025-01-27T07:45:00.000Z', '{"language": "vi", "timezone": "Asia/Ho_Chi_Minh", "theme": "light", "notifications": {"email": true, "sms": false, "push": true}}', '2025-01-27T08:00:00.000Z', '2025-01-27T08:00:00.000Z'),
('550e8400-e29b-41d4-a716-446655440004', '550e8400-e29b-41d4-a716-446655440001', 'quality@factorypulse.vn', 'Lê Viết Tuấn', 'management', 'Quality', '+84-28-7300-0003', 'https://storage.googleapis.com/factory-pulse-assets/avatars/quality.jpg', 'active', 'Quality Manager ensuring compliance and standards', 'EMP-LVT-550e', '["550e8400-e29b-41d4-a716-446655440008", "550e8400-e29b-41d4-a716-446655440011"]', '2025-01-27T07:50:00.000Z', '{"language": "vi", "timezone": "Asia/Ho_Chi_Minh", "theme": "light", "notifications": {"email": true, "sms": true, "push": true}}', '2025-01-27T08:00:00.000Z', '2025-01-27T08:00:00.000Z'),
('550e8400-e29b-41d4-a716-446655440005', '550e8400-e29b-41d4-a716-446655440001', 'senior.engineer@factorypulse.vn', 'Phạm Văn Dũng', 'engineering', 'Engineering', '+84-28-7300-0004', 'https://storage.googleapis.com/factory-pulse-assets/avatars/senior-engineer.jpg', 'active', 'Senior Engineer with expertise in mechanical design', 'EMP-PVD-550e', '[]', '2025-01-27T08:00:00.000Z', '{"language": "en", "timezone": "Asia/Ho_Chi_Minh", "theme": "dark", "notifications": {"email": true, "sms": false, "push": true}}', '2025-01-27T08:00:00.000Z', '2025-01-27T08:00:00.000Z'),
('550e8400-e29b-41d4-a716-446655440006', '550e8400-e29b-41d4-a716-446655440001', 'mechanical@factorypulse.vn', 'Hoàng Thị Mai', 'engineering', 'Engineering', '+84-28-7300-0005', 'https://storage.googleapis.com/factory-pulse-assets/avatars/mechanical-engineer.jpg', 'active', 'Mechanical Engineer specializing in fabrication', 'EMP-HTM-550e', '["550e8400-e29b-41d4-a716-446655440005", "550e8400-e29b-41d4-a716-446655440007"]', '2025-01-27T08:05:00.000Z', '{"language": "vi", "timezone": "Asia/Ho_Chi_Minh", "theme": "light", "notifications": {"email": true, "sms": false, "push": true}}', '2025-01-27T08:00:00.000Z', '2025-01-27T08:00:00.000Z'),
('550e8400-e29b-41d4-a716-446655440007', '550e8400-e29b-41d4-a716-446655440001', 'electrical@factorypulse.vn', 'Vũ Văn Nam', 'engineering', 'Engineering', '+84-28-7300-0006', 'https://storage.googleapis.com/factory-pulse-assets/avatars/electrical-engineer.jpg', 'active', 'Electrical Engineer for controls and automation', 'EMP-VVN-550e', '[]', '2025-01-27T08:10:00.000Z', '{"language": "en", "timezone": "Asia/Ho_Chi_Minh", "theme": "dark", "notifications": {"email": true, "sms": false, "push": true}}', '2025-01-27T08:00:00.000Z', '2025-01-27T08:00:00.000Z'),
('550e8400-e29b-41d4-a716-446655440008', '550e8400-e29b-41d4-a716-446655440001', 'qa.engineer@factorypulse.vn', 'Ngô Thị Lan', 'qa', 'Quality Assurance', '+84-28-7300-0007', 'https://storage.googleapis.com/factory-pulse-assets/avatars/qa-engineer.jpg', 'active', 'QA Engineer ensuring product quality standards', 'EMP-NTL-550e', '[]', '2025-01-27T08:15:00.000Z', '{"language": "vi", "timezone": "Asia/Ho_Chi_Minh", "theme": "light", "notifications": {"email": true, "sms": true, "push": true}}', '2025-01-27T08:00:00.000Z', '2025-01-27T08:00:00.000Z'),
('550e8400-e29b-41d4-a716-446655440009', '550e8400-e29b-41d4-a716-446655440001', 'production@factorypulse.vn', 'Đặng Văn Hùng', 'production', 'Production', '+84-28-7300-0008', 'https://storage.googleapis.com/factory-pulse-assets/avatars/production-supervisor.jpg', 'active', 'Production Supervisor managing manufacturing operations', 'EMP-DVH-550e', '["550e8400-e29b-41d4-a716-446655440010"]', '2025-01-27T08:20:00.000Z', '{"language": "vi", "timezone": "Asia/Ho_Chi_Minh", "theme": "light", "notifications": {"email": true, "sms": true, "push": true}}', '2025-01-27T08:00:00.000Z', '2025-01-27T08:00:00.000Z'),
('550e8400-e29b-41d4-a716-446655440010', '550e8400-e29b-41d4-a716-446655440001', 'team.lead@factorypulse.vn', 'Lý Văn Thành', 'production', 'Production', '+84-28-7300-0009', 'https://storage.googleapis.com/factory-pulse-assets/avatars/team-lead.jpg', 'active', 'Team Lead coordinating assembly operations', 'EMP-LVT-550e', '[]', '2025-01-27T08:25:00.000Z', '{"language": "vi", "timezone": "Asia/Ho_Chi_Minh", "theme": "light", "notifications": {"email": true, "sms": false, "push": true}}', '2025-01-27T08:00:00.000Z', '2025-01-27T08:00:00.000Z'),
('550e8400-e29b-41d4-a716-446655440011', '550e8400-e29b-41d4-a716-446655440001', 'quality.inspector@factorypulse.vn', 'Bùi Thị Hoa', 'qa', 'Quality Assurance', '+84-28-7300-0010', 'https://storage.googleapis.com/factory-pulse-assets/avatars/quality-inspector.jpg', 'active', 'Quality Inspector performing final quality checks', 'EMP-BTH-550e', '[]', '2025-01-27T08:30:00.000Z', '{"language": "vi", "timezone": "Asia/Ho_Chi_Minh", "theme": "light", "notifications": {"email": true, "sms": true, "push": true}}', '2025-01-27T08:00:00.000Z', '2025-01-27T08:00:00.000Z'),
('550e8400-e29b-41d4-a716-446655440012', '550e8400-e29b-41d4-a716-446655440001', 'sales@factorypulse.vn', 'Trịnh Văn Sơn', 'sales', 'Sales', '+84-28-7300-0011', 'https://storage.googleapis.com/factory-pulse-assets/avatars/sales-manager.jpg', 'active', 'Sales Manager managing customer relationships', 'EMP-TVS-550e', '["550e8400-e29b-41d4-a716-446655440016"]', '2025-01-27T08:35:00.000Z', '{"language": "vi", "timezone": "Asia/Ho_Chi_Minh", "theme": "light", "notifications": {"email": true, "sms": true, "push": true}}', '2025-01-27T08:00:00.000Z', '2025-01-27T08:00:00.000Z'),
('550e8400-e29b-41d4-a716-446655440013', '550e8400-e29b-41d4-a716-446655440001', 'procurement@factorypulse.vn', 'Đỗ Thị Nga', 'procurement', 'Procurement', '+84-28-7300-0012', 'https://storage.googleapis.com/factory-pulse-assets/avatars/procurement-specialist.jpg', 'active', 'Procurement Specialist managing supplier relationships', 'EMP-ĐTN-550e', '["550e8400-e29b-41d4-a716-446655440014"]', '2025-01-27T08:40:00.000Z', '{"language": "vi", "timezone": "Asia/Ho_Chi_Minh", "theme": "light", "notifications": {"email": true, "sms": false, "push": true}}', '2025-01-27T08:00:00.000Z', '2025-01-27T08:00:00.000Z'),
('550e8400-e29b-41d4-a716-446655440014', '550e8400-e29b-41d4-a716-446655440001', 'coordinator@factorypulse.vn', 'Võ Văn Phúc', 'procurement', 'Project Management', '+84-28-7300-0013', 'https://storage.googleapis.com/factory-pulse-assets/avatars/project-coordinator.jpg', 'active', 'Project Coordinator tracking project progress', 'EMP-VVP-550e', '[]', '2025-01-27T08:45:00.000Z', '{"language": "vi", "timezone": "Asia/Ho_Chi_Minh", "theme": "light", "notifications": {"email": true, "sms": true, "push": true}}', '2025-01-27T08:00:00.000Z', '2025-01-27T08:00:00.000Z'),
('550e8400-e29b-41d4-a716-446655440015', '550e8400-e29b-41d4-a716-446655440001', 'admin@factorypulse.vn', 'Lê Văn An', 'admin', 'IT', '+84-28-7300-0014', 'https://storage.googleapis.com/factory-pulse-assets/avatars/system-admin.jpg', 'active', 'System Administrator managing technical infrastructure', 'EMP-LVA-550e', '[]', '2025-01-27T08:50:00.000Z', '{"language": "en", "timezone": "Asia/Ho_Chi_Minh", "theme": "dark", "notifications": {"email": true, "sms": true, "push": true}}', '2025-01-27T08:00:00.000Z', '2025-01-27T08:00:00.000Z'),
('550e8400-e29b-41d4-a716-446655440016', '550e8400-e29b-41d4-a716-446655440001', 'support@factorypulse.vn', 'Phan Thị Thảo', 'sales', 'Customer Service', '+84-28-7300-0015', 'https://storage.googleapis.com/factory-pulse-assets/avatars/customer-service.jpg', 'active', 'Customer Service representative providing support', 'EMP-PTT-550e', '[]', '2025-01-27T08:55:00.000Z', '{"language": "vi", "timezone": "Asia/Ho_Chi_Minh", "theme": "light", "notifications": {"email": true, "sms": false, "push": true}}', '2025-01-27T08:00:00.000Z', '2025-01-27T08:00:00.000Z');

-- Step 3: Workflow Stages
-- Creating workflow stages (no user references)

INSERT INTO workflow_stages (id, name, description, order_index, is_active, estimated_duration_days) VALUES 
(uuid_generate_v4(), 'Inquiry Received', 'Initial customer inquiry received and logged', 1, true, 1),
(uuid_generate_v4(), 'Technical Review', 'Engineering team reviews technical requirements', 2, true, 3),
(uuid_generate_v4(), 'Supplier RFQ', 'Request for quotes from suppliers', 3, true, 5),
(uuid_generate_v4(), 'Quoted', 'Price and timeline provided to customer', 4, true, 2),
(uuid_generate_v4(), 'Order Confirmed', 'Customer confirms order and payment', 5, true, 1),
(uuid_generate_v4(), 'Procurement Planning', 'Materials and resources planning', 6, true, 3),
(uuid_generate_v4(), 'In Production', 'Manufacturing and assembly in progress', 7, true, 15),
(uuid_generate_v4(), 'Shipped & Closed', 'Product shipped and project closed', 8, true, 2);
