-- Factory Pulse Sample Data Import Script
-- Generated on: 2025-08-28T00:25:03.811Z
-- Total tables: 10
-- Total records: 175

-- Tables to be imported: organizations, workflow_stages, users, contacts, projects, documents, reviews, messages, notifications, activity_log

-- IMPORTANT: Run this script in your Supabase database
-- You can use the Supabase Dashboard SQL Editor or any PostgreSQL client

-- Import data for organizations table
INSERT INTO organizations (id, name, description, industry, size, status, created_at, updated_at) VALUES
  ('550e8400-e29b-41d4-a716-446655440001', 'Factory Pulse Vietnam Co., Ltd.', NULL, NULL, NULL, NULL, '2025-01-27T08:00:00.000Z', '2025-01-27T08:00:00.000Z');

-- Import data for workflow_stages table
INSERT INTO workflow_stages (id, organization_id, name, description, order_index, status, created_at, updated_at) VALUES
  ('550e8400-e29b-41d4-a716-446655440201', '550e8400-e29b-41d4-a716-446655440001', 'Inquiry Received', 'Customer RFQ submitted and initial review completed', NULL, NULL, '2025-01-27T08:00:00.000Z', '2025-01-27T08:00:00.000Z'),
  ('550e8400-e29b-41d4-a716-446655440202', '550e8400-e29b-41d4-a716-446655440001', 'Technical Review', 'Engineering, QA, and Production teams review technical requirements', NULL, NULL, '2025-01-27T08:00:00.000Z', '2025-01-27T08:00:00.000Z'),
  ('550e8400-e29b-41d4-a716-446655440203', '550e8400-e29b-41d4-a716-446655440001', 'Supplier RFQ Sent', 'RFQs sent to qualified suppliers for component pricing and lead times', NULL, NULL, '2025-01-27T08:00:00.000Z', '2025-01-27T08:00:00.000Z'),
  ('550e8400-e29b-41d4-a716-446655440204', '550e8400-e29b-41d4-a716-446655440001', 'Quoted', 'Customer quote generated and sent based on supplier responses', NULL, NULL, '2025-01-27T08:00:00.000Z', '2025-01-27T08:00:00.000Z'),
  ('550e8400-e29b-41d4-a716-446655440205', '550e8400-e29b-41d4-a716-446655440001', 'Order Confirmed', 'Customer accepted quote and order confirmed', NULL, NULL, '2025-01-27T08:00:00.000Z', '2025-01-27T08:00:00.000Z'),
  ('550e8400-e29b-41d4-a716-446655440206', '550e8400-e29b-41d4-a716-446655440001', 'Procurement Planning', 'BOM finalized, purchase orders issued, material planning completed', NULL, NULL, '2025-01-27T08:00:00.000Z', '2025-01-27T08:00:00.000Z'),
  ('550e8400-e29b-41d4-a716-446655440207', '550e8400-e29b-41d4-a716-446655440001', 'In Production', 'Manufacturing, assembly, and quality control in progress', NULL, NULL, '2025-01-27T08:00:00.000Z', '2025-01-27T08:00:00.000Z'),
  ('550e8400-e29b-41d4-a716-446655440208', '550e8400-e29b-41d4-a716-446655440001', 'Shipped & Closed', 'Product shipped to customer and project completed', NULL, NULL, '2025-01-27T08:00:00.000Z', '2025-01-27T08:00:00.000Z');

-- Import data for users table
INSERT INTO users (id, organization_id, email, first_name, last_name, role, status, created_at, updated_at) VALUES
  ('550e8400-e29b-41d4-a716-446655440002', '550e8400-e29b-41d4-a716-446655440001', 'ceo@factorypulse.vn', NULL, NULL, 'management', 'active', '2025-01-27T08:00:00.000Z', '2025-01-27T08:00:00.000Z'),
  ('550e8400-e29b-41d4-a716-446655440003', '550e8400-e29b-41d4-a716-446655440001', 'operations@factorypulse.vn', NULL, NULL, 'management', 'active', '2025-01-27T08:00:00.000Z', '2025-01-27T08:00:00.000Z'),
  ('550e8400-e29b-41d4-a716-446655440004', '550e8400-e29b-41d4-a716-446655440001', 'quality@factorypulse.vn', NULL, NULL, 'management', 'active', '2025-01-27T08:00:00.000Z', '2025-01-27T08:00:00.000Z'),
  ('550e8400-e29b-41d4-a716-446655440005', '550e8400-e29b-41d4-a716-446655440001', 'senior.engineer@factorypulse.vn', NULL, NULL, 'engineering', 'active', '2025-01-27T08:00:00.000Z', '2025-01-27T08:00:00.000Z'),
  ('550e8400-e29b-41d4-a716-446655440006', '550e8400-e29b-41d4-a716-446655440001', 'mechanical@factorypulse.vn', NULL, NULL, 'engineering', 'active', '2025-01-27T08:00:00.000Z', '2025-01-27T08:00:00.000Z'),
  ('550e8400-e29b-41d4-a716-446655440007', '550e8400-e29b-41d4-a716-446655440001', 'electrical@factorypulse.vn', NULL, NULL, 'engineering', 'active', '2025-01-27T08:00:00.000Z', '2025-01-27T08:00:00.000Z'),
  ('550e8400-e29b-41d4-a716-446655440008', '550e8400-e29b-41d4-a716-446655440001', 'qa.engineer@factorypulse.vn', NULL, NULL, 'qa', 'active', '2025-01-27T08:00:00.000Z', '2025-01-27T08:00:00.000Z'),
  ('550e8400-e29b-41d4-a716-446655440009', '550e8400-e29b-41d4-a716-446655440001', 'production@factorypulse.vn', NULL, NULL, 'production', 'active', '2025-01-27T08:00:00.000Z', '2025-01-27T08:00:00.000Z'),
  ('550e8400-e29b-41d4-a716-446655440010', '550e8400-e29b-41d4-a716-446655440001', 'team.lead@factorypulse.vn', NULL, NULL, 'production', 'active', '2025-01-27T08:00:00.000Z', '2025-01-27T08:00:00.000Z'),
  ('550e8400-e29b-41d4-a716-446655440011', '550e8400-e29b-41d4-a716-446655440001', 'quality.inspector@factorypulse.vn', NULL, NULL, 'qa', 'active', '2025-01-27T08:00:00.000Z', '2025-01-27T08:00:00.000Z'),
  ('550e8400-e29b-41d4-a716-446655440012', '550e8400-e29b-41d4-a716-446655440001', 'sales@factorypulse.vn', NULL, NULL, 'sales', 'active', '2025-01-27T08:00:00.000Z', '2025-01-27T08:00:00.000Z'),
  ('550e8400-e29b-41d4-a716-446655440013', '550e8400-e29b-41d4-a716-446655440001', 'procurement@factorypulse.vn', NULL, NULL, 'procurement', 'active', '2025-01-27T08:00:00.000Z', '2025-01-27T08:00:00.000Z'),
  ('550e8400-e29b-41d4-a716-446655440014', '550e8400-e29b-41d4-a716-446655440001', 'coordinator@factorypulse.vn', NULL, NULL, 'procurement', 'active', '2025-01-27T08:00:00.000Z', '2025-01-27T08:00:00.000Z'),
  ('550e8400-e29b-41d4-a716-446655440015', '550e8400-e29b-41d4-a716-446655440001', 'admin@factorypulse.vn', NULL, NULL, 'admin', 'active', '2025-01-27T08:00:00.000Z', '2025-01-27T08:00:00.000Z'),
  ('550e8400-e29b-41d4-a716-446655440016', '550e8400-e29b-41d4-a716-446655440001', 'support@factorypulse.vn', NULL, NULL, 'sales', 'active', '2025-01-27T08:00:00.000Z', '2025-01-27T08:00:00.000Z');

-- Import data for contacts table
INSERT INTO contacts (id, organization_id, contact_type, name, email, phone, address, city, country, status, created_at, updated_at) VALUES
  ('550e8400-e29b-41d4-a716-446655440101', '550e8400-e29b-41d4-a716-446655440001', NULL, NULL, 'procurement@toyota.vn', '+84-28-7300-1001', '123 Đường Võ Văn Ngân, Quận Thủ Đức', 'Ho Chi Minh City', 'Vietnam', NULL, '2025-01-27T08:00:00.000Z', '2025-01-27T08:00:00.000Z'),
  ('550e8400-e29b-41d4-a716-446655440102', '550e8400-e29b-41d4-a716-446655440001', NULL, NULL, 'purchasing@honda.vn', '+84-28-7300-1002', '456 Đường Lê Văn Việt, Quận 9', 'Ho Chi Minh City', 'Vietnam', NULL, '2025-01-27T08:00:00.000Z', '2025-01-27T08:00:00.000Z'),
  ('550e8400-e29b-41d4-a716-446655440103', '550e8400-e29b-41d4-a716-446655440001', NULL, NULL, 'supply.chain@boeing.vn', '+84-28-7300-1003', '789 Đường Mai Chí Thọ, Quận 2', 'Ho Chi Minh City', 'Vietnam', NULL, '2025-01-27T08:00:00.000Z', '2025-01-27T08:00:00.000Z'),
  ('550e8400-e29b-41d4-a716-446655440104', '550e8400-e29b-41d4-a716-446655440001', NULL, NULL, 'procurement@samsung.vn', '+84-28-7300-1004', '321 Đường Nguyễn Thị Thập, Quận 7', 'Ho Chi Minh City', 'Vietnam', NULL, '2025-01-27T08:00:00.000Z', '2025-01-27T08:00:00.000Z'),
  ('550e8400-e29b-41d4-a716-446655440105', '550e8400-e29b-41d4-a716-446655440001', NULL, NULL, 'purchasing@siemens.vn', '+84-28-7300-1005', '654 Đường Võ Trường Toản, Quận 1', 'Ho Chi Minh City', 'Vietnam', NULL, '2025-01-27T08:00:00.000Z', '2025-01-27T08:00:00.000Z'),
  ('550e8400-e29b-41d4-a716-446655440106', '550e8400-e29b-41d4-a716-446655440001', NULL, NULL, 'procurement@lg.vn', '+84-28-7300-1006', '987 Đường Nguyễn Hữu Thọ, Quận 7', 'Ho Chi Minh City', 'Vietnam', NULL, '2025-01-27T08:00:00.000Z', '2025-01-27T08:00:00.000Z'),
  ('550e8400-e29b-41d4-a716-446655440107', '550e8400-e29b-41d4-a716-446655440001', NULL, NULL, 'supply.chain@airbus.vn', '+84-28-7300-1007', '456 Đường Võ Nguyên Giáp, Quận 2', 'Ho Chi Minh City', 'Vietnam', NULL, '2025-01-27T08:00:00.000Z', '2025-01-27T08:00:00.000Z'),
  ('550e8400-e29b-41d4-a716-446655440108', '550e8400-e29b-41d4-a716-446655440001', NULL, NULL, 'purchasing@abb.vn', '+84-28-7300-1008', '789 Đường Lê Lợi, Quận 1', 'Ho Chi Minh City', 'Vietnam', NULL, '2025-01-27T08:00:00.000Z', '2025-01-27T08:00:00.000Z'),
  ('550e8400-e29b-41d4-a716-446655440109', '550e8400-e29b-41d4-a716-446655440001', NULL, NULL, 'sales@precisionmachining.vn', '+84-28-7300-2001', '123 Đường Tân Phú, Quận 7', 'Ho Chi Minh City', 'Vietnam', NULL, '2025-01-27T08:00:00.000Z', '2025-01-27T08:00:00.000Z'),
  ('550e8400-e29b-41d4-a716-446655440110', '550e8400-e29b-41d4-a716-446655440001', NULL, NULL, 'info@metalfab.vn', '+84-28-7300-2002', '456 Đường Bình Thới, Quận 11', 'Ho Chi Minh City', 'Vietnam', NULL, '2025-01-27T08:00:00.000Z', '2025-01-27T08:00:00.000Z'),
  ('550e8400-e29b-41d4-a716-446655440111', '550e8400-e29b-41d4-a716-446655440001', NULL, NULL, 'contact@assemblysolutions.vn', '+84-28-7300-2003', '789 Đường Lý Thường Kiệt, Quận 10', 'Ho Chi Minh City', 'Vietnam', NULL, '2025-01-27T08:00:00.000Z', '2025-01-27T08:00:00.000Z'),
  ('550e8400-e29b-41d4-a716-446655440112', '550e8400-e29b-41d4-a716-446655440001', NULL, NULL, 'sales@surfacefinishing.vn', '+84-28-7300-2004', '321 Đường Trần Hưng Đạo, Quận 1', 'Ho Chi Minh City', 'Vietnam', NULL, '2025-01-27T08:00:00.000Z', '2025-01-27T08:00:00.000Z'),
  ('550e8400-e29b-41d4-a716-446655440113', '550e8400-e29b-41d4-a716-446655440001', NULL, NULL, 'info@electronicsassembly.vn', '+84-28-7300-2005', '654 Đường Nguyễn Thị Minh Khai, Quận 3', 'Ho Chi Minh City', 'Vietnam', NULL, '2025-01-27T08:00:00.000Z', '2025-01-27T08:00:00.000Z'),
  ('550e8400-e29b-41d4-a716-446655440114', '550e8400-e29b-41d4-a716-446655440001', NULL, NULL, 'contact@qualitycontrol.vn', '+84-28-7300-2006', '987 Đường Võ Văn Tần, Quận 3', 'Ho Chi Minh City', 'Vietnam', NULL, '2025-01-27T08:00:00.000Z', '2025-01-27T08:00:00.000Z'),
  ('550e8400-e29b-41d4-a716-446655440115', '550e8400-e29b-41d4-a716-446655440001', NULL, NULL, 'info@logisticssolutions.vn', '+84-28-7300-2007', '456 Đường Nguyễn Huệ, Quận 1', 'Ho Chi Minh City', 'Vietnam', NULL, '2025-01-27T08:00:00.000Z', '2025-01-27T08:00:00.000Z'),
  ('550e8400-e29b-41d4-a716-446655440116', '550e8400-e29b-41d4-a716-446655440001', NULL, NULL, 'sales@materialsupply.vn', '+84-28-7300-2008', '789 Đường Lê Duẩn, Quận 1', 'Ho Chi Minh City', 'Vietnam', NULL, '2025-01-27T08:00:00.000Z', '2025-01-27T08:00:00.000Z'),
  ('550e8400-e29b-41d4-a716-446655440117', '550e8400-e29b-41d4-a716-446655440001', NULL, NULL, 'contact@toolingsolutions.vn', '+84-28-7300-2009', '123 Đường Pasteur, Quận 1', 'Ho Chi Minh City', 'Vietnam', NULL, '2025-01-27T08:00:00.000Z', '2025-01-27T08:00:00.000Z'),
  ('550e8400-e29b-41d4-a716-446655440118', '550e8400-e29b-41d4-a716-446655440001', NULL, NULL, 'info@packagingservices.vn', '+84-28-7300-2010', '456 Đường Điện Biên Phủ, Quận 3', 'Ho Chi Minh City', 'Vietnam', NULL, '2025-01-27T08:00:00.000Z', '2025-01-27T08:00:00.000Z'),
  ('550e8400-e29b-41d4-a716-446655440119', '550e8400-e29b-41d4-a716-446655440001', NULL, NULL, 'contact@calibrationlab.vn', '+84-28-7300-2011', '789 Đường Hai Bà Trưng, Quận 1', 'Ho Chi Minh City', 'Vietnam', NULL, '2025-01-27T08:00:00.000Z', '2025-01-27T08:00:00.000Z'),
  ('550e8400-e29b-41d4-a716-446655440120', '550e8400-e29b-41d4-a716-446655440001', NULL, NULL, 'info@traininginstitute.vn', '+84-28-7300-2012', '123 Đường Nguyễn Thị Nghĩa, Quận 1', 'Ho Chi Minh City', 'Vietnam', NULL, '2025-01-27T08:00:00.000Z', '2025-01-27T08:00:00.000Z');

-- Import data for projects table
INSERT INTO projects (id, organization_id, customer_id, title, description, project_type, status, current_stage_id, priority, start_date, due_date, budget, created_at, updated_at) VALUES
  ('550e8400-e29b-41d4-a716-446655440301', '550e8400-e29b-41d4-a716-446655440001', '550e8400-e29b-41d4-a716-446655440101', 'Automotive Bracket Assembly', 'High-precision automotive bracket assembly for Toyota Vietnam, including welding, machining, and quality inspection', NULL, 'active', '550e8400-e29b-41d4-a716-446655440206', NULL, NULL, NULL, NULL, '2025-01-27T08:00:00.000Z', '2025-01-27T08:00:00.000Z'),
  ('550e8400-e29b-41d4-a716-446655440302', '550e8400-e29b-41d4-a716-446655440001', '550e8400-e29b-41d4-a716-446655440102', 'Motorcycle Frame Welding', 'Motorcycle frame welding project for Honda Vietnam, including jig design and quality assurance', NULL, 'active', '550e8400-e29b-41d4-a716-446655440202', NULL, NULL, NULL, NULL, '2025-01-27T08:00:00.000Z', '2025-01-27T08:00:00.000Z'),
  ('550e8400-e29b-41d4-a716-446655440303', '550e8400-e29b-41d4-a716-446655440001', '550e8400-e29b-41d4-a716-446655440103', 'Aircraft Landing Gear Bracket', 'High-precision aircraft landing gear bracket for Boeing Vietnam, aerospace-grade materials and certification', NULL, 'active', '550e8400-e29b-41d4-a716-446655440203', NULL, NULL, NULL, NULL, '2025-01-27T08:00:00.000Z', '2025-01-27T08:00:00.000Z'),
  ('550e8400-e29b-41d4-a716-446655440304', '550e8400-e29b-41d4-a716-446655440001', '550e8400-e29b-41d4-a716-446655440105', 'Industrial Control Panel Housing', 'Industrial control panel housing for Siemens Vietnam, including mounting brackets and cable management', NULL, 'delayed', '550e8400-e29b-41d4-a716-446655440202', NULL, NULL, NULL, NULL, '2025-01-27T08:00:00.000Z', '2025-01-27T08:00:00.000Z'),
  ('550e8400-e29b-41d4-a716-446655440305', '550e8400-e29b-41d4-a716-446655440001', '550e8400-e29b-41d4-a716-446655440105', 'Power System Enclosure', 'Power system enclosure for ABB Vietnam, high-voltage safety requirements and thermal management', NULL, 'active', '550e8400-e29b-41d4-a716-446655440207', NULL, NULL, NULL, NULL, '2025-01-27T08:00:00.000Z', '2025-01-27T08:00:00.000Z'),
  ('550e8400-e29b-41d4-a716-446655440306', '550e8400-e29b-41d4-a716-446655440001', '550e8400-e29b-41d4-a716-446655440104', 'Electronics Chassis Assembly', 'Electronics chassis assembly for Samsung Vietnam, including PCB mounting and cooling system', NULL, 'active', '550e8400-e29b-41d4-a716-446655440204', NULL, NULL, NULL, NULL, '2025-01-27T08:00:00.000Z', '2025-01-27T08:00:00.000Z'),
  ('550e8400-e29b-41d4-a716-446655440307', '550e8400-e29b-41d4-a716-446655440001', '550e8400-e29b-41d4-a716-446655440104', 'Display Mounting Brackets', 'Display mounting brackets for LG Vietnam, adjustable mounting system with cable management', NULL, 'on_hold', '550e8400-e29b-41d4-a716-446655440201', NULL, NULL, NULL, NULL, '2025-01-27T08:00:00.000Z', '2025-01-27T08:00:00.000Z'),
  ('550e8400-e29b-41d4-a716-446655440308', '550e8400-e29b-41d4-a716-446655440001', '550e8400-e29b-41d4-a716-446655440103', 'Aerospace Component Fixture', 'Aerospace component fixture for Airbus Vietnam, precision tooling for aircraft parts assembly', NULL, 'active', '550e8400-e29b-41d4-a716-446655440202', NULL, NULL, NULL, NULL, '2025-01-27T08:00:00.000Z', '2025-01-27T08:00:00.000Z'),
  ('550e8400-e29b-41d4-a716-446655440309', '550e8400-e29b-41d4-a716-446655440001', '550e8400-e29b-41d4-a716-446655440101', 'Automotive Suspension Parts', 'Automotive suspension parts for Toyota Vietnam, including control arms and mounting brackets', NULL, 'active', '550e8400-e29b-41d4-a716-446655440203', NULL, NULL, NULL, NULL, '2025-01-27T08:00:00.000Z', '2025-01-27T08:00:00.000Z'),
  ('550e8400-e29b-41d4-a716-446655440310', '550e8400-e29b-41d4-a716-446655440001', '550e8400-e29b-41d4-a716-446655440105', 'Industrial Equipment Housing', 'Industrial equipment housing for Siemens Vietnam, modular design with access panels', NULL, 'active', '550e8400-e29b-41d4-a716-446655440207', NULL, NULL, NULL, NULL, '2025-01-27T08:00:00.000Z', '2025-01-27T08:00:00.000Z'),
  ('550e8400-e29b-41d4-a716-446655440311', '550e8400-e29b-41d4-a716-446655440001', '550e8400-e29b-41d4-a716-446655440104', 'Mass Production Assembly Line', 'Mass production assembly line for Samsung Vietnam, automated assembly with quality control stations', NULL, 'active', '550e8400-e29b-41d4-a716-446655440206', NULL, NULL, NULL, NULL, '2025-01-27T08:00:00.000Z', '2025-01-27T08:00:00.000Z'),
  ('550e8400-e29b-41d4-a716-446655440312', '550e8400-e29b-41d4-a716-446655440001', '550e8400-e29b-41d4-a716-446655440102', 'Automotive Component Assembly', 'Automotive component assembly for Honda Vietnam, engine components with testing and validation', NULL, 'active', '550e8400-e29b-41d4-a716-446655440207', NULL, NULL, NULL, NULL, '2025-01-27T08:00:00.000Z', '2025-01-27T08:00:00.000Z'),
  ('550e8400-e29b-41d4-a716-446655440313', '550e8400-e29b-41d4-a716-446655440001', '550e8400-e29b-41d4-a716-446655440104', 'Electronics Manufacturing Batch', 'Electronics manufacturing batch for LG Vietnam, PCB assembly with surface mount technology', NULL, 'delayed', '550e8400-e29b-41d4-a716-446655440202', NULL, NULL, NULL, NULL, '2025-01-27T08:00:00.000Z', '2025-01-27T08:00:00.000Z'),
  ('550e8400-e29b-41d4-a716-446655440314', '550e8400-e29b-41d4-a716-446655440001', '550e8400-e29b-41d4-a716-446655440105', 'Industrial Equipment Assembly', 'Industrial equipment assembly for ABB Vietnam, power distribution systems with safety features', NULL, 'active', '550e8400-e29b-41d4-a716-446655440205', NULL, NULL, NULL, NULL, '2025-01-27T08:00:00.000Z', '2025-01-27T08:00:00.000Z'),
  ('550e8400-e29b-41d4-a716-446655440315', '550e8400-e29b-41d4-a716-446655440001', '550e8400-e29b-41d4-a716-446655440103', 'Aerospace Component Production', 'Aerospace component production for Boeing Vietnam, landing gear components with certification', NULL, 'active', '550e8400-e29b-41d4-a716-446655440203', NULL, NULL, NULL, NULL, '2025-01-27T08:00:00.000Z', '2025-01-27T08:00:00.000Z'),
  ('550e8400-e29b-41d4-a716-446655440316', '550e8400-e29b-41d4-a716-446655440001', NULL, 'Complete MES System Integration', 'Complete Manufacturing Execution System integration for Factory Pulse internal use, including hardware and software', NULL, 'active', '550e8400-e29b-41d4-a716-446655440207', NULL, NULL, NULL, NULL, '2025-01-27T08:00:00.000Z', '2025-01-27T08:00:00.000Z'),
  ('550e8400-e29b-41d4-a716-446655440317', '550e8400-e29b-41d4-a716-446655440001', NULL, 'Quality Control System Assembly', 'Quality Control System assembly for Factory Pulse internal use, automated inspection and testing', NULL, 'active', '550e8400-e29b-41d4-a716-446655440202', NULL, NULL, NULL, NULL, '2025-01-27T08:00:00.000Z', '2025-01-27T08:00:00.000Z');

-- Import data for documents table
INSERT INTO documents (id, organization_id, project_id, title, description, file_type, file_size, file_path, category, status, version, uploaded_by, uploaded_at, metadata, tags) VALUES
  ('550e8400-e29b-41d4-a716-446655440401', '550e8400-e29b-41d4-a716-446655440001', '550e8400-e29b-41d4-a716-446655440301', 'RFQ - Automotive Bracket Assembly', 'Request for quotation for automotive bracket assembly project', 'pdf', '2048576', '/documents/rfq/P-25012701_RFQ.pdf', 'rfq', 'active', '1.0', '550e8400-e29b-41d4-a716-446655440012', '2025-01-27T08:00:00.000Z', '{"customer":"Toyota Vietnam","project_type":"fabrication","priority":"high"}', '["rfq","automotive","bracket","welding"]'),
  ('550e8400-e29b-41d4-a716-446655440402', '550e8400-e29b-41d4-a716-446655440001', '550e8400-e29b-41d4-a716-446655440301', 'Technical Drawing - Bracket Assembly', 'Detailed technical drawing for automotive bracket assembly', 'dwg', '1048576', '/documents/drawings/P-25012701_drawing.dwg', 'drawing', 'active', '2.1', '550e8400-e29b-41d4-a716-446655440005', '2025-01-27T09:00:00.000Z', '{"customer":"Toyota Vietnam","project_type":"fabrication","tolerance":"±0.1mm"}', '["drawing","technical","bracket","assembly"]'),
  ('550e8400-e29b-41d4-a716-446655440403', '550e8400-e29b-41d4-a716-446655440001', '550e8400-e29b-41d4-a716-446655440301', 'BOM - Bracket Components', 'Bill of materials for automotive bracket assembly', 'xlsx', '512000', '/documents/bom/P-25012701_BOM.xlsx', 'bom', 'active', '1.0', '550e8400-e29b-41d4-a716-446655440009', '2025-01-27T10:00:00.000Z', '{"customer":"Toyota Vietnam","project_type":"fabrication","material":"steel"}', '["bom","components","materials","steel"]'),
  ('550e8400-e29b-41d4-a716-446655440404', '550e8400-e29b-41d4-a716-446655440001', '550e8400-e29b-41d4-a716-446655440301', 'Supplier Quote - Precision Machining', 'Quote from Precision Machining Co. for bracket components', 'pdf', '1536000', '/documents/quotes/P-25012701_quote_precision.pdf', 'quote', 'active', '1.0', '550e8400-e29b-41d4-a716-446655440013', '2025-01-27T11:00:00.000Z', '{"supplier":"Precision Machining Co.","project_type":"fabrication","amount":"25000000"}', '["quote","supplier","machining","components"]'),
  ('550e8400-e29b-41d4-a716-446655440405', '550e8400-e29b-41d4-a716-446655440001', '550e8400-e29b-41d4-a716-446655440302', 'RFQ - Motorcycle Frame Welding', 'Request for quotation for motorcycle frame welding project', 'pdf', '1792000', '/documents/rfq/P-25012702_RFQ.pdf', 'rfq', 'active', '1.0', '550e8400-e29b-41d4-a716-446655440012', '2025-01-27T08:30:00.000Z', '{"customer":"Honda Vietnam","project_type":"fabrication","priority":"medium"}', '["rfq","motorcycle","frame","welding"]'),
  ('550e8400-e29b-41d4-a716-446655440406', '550e8400-e29b-41d4-a716-446655440001', '550e8400-e29b-41d4-a716-446655440302', 'Jig Design - Frame Welding', 'Welding jig design for motorcycle frame assembly', 'dwg', '2048000', '/documents/drawings/P-25012702_jig.dwg', 'drawing', 'active', '1.0', '550e8400-e29b-41d4-a716-446655440006', '2025-01-27T09:30:00.000Z', '{"customer":"Honda Vietnam","project_type":"fabrication","material":"aluminum"}', '["drawing","jig","welding","frame"]'),
  ('550e8400-e29b-41d4-a716-446655440407', '550e8400-e29b-41d4-a716-446655440001', '550e8400-e29b-41d4-a716-446655440302', 'Supplier Quote - Metal Fabrication', 'Quote from Metal Fabrication Ltd. for frame welding', 'pdf', '1280000', '/documents/quotes/P-25012702_quote_metalfab.pdf', 'quote', 'active', '1.0', '550e8400-e29b-41d4-a716-446655440013', '2025-01-27T11:30:00.000Z', '{"supplier":"Metal Fabrication Ltd.","project_type":"fabrication","amount":"18000000"}', '["quote","supplier","fabrication","welding"]'),
  ('550e8400-e29b-41d4-a716-446655440408', '550e8400-e29b-41d4-a716-446655440001', '550e8400-e29b-41d4-a716-446655440303', 'RFQ - Aircraft Landing Gear Bracket', 'Request for quotation for aerospace landing gear bracket', 'pdf', '2560000', '/documents/rfq/P-25012703_RFQ.pdf', 'rfq', 'active', '1.0', '550e8400-e29b-41d4-a716-446655440012', '2025-01-27T08:45:00.000Z', '{"customer":"Boeing Vietnam","project_type":"fabrication","priority":"urgent"}', '["rfq","aerospace","landing_gear","bracket"]'),
  ('550e8400-e29b-41d4-a716-446655440409', '550e8400-e29b-41d4-a716-446655440001', '550e8400-e29b-41d4-a716-446655440303', 'Technical Specification - Landing Gear', 'Detailed technical specifications for aerospace bracket', 'pdf', '3584000', '/documents/specs/P-25012703_specs.pdf', 'specification', 'active', '1.0', '550e8400-e29b-41d4-a716-446655440005', '2025-01-27T09:45:00.000Z', '{"customer":"Boeing Vietnam","project_type":"fabrication","certification":"AS9100"}', '["specification","aerospace","technical","certification"]'),
  ('550e8400-e29b-41d4-a716-446655440410', '550e8400-e29b-41d4-a716-446655440001', '550e8400-e29b-41d4-a716-446655440303', 'Material Certification - Titanium', 'Material certification for aerospace-grade titanium', 'pdf', '1024000', '/documents/certifications/P-25012703_titanium_cert.pdf', 'certification', 'active', '1.0', '550e8400-e29b-41d4-a716-446655440013', '2025-01-27T10:45:00.000Z', '{"customer":"Boeing Vietnam","project_type":"fabrication","material":"titanium"}', '["certification","material","titanium","aerospace"]'),
  ('550e8400-e29b-41d4-a716-446655440411', '550e8400-e29b-41d4-a716-446655440001', '550e8400-e29b-41d4-a716-446655440304', 'RFQ - Electronics Housing Assembly', 'Request for quotation for Samsung electronics housing assembly', 'pdf', '1536000', '/documents/rfq/P-25012704_RFQ.pdf', 'rfq', 'active', '1.0', '550e8400-e29b-41d4-a716-446655440012', '2025-01-27T09:00:00.000Z', '{"customer":"Samsung Vietnam","project_type":"manufacturing","priority":"high"}', '["rfq","electronics","housing","assembly"]'),
  ('550e8400-e29b-41d4-a716-446655440412', '550e8400-e29b-41d4-a716-446655440001', '550e8400-e29b-41d4-a716-446655440304', 'Assembly Instructions - Electronics Housing', 'Step-by-step assembly instructions for electronics housing', 'pdf', '2560000', '/documents/instructions/P-25012704_assembly.pdf', 'instruction', 'active', '1.0', '550e8400-e29b-41d4-a716-446655440009', '2025-01-27T10:00:00.000Z', '{"customer":"Samsung Vietnam","project_type":"manufacturing","quantity":"5000"}', '["instruction","assembly","electronics","housing"]'),
  ('550e8400-e29b-41d4-a716-446655440413', '550e8400-e29b-41d4-a716-446655440001', '550e8400-e29b-41d4-a716-446655440305', 'RFQ - Industrial Control Panel', 'Request for quotation for Siemens industrial control panel', 'pdf', '2048000', '/documents/rfq/P-25012705_RFQ.pdf', 'rfq', 'active', '1.0', '550e8400-e29b-41d4-a716-446655440012', '2025-01-27T09:15:00.000Z', '{"customer":"Siemens Vietnam","project_type":"manufacturing","priority":"medium"}', '["rfq","industrial","control_panel","automation"]'),
  ('550e8400-e29b-41d4-a716-446655440414', '550e8400-e29b-41d4-a716-446655440001', '550e8400-e29b-41d4-a716-446655440305', 'Electrical Schematic - Control Panel', 'Electrical wiring diagram for industrial control panel', 'dwg', '1536000', '/documents/drawings/P-25012705_schematic.dwg', 'drawing', 'active', '1.0', '550e8400-e29b-41d4-a716-446655440007', '2025-01-27T10:15:00.000Z', '{"customer":"Siemens Vietnam","project_type":"manufacturing","voltage":"24V"}', '["drawing","electrical","schematic","control_panel"]'),
  ('550e8400-e29b-41d4-a716-446655440415', '550e8400-e29b-41d4-a716-446655440001', '550e8400-e29b-41d4-a716-446655440306', 'RFQ - LG Home Appliance Parts', 'Request for quotation for LG home appliance components', 'pdf', '1792000', '/documents/rfq/P-25012706_RFQ.pdf', 'rfq', 'active', '1.0', '550e8400-e29b-41d4-a716-446655440012', '2025-01-27T09:30:00.000Z', '{"customer":"LG Vietnam","project_type":"manufacturing","priority":"medium"}', '["rfq","home_appliance","components","lg"]'),
  ('550e8400-e29b-41d4-a716-446655440416', '550e8400-e29b-41d4-a716-446655440001', '550e8400-e29b-41d4-a716-446655440307', 'RFQ - Airbus Aircraft Systems', 'Request for quotation for Airbus aircraft system components', 'pdf', '3072000', '/documents/rfq/P-25012707_RFQ.pdf', 'rfq', 'active', '1.0', '550e8400-e29b-41d4-a716-446655440012', '2025-01-27T09:45:00.000Z', '{"customer":"Airbus Vietnam","project_type":"system_build","priority":"urgent"}', '["rfq","aircraft","systems","airbus"]'),
  ('550e8400-e29b-41d4-a716-446655440417', '550e8400-e29b-41d4-a716-446655440001', '550e8400-e29b-41d4-a716-446655440307', 'System Architecture - Aircraft Systems', 'System architecture diagram for aircraft control systems', 'dwg', '4096000', '/documents/drawings/P-25012707_architecture.dwg', 'drawing', 'active', '1.0', '550e8400-e29b-41d4-a716-446655440005', '2025-01-27T10:45:00.000Z', '{"customer":"Airbus Vietnam","project_type":"system_build","certification":"AS9100"}', '["drawing","architecture","aircraft","systems"]'),
  ('550e8400-e29b-41d4-a716-446655440418', '550e8400-e29b-41d4-a716-446655440001', '550e8400-e29b-41d4-a716-446655440308', 'RFQ - ABB Power Systems', 'Request for quotation for ABB power system components', 'pdf', '2048000', '/documents/rfq/P-25012708_RFQ.pdf', 'rfq', 'active', '1.0', '550e8400-e29b-41d4-a716-446655440012', '2025-01-27T10:00:00.000Z', '{"customer":"ABB Vietnam","project_type":"system_build","priority":"high"}', '["rfq","power_systems","abb","automation"]'),
  ('550e8400-e29b-41d4-a716-446655440419', '550e8400-e29b-41d4-a716-446655440001', '550e8400-e29b-41d4-a716-446655440308', 'Power System Design - ABB Components', 'Power system design specifications for ABB automation', 'pdf', '3584000', '/documents/specs/P-25012708_power_design.pdf', 'specification', 'active', '1.0', '550e8400-e29b-41d4-a716-446655440007', '2025-01-27T11:00:00.000Z', '{"customer":"ABB Vietnam","project_type":"system_build","voltage":"480V"}', '["specification","power_systems","design","abb"]'),
  ('550e8400-e29b-41d4-a716-446655440420', '550e8400-e29b-41d4-a716-446655440001', '550e8400-e29b-41d4-a716-446655440309', 'RFQ - Samsung Display Assembly', 'Request for quotation for Samsung display assembly project', 'pdf', '1792000', '/documents/rfq/P-25012709_RFQ.pdf', 'rfq', 'active', '1.0', '550e8400-e29b-41d4-a716-446655440012', '2025-01-27T10:15:00.000Z', '{"customer":"Samsung Vietnam","project_type":"manufacturing","priority":"high"}', '["rfq","display","assembly","samsung"]'),
  ('550e8400-e29b-41d4-a716-446655440421', '550e8400-e29b-41d4-a716-446655440001', '550e8400-e29b-41d4-a716-446655440309', 'Quality Control Plan - Display Assembly', 'Quality control procedures for display assembly process', 'pdf', '2560000', '/documents/qc/P-25012709_qc_plan.pdf', 'quality_control', 'active', '1.0', '550e8400-e29b-41d4-a716-446655440008', '2025-01-27T11:15:00.000Z', '{"customer":"Samsung Vietnam","project_type":"manufacturing","inspection_level":"100%"}', '["quality_control","display","assembly","inspection"]'),
  ('550e8400-e29b-41d4-a716-446655440422', '550e8400-e29b-41d4-a716-446655440001', '550e8400-e29b-41d4-a716-446655440310', 'RFQ - Honda Engine Components', 'Request for quotation for Honda engine component manufacturing', 'pdf', '2048000', '/documents/rfq/P-25012710_RFQ.pdf', 'rfq', 'active', '1.0', '550e8400-e29b-41d4-a716-446655440012', '2025-01-27T10:30:00.000Z', '{"customer":"Honda Vietnam","project_type":"manufacturing","priority":"high"}', '["rfq","engine","components","honda"]'),
  ('550e8400-e29b-41d4-a716-446655440423', '550e8400-e29b-41d4-a716-446655440001', '550e8400-e29b-41d4-a716-446655440310', 'Manufacturing Process - Engine Components', 'Manufacturing process documentation for engine components', 'pdf', '3072000', '/documents/process/P-25012710_manufacturing.pdf', 'process', 'active', '1.0', '550e8400-e29b-41d4-a716-446655440009', '2025-01-27T11:30:00.000Z', '{"customer":"Honda Vietnam","project_type":"manufacturing","process_type":"machining"}', '["process","manufacturing","engine","machining"]'),
  ('550e8400-e29b-41d4-a716-446655440424', '550e8400-e29b-41d4-a716-446655440001', '550e8400-e29b-41d4-a716-446655440311', 'RFQ - Boeing Avionics Housing', 'Request for quotation for Boeing avionics housing fabrication', 'pdf', '2560000', '/documents/rfq/P-25012711_RFQ.pdf', 'rfq', 'active', '1.0', '550e8400-e29b-41d4-a716-446655440012', '2025-01-27T10:45:00.000Z', '{"customer":"Boeing Vietnam","project_type":"fabrication","priority":"urgent"}', '["rfq","avionics","housing","boeing"]'),
  ('550e8400-e29b-41d4-a716-446655440425', '550e8400-e29b-41d4-a716-446655440001', '550e8400-e29b-41d4-a716-446655440311', 'Material Specification - Avionics Housing', 'Material specifications for aerospace avionics housing', 'pdf', '1792000', '/documents/specs/P-25012711_material_specs.pdf', 'specification', 'active', '1.0', '550e8400-e29b-41d4-a716-446655440005', '2025-01-27T11:45:00.000Z', '{"customer":"Boeing Vietnam","project_type":"fabrication","material":"aluminum_6061"}', '["specification","material","avionics","aerospace"]'),
  ('550e8400-e29b-41d4-a716-446655440426', '550e8400-e29b-41d4-a716-446655440001', '550e8400-e29b-41d4-a716-446655440312', 'RFQ - Samsung PCB Assembly', 'Request for quotation for Samsung PCB assembly project', 'pdf', '1536000', '/documents/rfq/P-25012712_RFQ.pdf', 'rfq', 'active', '1.0', '550e8400-e29b-41d4-a716-446655440012', '2025-01-27T11:00:00.000Z', '{"customer":"Samsung Vietnam","project_type":"manufacturing","priority":"medium"}', '["rfq","pcb","assembly","samsung"]'),
  ('550e8400-e29b-41d4-a716-446655440427', '550e8400-e29b-41d4-a716-446655440001', '550e8400-e29b-41d4-a716-446655440312', 'PCB Design - Samsung Components', 'PCB design files for Samsung electronic components', 'dwg', '2048000', '/documents/drawings/P-25012712_pcb_design.dwg', 'drawing', 'active', '1.0', '550e8400-e29b-41d4-a716-446655440007', '2025-01-27T12:00:00.000Z', '{"customer":"Samsung Vietnam","project_type":"manufacturing","layers":"4"}', '["drawing","pcb","design","electronics"]'),
  ('550e8400-e29b-41d4-a716-446655440428', '550e8400-e29b-41d4-a716-446655440001', '550e8400-e29b-41d4-a716-446655440313', 'RFQ - LG Smart Home System', 'Request for quotation for LG smart home system integration', 'pdf', '2560000', '/documents/rfq/P-25012713_RFQ.pdf', 'rfq', 'active', '1.0', '550e8400-e29b-41d4-a716-446655440012', '2025-01-27T11:15:00.000Z', '{"customer":"LG Vietnam","project_type":"system_build","priority":"high"}', '["rfq","smart_home","system","lg"]'),
  ('550e8400-e29b-41d4-a716-446655440429', '550e8400-e29b-41d4-a716-446655440001', '550e8400-e29b-41d4-a716-446655440313', 'System Integration Plan - Smart Home', 'System integration plan for LG smart home automation', 'pdf', '3584000', '/documents/plans/P-25012713_integration.pdf', 'plan', 'active', '1.0', '550e8400-e29b-41d4-a716-446655440005', '2025-01-27T12:15:00.000Z', '{"customer":"LG Vietnam","project_type":"system_build","integration_type":"iot"}', '["plan","integration","smart_home","iot"]'),
  ('550e8400-e29b-41d4-a716-446655440430', '550e8400-e29b-41d4-a716-446655440001', '550e8400-e29b-41d4-a716-446655440314', 'RFQ - Airbus Engine Mount', 'Request for quotation for Airbus engine mount fabrication', 'pdf', '2048000', '/documents/rfq/P-25012714_RFQ.pdf', 'rfq', 'active', '1.0', '550e8400-e29b-41d4-a716-446655440012', '2025-01-27T11:30:00.000Z', '{"customer":"Airbus Vietnam","project_type":"fabrication","priority":"urgent"}', '["rfq","engine_mount","airbus","aerospace"]'),
  ('550e8400-e29b-41d4-a716-446655440431', '550e8400-e29b-41d4-a716-446655440001', '550e8400-e29b-41d4-a716-446655440314', 'Structural Analysis - Engine Mount', 'Structural analysis report for aircraft engine mount', 'pdf', '4096000', '/documents/analysis/P-25012714_structural.pdf', 'analysis', 'active', '1.0', '550e8400-e29b-41d4-a716-446655440005', '2025-01-27T12:30:00.000Z', '{"customer":"Airbus Vietnam","project_type":"fabrication","analysis_type":"finite_element"}', '["analysis","structural","engine_mount","finite_element"]'),
  ('550e8400-e29b-41d4-a716-446655440432', '550e8400-e29b-41d4-a716-446655440001', '550e8400-e29b-41d4-a716-446655440315', 'RFQ - ABB Motor Assembly', 'Request for quotation for ABB motor assembly project', 'pdf', '1792000', '/documents/rfq/P-25012715_RFQ.pdf', 'rfq', 'active', '1.0', '550e8400-e29b-41d4-a716-446655440012', '2025-01-27T11:45:00.000Z', '{"customer":"ABB Vietnam","project_type":"manufacturing","priority":"medium"}', '["rfq","motor","assembly","abb"]'),
  ('550e8400-e29b-41d4-a716-446655440433', '550e8400-e29b-41d4-a716-446655440001', '550e8400-e29b-41d4-a716-446655440315', 'Assembly Line Layout - Motor Assembly', 'Production line layout for ABB motor assembly', 'dwg', '2560000', '/documents/layouts/P-25012715_assembly_line.dwg', 'drawing', 'active', '1.0', '550e8400-e29b-41d4-a716-446655440009', '2025-01-27T12:45:00.000Z', '{"customer":"ABB Vietnam","project_type":"manufacturing","line_type":"automated"}', '["drawing","layout","assembly_line","motor"]'),
  ('550e8400-e29b-41d4-a716-446655440434', '550e8400-e29b-41d4-a716-446655440001', '550e8400-e29b-41d4-a716-446655440316', 'RFQ - Toyota Transmission Housing', 'Request for quotation for Toyota transmission housing', 'pdf', '2048000', '/documents/rfq/P-25012716_RFQ.pdf', 'rfq', 'active', '1.0', '550e8400-e29b-41d4-a716-446655440012', '2025-01-27T12:00:00.000Z', '{"customer":"Toyota Vietnam","project_type":"fabrication","priority":"high"}', '["rfq","transmission","housing","toyota"]'),
  ('550e8400-e29b-41d4-a716-446655440435', '550e8400-e29b-41d4-a716-446655440001', '550e8400-e29b-41d4-a716-446655440316', 'Casting Design - Transmission Housing', 'Casting design for automotive transmission housing', 'dwg', '3072000', '/documents/drawings/P-25012716_casting.dwg', 'drawing', 'active', '1.0', '550e8400-e29b-41d4-a716-446655440005', '2025-01-27T13:00:00.000Z', '{"customer":"Toyota Vietnam","project_type":"fabrication","casting_type":"die_cast"}', '["drawing","casting","transmission","automotive"]'),
  ('550e8400-e29b-41d4-a716-446655440436', '550e8400-e29b-41d4-a716-446655440001', '550e8400-e29b-41d4-a716-446655440317', 'RFQ - Honda Chassis Assembly', 'Request for quotation for Honda chassis assembly project', 'pdf', '2560000', '/documents/rfq/P-25012717_RFQ.pdf', 'rfq', 'active', '1.0', '550e8400-e29b-41d4-a716-446655440012', '2025-01-27T12:15:00.000Z', '{"customer":"Honda Vietnam","project_type":"fabrication","priority":"high"}', '["rfq","chassis","assembly","honda"]'),
  ('550e8400-e29b-41d4-a716-446655440437', '550e8400-e29b-41d4-a716-446655440001', '550e8400-e29b-41d4-a716-446655440317', 'Welding Procedure - Chassis Assembly', 'Welding procedure specification for motorcycle chassis', 'pdf', '2048000', '/documents/procedures/P-25012717_welding.pdf', 'procedure', 'active', '1.0', '550e8400-e29b-41d4-a716-446655440006', '2025-01-27T13:15:00.000Z', '{"customer":"Honda Vietnam","project_type":"fabrication","welding_type":"mig"}', '["procedure","welding","chassis","motorcycle"]'),
  ('550e8400-e29b-41d4-a716-446655440438', '550e8400-e29b-41d4-a716-446655440001', '550e8400-e29b-41d4-a716-446655440317', 'Quality Inspection Report - Chassis', 'Quality inspection report for Honda chassis assembly', 'pdf', '1536000', '/documents/reports/P-25012717_inspection.pdf', 'report', 'active', '1.0', '550e8400-e29b-41d4-a716-446655440008', '2025-01-27T13:30:00.000Z', '{"customer":"Honda Vietnam","project_type":"fabrication","inspection_date":"2025-01-27"}', '["report","inspection","quality","chassis"]');

-- Import data for reviews table
INSERT INTO reviews (id, organization_id, project_id, reviewer_id, review_type, status, priority, review_date, due_date, title, description, comments, rating, metadata, tags, created_at, updated_at) VALUES
  ('550e8400-e29b-41d4-a716-446655440501', '550e8400-e29b-41d4-a716-446655440001', '550e8400-e29b-41d4-a716-446655440301', '550e8400-e29b-41d4-a716-446655440008', 'engineering', 'approved', 'high', '2025-01-27T14:00:00.000Z', '2025-01-28T17:00:00.000Z', 'Engineering Review - Automotive Bracket Design', 'Review of automotive bracket design for manufacturability and compliance', 'Design meets all automotive standards. Recommend proceeding with manufacturing.', '5', '{"customer":"Toyota Vietnam","project_type":"fabrication","review_phase":"design_review"}', '["engineering","design","automotive","bracket"]', '2025-01-27T14:00:00.000Z', '2025-01-27T14:00:00.000Z'),
  ('550e8400-e29b-41d4-a716-446655440502', '550e8400-e29b-41d4-a716-446655440001', '550e8400-e29b-41d4-a716-446655440301', '550e8400-e29b-41d4-a716-446655440010', 'quality', 'pending', 'medium', NULL, '2025-01-29T17:00:00.000Z', 'Quality Review - Bracket Manufacturing Process', 'Review of manufacturing process for quality control and consistency', 'Process documentation needs to be completed before review.', NULL, '{"customer":"Toyota Vietnam","project_type":"fabrication","review_phase":"process_review"}', '["quality","manufacturing","process","bracket"]', '2025-01-27T14:00:00.000Z', '2025-01-27T14:00:00.000Z'),
  ('550e8400-e29b-41d4-a716-446655440503', '550e8400-e29b-41d4-a716-446655440001', '550e8400-e29b-41d4-a716-446655440302', '550e8400-e29b-41d4-a716-446655440006', 'engineering', 'approved', 'medium', '2025-01-27T15:00:00.000Z', '2025-01-28T17:00:00.000Z', 'Engineering Review - Motorcycle Frame Jig', 'Review of welding jig design for motorcycle frame assembly', 'Jig design is excellent. Will improve welding accuracy and consistency.', '5', '{"customer":"Honda Vietnam","project_type":"fabrication","review_phase":"design_review"}', '["engineering","jig","welding","frame"]', '2025-01-27T15:00:00.000Z', '2025-01-27T15:00:00.000Z'),
  ('550e8400-e29b-41d4-a716-446655440504', '550e8400-e29b-41d4-a716-446655440001', '550e8400-e29b-41d4-a716-446655440303', '550e8400-e29b-41d4-a716-446655440005', 'engineering', 'approved', 'urgent', '2025-01-27T16:00:00.000Z', '2025-01-27T17:00:00.000Z', 'Engineering Review - Aircraft Landing Gear', 'Critical review of aerospace landing gear bracket design', 'Design meets AS9100 standards. All safety requirements satisfied.', '5', '{"customer":"Boeing Vietnam","project_type":"fabrication","review_phase":"design_review"}', '["engineering","aerospace","landing_gear","safety"]', '2025-01-27T16:00:00.000Z', '2025-01-27T16:00:00.000Z'),
  ('550e8400-e29b-41d4-a716-446655440505', '550e8400-e29b-41d4-a716-446655440001', '550e8400-e29b-41d4-a716-446655440303', '550e8400-e29b-41d4-a716-446655440008', 'quality', 'approved', 'urgent', '2025-01-27T17:00:00.000Z', '2025-01-27T18:00:00.000Z', 'Quality Review - Aerospace Materials', 'Review of material certifications and quality standards', 'All materials meet aerospace specifications. Ready for production.', '5', '{"customer":"Boeing Vietnam","project_type":"fabrication","review_phase":"material_review"}', '["quality","materials","aerospace","certification"]', '2025-01-27T17:00:00.000Z', '2025-01-27T17:00:00.000Z'),
  ('550e8400-e29b-41d4-a716-446655440506', '550e8400-e29b-41d4-a716-446655440001', '550e8400-e29b-41d4-a716-446655440304', '550e8400-e29b-41d4-a716-446655440009', 'production', 'pending', 'high', NULL, '2025-01-28T17:00:00.000Z', 'Production Review - Electronics Housing Assembly', 'Review of assembly process for electronics housing production', 'Assembly line setup needs optimization for high volume production.', NULL, '{"customer":"Samsung Vietnam","project_type":"manufacturing","review_phase":"production_review"}', '["production","assembly","electronics","housing"]', '2025-01-27T18:00:00.000Z', '2025-01-27T18:00:00.000Z'),
  ('550e8400-e29b-41d4-a716-446655440507', '550e8400-e29b-41d4-a716-446655440001', '550e8400-e29b-41d4-a716-446655440305', '550e8400-e29b-41d4-a716-446655440007', 'engineering', 'approved', 'medium', '2025-01-27T19:00:00.000Z', '2025-01-28T17:00:00.000Z', 'Engineering Review - Control Panel Design', 'Review of industrial control panel electrical design', 'Electrical design is compliant with industrial standards. Good work.', '4', '{"customer":"Siemens Vietnam","project_type":"manufacturing","review_phase":"design_review"}', '["engineering","electrical","control_panel","industrial"]', '2025-01-27T19:00:00.000Z', '2025-01-27T19:00:00.000Z'),
  ('550e8400-e29b-41d4-a716-446655440508', '550e8400-e29b-41d4-a716-446655440001', '550e8400-e29b-41d4-a716-446655440306', '550e8400-e29b-41d4-a716-446655440009', 'production', 'approved', 'medium', '2025-01-27T20:00:00.000Z', '2025-01-28T17:00:00.000Z', 'Production Review - Home Appliance Parts', 'Review of manufacturing process for home appliance components', 'Process is well-defined and suitable for medium volume production.', '4', '{"customer":"LG Vietnam","project_type":"manufacturing","review_phase":"process_review"}', '["production","manufacturing","home_appliance","components"]', '2025-01-27T20:00:00.000Z', '2025-01-27T20:00:00.000Z'),
  ('550e8400-e29b-41d4-a716-446655440509', '550e8400-e29b-41d4-a716-446655440001', '550e8400-e29b-41d4-a716-446655440307', '550e8400-e29b-41d4-a716-446655440005', 'engineering', 'approved', 'urgent', '2025-01-27T21:00:00.000Z', '2025-01-27T22:00:00.000Z', 'Engineering Review - Aircraft Systems Architecture', 'Critical review of aircraft control systems architecture', 'System architecture is robust and meets aviation safety requirements.', '5', '{"customer":"Airbus Vietnam","project_type":"system_build","review_phase":"architecture_review"}', '["engineering","architecture","aircraft","systems"]', '2025-01-27T21:00:00.000Z', '2025-01-27T21:00:00.000Z'),
  ('550e8400-e29b-41d4-a716-446655440510', '550e8400-e29b-41d4-a716-446655440001', '550e8400-e29b-41d4-a716-446655440308', '550e8400-e29b-41d4-a716-446655440007', 'engineering', 'approved', 'high', '2025-01-27T22:00:00.000Z', '2025-01-28T17:00:00.000Z', 'Engineering Review - Power System Design', 'Review of power system design for industrial automation', 'Power system design is efficient and meets industrial standards.', '4', '{"customer":"ABB Vietnam","project_type":"system_build","review_phase":"design_review"}', '["engineering","power_systems","design","automation"]', '2025-01-27T22:00:00.000Z', '2025-01-27T22:00:00.000Z'),
  ('550e8400-e29b-41d4-a716-446655440511', '550e8400-e29b-41d4-a716-446655440001', '550e8400-e29b-41d4-a716-446655440309', '550e8400-e29b-41d4-a716-446655440008', 'quality', 'approved', 'high', '2025-01-28T08:00:00.000Z', '2025-01-28T17:00:00.000Z', 'Quality Review - Display Assembly QC Plan', 'Review of quality control procedures for display assembly', 'QC plan is comprehensive and will ensure high quality output.', '5', '{"customer":"Samsung Vietnam","project_type":"manufacturing","review_phase":"quality_review"}', '["quality","qc_plan","display","assembly"]', '2025-01-28T08:00:00.000Z', '2025-01-28T08:00:00.000Z'),
  ('550e8400-e29b-41d4-a716-446655440512', '550e8400-e29b-41d4-a716-446655440001', '550e8400-e29b-41d4-a716-446655440310', '550e8400-e29b-41d4-a716-446655440009', 'production', 'approved', 'high', '2025-01-28T09:00:00.000Z', '2025-01-28T17:00:00.000Z', 'Production Review - Engine Component Manufacturing', 'Review of manufacturing process for engine components', 'Manufacturing process is well-optimized for precision components.', '4', '{"customer":"Honda Vietnam","project_type":"manufacturing","review_phase":"process_review"}', '["production","manufacturing","engine","components"]', '2025-01-28T08:00:00.000Z', '2025-01-28T09:00:00.000Z'),
  ('550e8400-e29b-41d4-a716-446655440513', '550e8400-e29b-41d4-a716-446655440001', '550e8400-e29b-41d4-a716-446655440311', '550e8400-e29b-41d4-a716-446655440005', 'engineering', 'approved', 'urgent', '2025-01-28T10:00:00.000Z', '2025-01-28T17:00:00.000Z', 'Engineering Review - Avionics Housing Design', 'Review of avionics housing design for aerospace application', 'Design meets all aerospace requirements. Ready for production.', '5', '{"customer":"Boeing Vietnam","project_type":"fabrication","review_phase":"design_review"}', '["engineering","design","avionics","aerospace"]', '2025-01-28T08:00:00.000Z', '2025-01-28T10:00:00.000Z'),
  ('550e8400-e29b-41d4-a716-446655440514', '550e8400-e29b-41d4-a716-446655440001', '550e8400-e29b-41d4-a716-446655440312', '550e8400-e29b-41d4-a716-446655440007', 'engineering', 'approved', 'medium', '2025-01-28T11:00:00.000Z', '2025-01-28T17:00:00.000Z', 'Engineering Review - PCB Design', 'Review of PCB design for electronic components', 'PCB design is well-laid out and follows industry best practices.', '4', '{"customer":"Samsung Vietnam","project_type":"manufacturing","review_phase":"design_review"}', '["engineering","pcb","design","electronics"]', '2025-01-28T08:00:00.000Z', '2025-01-28T11:00:00.000Z'),
  ('550e8400-e29b-41d4-a716-446655440515', '550e8400-e29b-41d4-a716-446655440001', '550e8400-e29b-41d4-a716-446655440313', '550e8400-e29b-41d4-a716-446655440005', 'engineering', 'approved', 'high', '2025-01-28T12:00:00.000Z', '2025-01-28T17:00:00.000Z', 'Engineering Review - Smart Home Integration', 'Review of system integration plan for smart home automation', 'Integration plan is comprehensive and follows IoT best practices.', '5', '{"customer":"LG Vietnam","project_type":"system_build","review_phase":"integration_review"}', '["engineering","integration","smart_home","iot"]', '2025-01-28T08:00:00.000Z', '2025-01-28T12:00:00.000Z'),
  ('550e8400-e29b-41d4-a716-446655440516', '550e8400-e29b-41d4-a716-446655440001', '550e8400-e29b-41d4-a716-446655440314', '550e8400-e29b-41d4-a716-446655440005', 'engineering', 'approved', 'urgent', '2025-01-28T13:00:00.000Z', '2025-01-28T17:00:00.000Z', 'Engineering Review - Engine Mount Analysis', 'Review of structural analysis for aircraft engine mount', 'Structural analysis confirms design meets all load requirements.', '5', '{"customer":"Airbus Vietnam","project_type":"fabrication","review_phase":"analysis_review"}', '["engineering","analysis","engine_mount","structural"]', '2025-01-28T08:00:00.000Z', '2025-01-28T13:00:00.000Z'),
  ('550e8400-e29b-41d4-a716-446655440517', '550e8400-e29b-41d4-a716-446655440001', '550e8400-e29b-41d4-a716-446655440315', '550e8400-e29b-41d4-a716-446655440009', 'production', 'approved', 'medium', '2025-01-28T14:00:00.000Z', '2025-01-28T17:00:00.000Z', 'Production Review - Motor Assembly Line', 'Review of assembly line layout for motor production', 'Assembly line layout is efficient and well-designed for automation.', '4', '{"customer":"ABB Vietnam","project_type":"manufacturing","review_phase":"layout_review"}', '["production","layout","assembly_line","motor"]', '2025-01-28T08:00:00.000Z', '2025-01-28T14:00:00.000Z'),
  ('550e8400-e29b-41d4-a716-446655440518', '550e8400-e29b-41d4-a716-446655440001', '550e8400-e29b-41d4-a716-446655440316', '550e8400-e29b-41d4-a716-446655440005', 'engineering', 'approved', 'high', '2025-01-28T15:00:00.000Z', '2025-01-28T17:00:00.000Z', 'Engineering Review - Transmission Housing Casting', 'Review of casting design for automotive transmission housing', 'Casting design is optimized for manufacturability and quality.', '4', '{"customer":"Toyota Vietnam","project_type":"fabrication","review_phase":"design_review"}', '["engineering","casting","transmission","automotive"]', '2025-01-28T08:00:00.000Z', '2025-01-28T15:00:00.000Z'),
  ('550e8400-e29b-41d4-a716-446655440519', '550e8400-e29b-41d4-a716-446655440001', '550e8400-e29b-41d4-a716-446655440317', '550e8400-e29b-41d4-a716-446655440006', 'engineering', 'approved', 'high', '2025-01-28T16:00:00.000Z', '2025-01-28T17:00:00.000Z', 'Engineering Review - Chassis Welding Procedure', 'Review of welding procedure for motorcycle chassis assembly', 'Welding procedure is well-defined and will ensure consistent quality.', '4', '{"customer":"Honda Vietnam","project_type":"fabrication","review_phase":"procedure_review"}', '["engineering","welding","procedure","chassis"]', '2025-01-28T08:00:00.000Z', '2025-01-28T16:00:00.000Z'),
  ('550e8400-e29b-41d4-a716-446655440520', '550e8400-e29b-41d4-a716-446655440001', '550e8400-e29b-41d4-a716-446655440317', '550e8400-e29b-41d4-a716-446655440008', 'quality', 'approved', 'high', '2025-01-28T17:00:00.000Z', '2025-01-28T17:00:00.000Z', 'Quality Review - Chassis Inspection Report', 'Review of quality inspection report for chassis assembly', 'Inspection report shows excellent quality standards maintained.', '5', '{"customer":"Honda Vietnam","project_type":"fabrication","review_phase":"inspection_review"}', '["quality","inspection","report","chassis"]', '2025-01-28T08:00:00.000Z', '2025-01-28T17:00:00.000Z'),
  ('550e8400-e29b-41d4-a716-446655440521', '550e8400-e29b-41d4-a716-446655440001', '550e8400-e29b-41d4-a716-446655440301', '550e8400-e29b-41d4-a716-446655440011', 'safety', 'approved', 'high', '2025-01-28T18:00:00.000Z', '2025-01-29T17:00:00.000Z', 'Safety Review - Bracket Manufacturing', 'Safety review of manufacturing process for automotive brackets', 'All safety protocols are in place and properly documented.', '5', '{"customer":"Toyota Vietnam","project_type":"fabrication","review_phase":"safety_review"}', '["safety","manufacturing","brackets","automotive"]', '2025-01-28T18:00:00.000Z', '2025-01-28T18:00:00.000Z'),
  ('550e8400-e29b-41d4-a716-446655440522', '550e8400-e29b-41d4-a716-446655440001', '550e8400-e29b-41d4-a716-446655440303', '550e8400-e29b-41d4-a716-446655440011', 'safety', 'approved', 'urgent', '2025-01-28T19:00:00.000Z', '2025-01-28T20:00:00.000Z', 'Safety Review - Aerospace Manufacturing', 'Critical safety review for aerospace component manufacturing', 'Safety protocols exceed aerospace industry standards.', '5', '{"customer":"Boeing Vietnam","project_type":"fabrication","review_phase":"safety_review"}', '["safety","aerospace","manufacturing","critical"]', '2025-01-28T18:00:00.000Z', '2025-01-28T19:00:00.000Z'),
  ('550e8400-e29b-41d4-a716-446655440523', '550e8400-e29b-41d4-a716-446655440001', '550e8400-e29b-41d4-a716-446655440304', '550e8400-e29b-41d4-a716-446655440010', 'quality', 'pending', 'medium', NULL, '2025-01-29T17:00:00.000Z', 'Quality Review - Electronics Assembly', 'Quality review of electronics assembly process', 'Waiting for final assembly line setup completion.', NULL, '{"customer":"Samsung Vietnam","project_type":"manufacturing","review_phase":"quality_review"}', '["quality","assembly","electronics","process"]', '2025-01-28T18:00:00.000Z', '2025-01-28T18:00:00.000Z'),
  ('550e8400-e29b-41d4-a716-446655440524', '550e8400-e29b-41d4-a716-446655440001', '550e8400-e29b-41d4-a716-446655440307', '550e8400-e29b-41d4-a716-446655440011', 'safety', 'approved', 'urgent', '2025-01-28T20:00:00.000Z', '2025-01-28T21:00:00.000Z', 'Safety Review - Aircraft Systems', 'Critical safety review for aircraft control systems', 'All safety systems meet aviation authority requirements.', '5', '{"customer":"Airbus Vietnam","project_type":"system_build","review_phase":"safety_review"}', '["safety","aircraft","systems","aviation"]', '2025-01-28T18:00:00.000Z', '2025-01-28T20:00:00.000Z'),
  ('550e8400-e29b-41d4-a716-446655440525', '550e8400-e29b-41d4-a716-446655440001', '550e8400-e29b-41d4-a716-446655440308', '550e8400-e29b-41d4-a716-446655440011', 'safety', 'approved', 'high', '2025-01-28T21:00:00.000Z', '2025-01-29T17:00:00.000Z', 'Safety Review - Power Systems', 'Safety review of industrial power system design', 'Power system safety features meet industrial standards.', '4', '{"customer":"ABB Vietnam","project_type":"system_build","review_phase":"safety_review"}', '["safety","power_systems","industrial","design"]', '2025-01-28T18:00:00.000Z', '2025-01-28T21:00:00.000Z');

-- Import data for messages table
INSERT INTO messages (id, organization_id, project_id, sender_id, recipient_id, thread_id, subject, content, message_type, priority, status, sent_at, read_at, metadata, tags) VALUES
  ('550e8400-e29b-41d4-a716-446655440601', '550e8400-e29b-41d4-a716-446655440001', '550e8400-e29b-41d4-a716-446655440301', '550e8400-e29b-41d4-a716-446655440012', '550e8400-e29b-41d4-a716-446655440009', '550e8400-e29b-41d4-a716-446655440301', 'Automotive Bracket Project Update', 'Hi, I''ve reviewed the automotive bracket design. The specifications look good and we''re ready to proceed with manufacturing. Please let me know if you need any clarification on the technical requirements.', 'project_update', 'normal', 'read', '2025-01-27T10:00:00.000Z', '2025-01-27T10:15:00.000Z', '{"customer":"Toyota Vietnam","project_type":"fabrication","message_category":"technical"}', '["project_update","automotive","bracket","manufacturing"]'),
  ('550e8400-e29b-41d4-a716-446655440602', '550e8400-e29b-41d4-a716-446655440001', '550e8400-e29b-41d4-a716-446655440301', '550e8400-e29b-41d4-a716-446655440009', '550e8400-e29b-41d4-a716-446655440012', '550e8400-e29b-41d4-a716-446655440301', 'Re: Automotive Bracket Project Update', 'Thanks for the update! I have a few questions about the material specifications. Can you confirm the exact grade of steel required and any special heat treatment needed?', 'question', 'normal', 'read', '2025-01-27T10:30:00.000Z', '2025-01-27T10:45:00.000Z', '{"customer":"Toyota Vietnam","project_type":"fabrication","message_category":"technical"}', '["question","materials","steel","specifications"]'),
  ('550e8400-e29b-41d4-a716-446655440603', '550e8400-e29b-41d4-a716-446655440001', '550e8400-e29b-41d4-a716-446655440302', '550e8400-e29b-41d4-a716-446655440006', '550e8400-e29b-41d4-a716-446655440012', '550e8400-e29b-41d4-a716-446655440302', 'Motorcycle Frame Jig Design Complete', 'The welding jig design for the motorcycle frame is complete. I''ve attached the technical drawings and specifications. The jig will ensure consistent welding quality and reduce assembly time.', 'completion_notice', 'normal', 'unread', '2025-01-27T11:00:00.000Z', NULL, '{"customer":"Honda Vietnam","project_type":"fabrication","message_category":"technical"}', '["completion","jig_design","welding","frame"]'),
  ('550e8400-e29b-41d4-a716-446655440604', '550e8400-e29b-41d4-a716-446655440001', '550e8400-e29b-41d4-a716-446655440303', '550e8400-e29b-41d4-a716-446655440005', '550e8400-e29b-41d4-a716-446655440012', '550e8400-e29b-41d4-a716-446655440303', 'Aerospace Landing Gear - Critical Update', 'URGENT: The landing gear bracket design has been reviewed and approved. However, we need to expedite the material procurement for titanium. The delivery timeline is critical for this aerospace project.', 'urgent_notice', 'high', 'read', '2025-01-27T11:30:00.000Z', '2025-01-27T11:35:00.000Z', '{"customer":"Boeing Vietnam","project_type":"fabrication","message_category":"urgent"}', '["urgent","aerospace","landing_gear","titanium"]'),
  ('550e8400-e29b-41d4-a716-446655440605', '550e8400-e29b-41d4-a716-446655440001', '550e8400-e29b-41d4-a716-446655440304', '550e8400-e29b-41d4-a716-446655440009', '550e8400-e29b-41d4-a716-446655440012', '550e8400-e29b-41d4-a716-446655440304', 'Electronics Housing Assembly Line Setup', 'The assembly line for Samsung electronics housing is being set up. We''re on schedule and should be ready for production testing by next week. The quality control procedures are also in place.', 'progress_update', 'normal', 'read', '2025-01-27T12:00:00.000Z', '2025-01-27T12:10:00.000Z', '{"customer":"Samsung Vietnam","project_type":"manufacturing","message_category":"progress"}', '["progress","assembly_line","electronics","quality"]'),
  ('550e8400-e29b-41d4-a716-446655440606', '550e8400-e29b-41d4-a716-446655440001', '550e8400-e29b-41d4-a716-446655440305', '550e8400-e29b-41d4-a716-446655440007', '550e8400-e29b-41d4-a716-446655440012', '550e8400-e29b-41d4-a716-446655440305', 'Control Panel Electrical Design Review', 'The electrical design for the Siemens control panel has been completed and reviewed. All components meet industrial standards and the wiring diagram is ready for production. Do you need any modifications?', 'review_complete', 'normal', 'unread', '2025-01-27T12:30:00.000Z', NULL, '{"customer":"Siemens Vietnam","project_type":"manufacturing","message_category":"technical"}', '["review","electrical","control_panel","industrial"]'),
  ('550e8400-e29b-41d4-a716-446655440607', '550e8400-e29b-41d4-a716-446655440001', '550e8400-e29b-41d4-a716-446655440306', '550e8400-e29b-41d4-a716-446655440009', '550e8400-e29b-41d4-a716-446655440012', '550e8400-e29b-41d4-a716-446655440306', 'LG Home Appliance Parts - Process Confirmation', 'The manufacturing process for LG home appliance parts has been finalized. We''re ready to begin production next week. The process includes quality checks at each stage to ensure consistency.', 'process_confirmation', 'normal', 'read', '2025-01-27T13:00:00.000Z', '2025-01-27T13:05:00.000Z', '{"customer":"LG Vietnam","project_type":"manufacturing","message_category":"production"}', '["process","manufacturing","home_appliance","quality"]'),
  ('550e8400-e29b-41d4-a716-446655440608', '550e8400-e29b-41d4-a716-446655440001', '550e8400-e29b-41d4-a716-446655440307', '550e8400-e29b-41d4-a716-446655440005', '550e8400-e29b-41d4-a716-446655440012', '550e8400-e29b-41d4-a716-446655440307', 'Airbus Aircraft Systems - Architecture Approval', 'Great news! The aircraft control systems architecture has been approved by the Airbus engineering team. The system design meets all aviation safety requirements and we can proceed with detailed design.', 'approval_notice', 'high', 'read', '2025-01-27T13:30:00.000Z', '2025-01-27T13:40:00.000Z', '{"customer":"Airbus Vietnam","project_type":"system_build","message_category":"approval"}', '["approval","aircraft","systems","architecture"]'),
  ('550e8400-e29b-41d4-a716-446655440609', '550e8400-e29b-41d4-a716-446655440001', '550e8400-e29b-41d4-a716-446655440308', '550e8400-e29b-41d4-a716-446655440007', '550e8400-e29b-41d4-a716-446655440012', '550e8400-e29b-41d4-a716-446655440308', 'ABB Power Systems - Design Review Request', 'The power system design for ABB automation is ready for review. I''ve included the electrical schematics and component specifications. Please review and let me know if any changes are needed.', 'review_request', 'normal', 'unread', '2025-01-27T14:00:00.000Z', NULL, '{"customer":"ABB Vietnam","project_type":"system_build","message_category":"review"}', '["review","power_systems","electrical","automation"]'),
  ('550e8400-e29b-41d4-a716-446655440610', '550e8400-e29b-41d4-a716-446655440001', '550e8400-e29b-41d4-a716-446655440309', '550e8400-e29b-41d4-a716-446655440008', '550e8400-e29b-41d4-a716-446655440012', '550e8400-e29b-41d4-a716-446655440309', 'Samsung Display QC Plan - Ready for Review', 'The quality control plan for Samsung display assembly is complete and ready for your review. The plan includes 100% inspection at critical stages and statistical process control.', 'review_ready', 'normal', 'read', '2025-01-27T14:30:00.000Z', '2025-01-27T14:35:00.000Z', '{"customer":"Samsung Vietnam","project_type":"manufacturing","message_category":"quality"}', '["qc_plan","display","assembly","inspection"]'),
  ('550e8400-e29b-41d4-a716-446655440611', '550e8400-e29b-41d4-a716-446655440001', '550e8400-e29b-41d4-a716-446655440310', '550e8400-e29b-41d4-a716-446655440009', '550e8400-e29b-41d4-a716-446655440012', '550e8400-e29b-41d4-a716-446655440310', 'Honda Engine Components - Manufacturing Start', 'Production has started for Honda engine components. The first batch is running through the machining process. Quality checks are in place and everything looks good so far.', 'production_start', 'normal', 'read', '2025-01-27T15:00:00.000Z', '2025-01-27T15:10:00.000Z', '{"customer":"Honda Vietnam","project_type":"manufacturing","message_category":"production"}', '["production","engine","components","machining"]'),
  ('550e8400-e29b-41d4-a716-446655440612', '550e8400-e29b-41d4-a716-446655440001', '550e8400-e29b-41d4-a716-446655440311', '550e8400-e29b-41d4-a716-446655440005', '550e8400-e29b-41d4-a716-446655440012', '550e8400-e29b-41d4-a716-446655440311', 'Boeing Avionics Housing - Material Confirmation', 'The aluminum 6061 material for Boeing avionics housing has been confirmed and ordered. The material will arrive next week and we can begin fabrication immediately upon receipt.', 'material_update', 'normal', 'unread', '2025-01-27T15:30:00.000Z', NULL, '{"customer":"Boeing Vietnam","project_type":"fabrication","message_category":"materials"}', '["materials","aluminum","avionics","fabrication"]'),
  ('550e8400-e29b-41d4-a716-446655440613', '550e8400-e29b-41d4-a716-446655440001', '550e8400-e29b-41d4-a716-446655440312', '550e8400-e29b-41d4-a716-446655440007', '550e8400-e29b-41d4-a716-446655440012', '550e8400-e29b-41d4-a716-446655440312', 'Samsung PCB Design - Layout Complete', 'The PCB design for Samsung electronic components is complete. The 4-layer design includes all necessary components and follows industry best practices. Ready for manufacturing review.', 'design_complete', 'normal', 'read', '2025-01-27T16:00:00.000Z', '2025-01-27T16:05:00.000Z', '{"customer":"Samsung Vietnam","project_type":"manufacturing","message_category":"design"}', '["design","pcb","4_layer","electronics"]'),
  ('550e8400-e29b-41d4-a716-446655440614', '550e8400-e29b-41d4-a716-446655440001', '550e8400-e29b-41d4-a716-446655440313', '550e8400-e29b-41d4-a716-446655440005', '550e8400-e29b-41d4-a716-446655440012', '550e8400-e29b-41d4-a716-446655440313', 'LG Smart Home - Integration Plan Ready', 'The system integration plan for LG smart home automation is ready for review. The plan covers IoT connectivity, user interface, and system testing procedures. Please review and approve.', 'plan_ready', 'normal', 'unread', '2025-01-27T16:30:00.000Z', NULL, '{"customer":"LG Vietnam","project_type":"system_build","message_category":"planning"}', '["plan","integration","smart_home","iot"]'),
  ('550e8400-e29b-41d4-a716-446655440615', '550e8400-e29b-41d4-a716-446655440001', '550e8400-e29b-41d4-a716-446655440314', '550e8400-e29b-41d4-a716-446655440005', '550e8400-e29b-41d4-a716-446655440012', '550e8400-e29b-41d4-a716-446655440314', 'Airbus Engine Mount - Structural Analysis Complete', 'The finite element analysis for the Airbus engine mount is complete. The structural analysis confirms the design meets all load requirements and safety factors. Ready for production.', 'analysis_complete', 'high', 'read', '2025-01-27T17:00:00.000Z', '2025-01-27T17:10:00.000Z', '{"customer":"Airbus Vietnam","project_type":"fabrication","message_category":"analysis"}', '["analysis","structural","engine_mount","finite_element"]'),
  ('550e8400-e29b-41d4-a716-446655440616', '550e8400-e29b-41d4-a716-446655440001', '550e8400-e29b-41d4-a716-446655440315', '550e8400-e29b-41d4-a716-446655440009', '550e8400-e29b-41d4-a716-446655440012', '550e8400-e29b-41d4-a716-446655440315', 'ABB Motor Assembly - Line Layout Approved', 'The assembly line layout for ABB motor production has been approved by the production team. The automated line will significantly improve efficiency and quality consistency.', 'approval_notice', 'normal', 'read', '2025-01-27T17:30:00.000Z', '2025-01-27T17:35:00.000Z', '{"customer":"ABB Vietnam","project_type":"manufacturing","message_category":"approval"}', '["approval","assembly_line","motor","automation"]'),
  ('550e8400-e29b-41d4-a716-446655440617', '550e8400-e29b-41d4-a716-446655440001', '550e8400-e29b-41d4-a716-446655440316', '550e8400-e29b-41d4-a716-446655440005', '550e8400-e29b-41d4-a716-446655440012', '550e8400-e29b-41d4-a716-446655440316', 'Toyota Transmission Housing - Casting Design Review', 'The die casting design for Toyota transmission housing has been reviewed and optimized. The design ensures proper material flow and reduces defects. Ready for tooling fabrication.', 'design_optimized', 'normal', 'unread', '2025-01-27T18:00:00.000Z', NULL, '{"customer":"Toyota Vietnam","project_type":"fabrication","message_category":"design"}', '["design","casting","transmission","die_cast"]'),
  ('550e8400-e29b-41d4-a716-446655440618', '550e8400-e29b-41d4-a716-446655440001', '550e8400-e29b-41d4-a716-446655440317', '550e8400-e29b-41d4-a716-446655440006', '550e8400-e29b-41d4-a716-446655440012', '550e8400-e29b-41d4-a716-446655440317', 'Honda Chassis - Welding Procedure Finalized', 'The MIG welding procedure for Honda motorcycle chassis has been finalized and documented. The procedure includes all safety protocols and quality checkpoints. Ready for production.', 'procedure_finalized', 'normal', 'read', '2025-01-27T18:30:00.000Z', '2025-01-27T18:35:00.000Z', '{"customer":"Honda Vietnam","project_type":"fabrication","message_category":"procedure"}', '["procedure","welding","mig","chassis"]'),
  ('550e8400-e29b-41d4-a716-446655440619', '550e8400-e29b-41d4-a716-446655440001', '550e8400-e29b-41d4-a716-446655440317', '550e8400-e29b-41d4-a716-446655440008', '550e8400-e29b-41d4-a716-446655440012', '550e8400-e29b-41d4-a716-446655440317', 'Chassis Quality Inspection - Results Available', 'The quality inspection report for Honda chassis assembly is complete. All samples passed inspection with excellent results. The welding quality and dimensional accuracy are within specifications.', 'inspection_results', 'normal', 'read', '2025-01-27T19:00:00.000Z', '2025-01-27T19:05:00.000Z', '{"customer":"Honda Vietnam","project_type":"fabrication","message_category":"quality"}', '["inspection","quality","chassis","welding"]'),
  ('550e8400-e29b-41d4-a716-446655440620', '550e8400-e29b-41d4-a716-446655440001', '550e8400-e29b-41d4-a716-446655440301', '550e8400-e29b-41d4-a716-446655440011', '550e8400-e29b-41d4-a716-446655440012', '550e8400-e29b-41d4-a716-446655440301', 'Safety Review - Bracket Manufacturing Complete', 'The safety review for automotive bracket manufacturing has been completed. All safety protocols are in place and properly documented. The process meets all safety standards.', 'safety_review_complete', 'normal', 'unread', '2025-01-27T19:30:00.000Z', NULL, '{"customer":"Toyota Vietnam","project_type":"fabrication","message_category":"safety"}', '["safety","review","manufacturing","brackets"]'),
  ('550e8400-e29b-41d4-a716-446655440621', '550e8400-e29b-41d4-a716-446655440001', '550e8400-e29b-41d4-a716-446655440303', '550e8400-e29b-41d4-a716-446655440011', '550e8400-e29b-41d4-a716-446655440012', '550e8400-e29b-41d4-a716-446655440303', 'Aerospace Safety Review - Exceeds Standards', 'The safety review for aerospace manufacturing has been completed. Our safety protocols exceed aerospace industry standards. All critical safety systems are properly implemented.', 'safety_review_complete', 'high', 'read', '2025-01-27T20:00:00.000Z', '2025-01-27T20:05:00.000Z', '{"customer":"Boeing Vietnam","project_type":"fabrication","message_category":"safety"}', '["safety","aerospace","standards","critical"]'),
  ('550e8400-e29b-41d4-a716-446655440622', '550e8400-e29b-41d4-a716-446655440001', '550e8400-e29b-41d4-a716-446655440304', '550e8400-e29b-41d4-a716-446655440010', '550e8400-e29b-41d4-a716-446655440012', '550e8400-e29b-41d4-a716-446655440304', 'Electronics Assembly - Quality Review Pending', 'The quality review for electronics assembly is pending completion of the assembly line setup. We expect to complete this by the end of the week and then proceed with the quality review.', 'status_update', 'normal', 'read', '2025-01-27T20:30:00.000Z', '2025-01-27T20:35:00.000Z', '{"customer":"Samsung Vietnam","project_type":"manufacturing","message_category":"status"}', '["status","quality","assembly","pending"]'),
  ('550e8400-e29b-41d4-a716-446655440623', '550e8400-e29b-41d4-a716-446655440001', '550e8400-e29b-41d4-a716-446655440307', '550e8400-e29b-41d4-a716-446655440011', '550e8400-e29b-41d4-a716-446655440012', '550e8400-e29b-41d4-a716-446655440307', 'Aircraft Systems Safety - Aviation Authority Approved', 'Excellent news! The aircraft control systems have been approved by the aviation authority. All safety systems meet the highest standards and we''re cleared to proceed with system integration.', 'authority_approval', 'high', 'read', '2025-01-27T21:00:00.000Z', '2025-01-27T21:05:00.000Z', '{"customer":"Airbus Vietnam","project_type":"system_build","message_category":"approval"}', '["approval","aviation","authority","safety"]'),
  ('550e8400-e29b-41d4-a716-446655440624', '550e8400-e29b-41d4-a716-446655440001', '550e8400-e29b-41d4-a716-446655440308', '550e8400-e29b-41d4-a716-446655440011', '550e8400-e29b-41d4-a716-446655440012', '550e8400-e29b-41d4-a716-446655440308', 'Power Systems Safety - Industrial Standards Met', 'The safety review for ABB power systems has been completed. All safety features meet industrial standards and the system includes comprehensive protection mechanisms.', 'safety_review_complete', 'normal', 'read', '2025-01-27T21:30:00.000Z', '2025-01-27T21:35:00.000Z', '{"customer":"ABB Vietnam","project_type":"system_build","message_category":"safety"}', '["safety","power_systems","industrial","protection"]'),
  ('550e8400-e29b-41d4-a716-446655440625', '550e8400-e29b-41d4-a716-446655440001', '550e8400-e29b-41d4-a716-446655440301', '550e8400-e29b-41d4-a716-446655440013', '550e8400-e29b-41d4-a716-446655440012', '550e8400-e29b-41d4-a716-446655440301', 'Supplier Quote Received - Precision Machining', 'We''ve received a quote from Precision Machining Co. for the bracket components. The quote is competitive and meets our quality requirements. Should we proceed with this supplier?', 'supplier_update', 'normal', 'unread', '2025-01-27T22:00:00.000Z', NULL, '{"customer":"Toyota Vietnam","project_type":"fabrication","message_category":"supplier"}', '["supplier","quote","machining","components"]');

-- Import data for notifications table
INSERT INTO notifications (id, organization_id, user_id, project_id, type, title, message, priority, status, delivery_method, sent_at, read_at, metadata, tags) VALUES
  ('550e8400-e29b-41d4-a716-446655440701', '550e8400-e29b-41d4-a716-446655440001', '550e8400-e29b-41d4-a716-446655440012', '550e8400-e29b-41d4-a716-446655440301', 'project_update', 'Project Status Updated', 'Automotive Bracket Assembly project status has been updated to ''In Progress''', 'normal', 'read', 'in_app', '2025-01-27T08:00:00.000Z', '2025-01-27T08:05:00.000Z', '{"customer":"Toyota Vietnam","project_type":"fabrication","action_required":false}', '["project_update","status","automotive","bracket"]'),
  ('550e8400-e29b-41d4-a716-446655440702', '550e8400-e29b-41d4-a716-446655440001', '550e8400-e29b-41d4-a716-446655440009', '550e8400-e29b-41d4-a716-446655440301', 'task_assigned', 'New Task Assigned', 'You have been assigned to review the BOM for Automotive Bracket Assembly project', 'normal', 'unread', 'email', '2025-01-27T08:30:00.000Z', NULL, '{"customer":"Toyota Vietnam","project_type":"fabrication","action_required":true}', '["task_assigned","bom","review","bracket"]'),
  ('550e8400-e29b-41d4-a716-446655440703', '550e8400-e29b-41d4-a716-446655440001', '550e8400-e29b-41d4-a716-446655440005', '550e8400-e29b-41d4-a716-446655440301', 'document_uploaded', 'New Document Available', 'Technical drawing for Automotive Bracket Assembly has been uploaded', 'normal', 'read', 'in_app', '2025-01-27T09:00:00.000Z', '2025-01-27T09:10:00.000Z', '{"customer":"Toyota Vietnam","project_type":"fabrication","action_required":false}', '["document","drawing","technical","bracket"]'),
  ('550e8400-e29b-41d4-a716-446655440704', '550e8400-e29b-41d4-a716-446655440001', '550e8400-e29b-41d4-a716-446655440013', '550e8400-e29b-41d4-a716-446655440301', 'supplier_quote', 'Supplier Quote Received', 'New quote received from Precision Machining Co. for Automotive Bracket project', 'normal', 'unread', 'email', '2025-01-27T11:00:00.000Z', NULL, '{"customer":"Toyota Vietnam","project_type":"fabrication","action_required":true}', '["supplier","quote","machining","bracket"]'),
  ('550e8400-e29b-41d4-a716-446655440705', '550e8400-e29b-41d4-a716-446655440001', '550e8400-e29b-41d4-a716-446655440006', '550e8400-e29b-41d4-a716-446655440302', 'design_complete', 'Design Completed', 'Welding jig design for Motorcycle Frame project has been completed', 'normal', 'read', 'in_app', '2025-01-27T09:30:00.000Z', '2025-01-27T09:35:00.000Z', '{"customer":"Honda Vietnam","project_type":"fabrication","action_required":false}', '["design","jig","welding","frame"]'),
  ('550e8400-e29b-41d4-a716-446655440706', '550e8400-e29b-41d4-a716-446655440001', '550e8400-e29b-41d4-a716-446655440012', '550e8400-e29b-41d4-a716-446655440302', 'project_update', 'Project Milestone Reached', 'Motorcycle Frame Welding project has reached the ''Design Review'' milestone', 'normal', 'read', 'in_app', '2025-01-27T09:45:00.000Z', '2025-01-27T09:50:00.000Z', '{"customer":"Honda Vietnam","project_type":"fabrication","action_required":false}', '["milestone","design_review","motorcycle","frame"]'),
  ('550e8400-e29b-41d4-a716-446655440707', '550e8400-e29b-41d4-a716-446655440001', '550e8400-e29b-41d4-a716-446655440005', '550e8400-e29b-41d4-a716-446655440303', 'urgent_review', 'URGENT: Design Review Required', 'Aircraft Landing Gear Bracket design requires immediate review - Aerospace project', 'high', 'unread', 'sms', '2025-01-27T08:45:00.000Z', NULL, '{"customer":"Boeing Vietnam","project_type":"fabrication","action_required":true}', '["urgent","review","aerospace","landing_gear"]'),
  ('550e8400-e29b-41d4-a716-446655440708', '550e8400-e29b-41d4-a716-446655440001', '550e8400-e29b-41d4-a716-446655440008', '550e8400-e29b-41d4-a716-446655440303', 'quality_check', 'Quality Review Pending', 'Material certification review required for Aircraft Landing Gear project', 'normal', 'unread', 'email', '2025-01-27T10:45:00.000Z', NULL, '{"customer":"Boeing Vietnam","project_type":"fabrication","action_required":true}', '["quality","review","materials","aerospace"]'),
  ('550e8400-e29b-41d4-a716-446655440709', '550e8400-e29b-41d4-a716-446655440001', '550e8400-e29b-41d4-a716-446655440009', '550e8400-e29b-41d4-a716-446655440304', 'production_start', 'Production Line Setup', 'Assembly line setup has begun for Samsung Electronics Housing project', 'normal', 'read', 'in_app', '2025-01-27T09:00:00.000Z', '2025-01-27T09:05:00.000Z', '{"customer":"Samsung Vietnam","project_type":"manufacturing","action_required":false}', '["production","setup","assembly_line","electronics"]'),
  ('550e8400-e29b-41d4-a716-446655440710', '550e8400-e29b-41d4-a716-446655440001', '550e8400-e29b-41d4-a716-446655440012', '550e8400-e29b-41d4-a716-446655440304', 'project_update', 'Project Status Changed', 'Samsung Electronics Housing project status updated to ''Production Setup''', 'normal', 'read', 'in_app', '2025-01-27T09:15:00.000Z', '2025-01-27T09:20:00.000Z', '{"customer":"Samsung Vietnam","project_type":"manufacturing","action_required":false}', '["status","production","electronics","housing"]'),
  ('550e8400-e29b-41d4-a716-446655440711', '550e8400-e29b-41d4-a716-446655440001', '550e8400-e29b-41d4-a716-446655440007', '550e8400-e29b-41d4-a716-446655440305', 'design_complete', 'Electrical Design Complete', 'Control panel electrical design for Siemens project has been completed', 'normal', 'read', 'in_app', '2025-01-27T10:15:00.000Z', '2025-01-27T10:20:00.000Z', '{"customer":"Siemens Vietnam","project_type":"manufacturing","action_required":false}', '["design","electrical","control_panel","industrial"]'),
  ('550e8400-e29b-41d4-a716-446655440712', '550e8400-e29b-41d4-a716-446655440001', '550e8400-e29b-41d4-a716-446655440009', '550e8400-e29b-41d4-a716-446655440306', 'process_ready', 'Manufacturing Process Ready', 'LG Home Appliance manufacturing process has been finalized and is ready for production', 'normal', 'read', 'email', '2025-01-27T13:00:00.000Z', '2025-01-27T13:10:00.000Z', '{"customer":"LG Vietnam","project_type":"manufacturing","action_required":false}', '["process","manufacturing","home_appliance","ready"]'),
  ('550e8400-e29b-41d4-a716-446655440713', '550e8400-e29b-41d4-a716-446655440001', '550e8400-e29b-41d4-a716-446655440005', '550e8400-e29b-41d4-a716-446655440307', 'urgent_approval', 'URGENT: System Architecture Approval', 'Airbus Aircraft Systems architecture requires immediate approval - Critical project', 'high', 'unread', 'sms', '2025-01-27T09:45:00.000Z', NULL, '{"customer":"Airbus Vietnam","project_type":"system_build","action_required":true}', '["urgent","approval","aircraft","systems"]'),
  ('550e8400-e29b-41d4-a716-446655440714', '550e8400-e29b-41d4-a716-446655440001', '550e8400-e29b-41d4-a716-446655440007', '550e8400-e29b-41d4-a716-446655440308', 'design_review', 'Power System Design Review', 'ABB Power Systems design is ready for your review and approval', 'normal', 'unread', 'email', '2025-01-27T11:00:00.000Z', NULL, '{"customer":"ABB Vietnam","project_type":"system_build","action_required":true}', '["review","power_systems","design","abb"]'),
  ('550e8400-e29b-41d4-a716-446655440715', '550e8400-e29b-41d4-a716-446655440001', '550e8400-e29b-41d4-a716-446655440008', '550e8400-e29b-41d4-a716-446655440309', 'quality_plan', 'QC Plan Ready for Review', 'Quality control plan for Samsung Display Assembly is ready for your review', 'normal', 'unread', 'email', '2025-01-27T11:15:00.000Z', NULL, '{"customer":"Samsung Vietnam","project_type":"manufacturing","action_required":true}', '["qc_plan","quality","display","assembly"]'),
  ('550e8400-e29b-41d4-a716-446655440716', '550e8400-e29b-41d4-a716-446655440001', '550e8400-e29b-41d4-a716-446655440009', '550e8400-e29b-41d4-a716-446655440310', 'production_start', 'Production Started', 'Honda Engine Components production has begun - First batch in progress', 'normal', 'read', 'in_app', '2025-01-27T10:30:00.000Z', '2025-01-27T10:35:00.000Z', '{"customer":"Honda Vietnam","project_type":"manufacturing","action_required":false}', '["production","started","engine","components"]'),
  ('550e8400-e29b-41d4-a716-446655440717', '550e8400-e29b-41d4-a716-446655440001', '550e8400-e29b-41d4-a716-446655440005', '550e8400-e29b-41d4-a716-446655440311', 'material_confirmed', 'Material Confirmed', 'Aluminum 6061 material for Boeing Avionics Housing has been confirmed and ordered', 'normal', 'read', 'in_app', '2025-01-27T15:30:00.000Z', '2025-01-27T15:35:00.000Z', '{"customer":"Boeing Vietnam","project_type":"fabrication","action_required":false}', '["material","confirmed","aluminum","avionics"]'),
  ('550e8400-e29b-41d4-a716-446655440718', '550e8400-e29b-41d4-a716-446655440001', '550e8400-e29b-41d4-a716-446655440007', '550e8400-e29b-41d4-a716-446655440312', 'design_complete', 'PCB Design Complete', 'Samsung PCB design has been completed and is ready for manufacturing review', 'normal', 'read', 'in_app', '2025-01-27T12:00:00.000Z', '2025-01-27T12:05:00.000Z', '{"customer":"Samsung Vietnam","project_type":"manufacturing","action_required":false}', '["design","pcb","complete","electronics"]'),
  ('550e8400-e29b-41d4-a716-446655440719', '550e8400-e29b-41d4-a716-446655440001', '550e8400-e29b-41d4-a716-446655440005', '550e8400-e29b-41d4-a716-446655440313', 'integration_plan', 'Integration Plan Ready', 'LG Smart Home system integration plan is ready for your review and approval', 'normal', 'unread', 'email', '2025-01-27T12:15:00.000Z', NULL, '{"customer":"LG Vietnam","project_type":"system_build","action_required":true}', '["integration","plan","smart_home","review"]'),
  ('550e8400-e29b-41d4-a716-446655440720', '550e8400-e29b-41d4-a716-446655440001', '550e8400-e29b-41d4-a716-446655440005', '550e8400-e29b-41d4-a716-446655440314', 'analysis_complete', 'Structural Analysis Complete', 'Finite element analysis for Airbus Engine Mount has been completed successfully', 'normal', 'read', 'in_app', '2025-01-27T12:30:00.000Z', '2025-01-27T12:35:00.000Z', '{"customer":"Airbus Vietnam","project_type":"fabrication","action_required":false}', '["analysis","structural","engine_mount","finite_element"]'),
  ('550e8400-e29b-41d4-a716-446655440721', '550e8400-e29b-41d4-a716-446655440001', '550e8400-e29b-41d4-a716-446655440009', '550e8400-e29b-41d4-a716-446655440315', 'layout_approved', 'Assembly Line Layout Approved', 'ABB Motor Assembly line layout has been approved by the production team', 'normal', 'read', 'in_app', '2025-01-27T14:00:00.000Z', '2025-01-27T14:05:00.000Z', '{"customer":"ABB Vietnam","project_type":"manufacturing","action_required":false}', '["layout","approved","assembly_line","motor"]'),
  ('550e8400-e29b-41d4-a716-446655440722', '550e8400-e29b-41d4-a716-446655440001', '550e8400-e29b-41d4-a716-446655440005', '550e8400-e29b-41d4-a716-446655440316', 'design_optimized', 'Casting Design Optimized', 'Toyota Transmission Housing casting design has been optimized and is ready for tooling', 'normal', 'read', 'in_app', '2025-01-27T13:00:00.000Z', '2025-01-27T13:05:00.000Z', '{"customer":"Toyota Vietnam","project_type":"fabrication","action_required":false}', '["design","casting","transmission","optimized"]'),
  ('550e8400-e29b-41d4-a716-446655440723', '550e8400-e29b-41d4-a716-446655440001', '550e8400-e29b-41d4-a716-446655440006', '550e8400-e29b-41d4-a716-446655440317', 'procedure_finalized', 'Welding Procedure Finalized', 'MIG welding procedure for Honda Chassis has been finalized and documented', 'normal', 'read', 'in_app', '2025-01-27T18:30:00.000Z', '2025-01-27T18:35:00.000Z', '{"customer":"Honda Vietnam","project_type":"fabrication","action_required":false}', '["procedure","welding","mig","chassis"]'),
  ('550e8400-e29b-41d4-a716-446655440724', '550e8400-e29b-41d4-a716-446655440001', '550e8400-e29b-41d4-a716-446655440008', '550e8400-e29b-41d4-a716-446655440317', 'inspection_complete', 'Quality Inspection Complete', 'Quality inspection for Honda Chassis assembly has been completed with excellent results', 'normal', 'read', 'in_app', '2025-01-27T19:00:00.000Z', '2025-01-27T19:05:00.000Z', '{"customer":"Honda Vietnam","project_type":"fabrication","action_required":false}', '["inspection","quality","chassis","complete"]'),
  ('550e8400-e29b-41d4-a716-446655440725', '550e8400-e29b-41d4-a716-446655440001', '550e8400-e29b-41d4-a716-446655440011', '550e8400-e29b-41d4-a716-446655440301', 'safety_review', 'Safety Review Complete', 'Safety review for Automotive Bracket manufacturing has been completed successfully', 'normal', 'read', 'in_app', '2025-01-27T19:30:00.000Z', '2025-01-27T19:35:00.000Z', '{"customer":"Toyota Vietnam","project_type":"fabrication","action_required":false}', '["safety","review","complete","bracket"]'),
  ('550e8400-e29b-41d4-a716-446655440726', '550e8400-e29b-41d4-a716-446655440001', '550e8400-e29b-41d4-a716-446655440011', '550e8400-e29b-41d4-a716-446655440303', 'safety_review', 'Aerospace Safety Review Complete', 'Safety review for Aerospace manufacturing exceeds industry standards', 'high', 'read', 'in_app', '2025-01-27T20:00:00.000Z', '2025-01-27T20:05:00.000Z', '{"customer":"Boeing Vietnam","project_type":"fabrication","action_required":false}', '["safety","aerospace","exceeds","standards"]'),
  ('550e8400-e29b-41d4-a716-446655440727', '550e8400-e29b-41d4-a716-446655440001', '550e8400-e29b-41d4-a716-446655440010', '550e8400-e29b-41d4-a716-446655440304', 'quality_review', 'Quality Review Pending', 'Quality review for Electronics Assembly is pending assembly line completion', 'normal', 'unread', 'email', '2025-01-27T20:30:00.000Z', NULL, '{"customer":"Samsung Vietnam","project_type":"manufacturing","action_required":false}', '["quality","review","pending","electronics"]'),
  ('550e8400-e29b-41d4-a716-446655440728', '550e8400-e29b-41d4-a716-446655440001', '550e8400-e29b-41d4-a716-446655440011', '550e8400-e29b-41d4-a716-446655440307', 'authority_approval', 'Aviation Authority Approval', 'Aircraft control systems have been approved by the aviation authority', 'high', 'read', 'in_app', '2025-01-27T21:00:00.000Z', '2025-01-27T21:05:00.000Z', '{"customer":"Airbus Vietnam","project_type":"system_build","action_required":false}', '["approval","aviation","authority","aircraft"]'),
  ('550e8400-e29b-41d4-a716-446655440729', '550e8400-e29b-41d4-a716-446655440001', '550e8400-e29b-41d4-a716-446655440011', '550e8400-e29b-41d4-a716-446655440308', 'safety_review', 'Power Systems Safety Review Complete', 'Safety review for ABB Power Systems meets all industrial standards', 'normal', 'read', 'in_app', '2025-01-27T21:30:00.000Z', '2025-01-27T21:35:00.000Z', '{"customer":"ABB Vietnam","project_type":"system_build","action_required":false}', '["safety","power_systems","industrial","standards"]'),
  ('550e8400-e29b-41d4-a716-446655440730', '550e8400-e29b-41d4-a716-446655440001', '550e8400-e29b-41d4-a716-446655440013', '550e8400-e29b-41d4-a716-446655440301', 'supplier_update', 'Supplier Quote Analysis', 'Precision Machining quote analysis complete - Ready for decision', 'normal', 'unread', 'email', '2025-01-27T22:00:00.000Z', NULL, '{"customer":"Toyota Vietnam","project_type":"fabrication","action_required":true}', '["supplier","quote","analysis","decision"]'),
  ('550e8400-e29b-41d4-a716-446655440731', '550e8400-e29b-41d4-a716-446655440001', '550e8400-e29b-41d4-a716-446655440012', '550e8400-e29b-41d4-a716-446655440302', 'project_update', 'Project Milestone Update', 'Motorcycle Frame project has progressed to ''Production Planning'' stage', 'normal', 'unread', 'in_app', '2025-01-28T08:00:00.000Z', NULL, '{"customer":"Honda Vietnam","project_type":"fabrication","action_required":false}', '["milestone","production","planning","frame"]'),
  ('550e8400-e29b-41d4-a716-446655440732', '550e8400-e29b-41d4-a716-446655440001', '550e8400-e29b-41d4-a716-446655440005', '550e8400-e29b-41d4-a716-446655440303', 'material_update', 'Titanium Material Status', 'Titanium material for Aerospace project has been ordered and is in transit', 'normal', 'unread', 'in_app', '2025-01-28T08:30:00.000Z', NULL, '{"customer":"Boeing Vietnam","project_type":"fabrication","action_required":false}', '["material","titanium","ordered","aerospace"]'),
  ('550e8400-e29b-41d4-a716-446655440733', '550e8400-e29b-41d4-a716-446655440001', '550e8400-e29b-41d4-a716-446655440009', '550e8400-e29b-41d4-a716-446655440304', 'production_update', 'Assembly Line Progress', 'Electronics assembly line is 75% complete - On track for production start', 'normal', 'unread', 'in_app', '2025-01-28T09:00:00.000Z', NULL, '{"customer":"Samsung Vietnam","project_type":"manufacturing","action_required":false}', '["progress","assembly_line","75%","electronics"]'),
  ('550e8400-e29b-41d4-a716-446655440734', '550e8400-e29b-41d4-a716-446655440001', '550e8400-e29b-41d4-a716-446655440007', '550e8400-e29b-41d4-a716-446655440305', 'design_review', 'Control Panel Review Complete', 'Siemens control panel design review has been completed and approved', 'normal', 'unread', 'in_app', '2025-01-28T09:30:00.000Z', NULL, '{"customer":"Siemens Vietnam","project_type":"manufacturing","action_required":false}', '["review","complete","control_panel","approved"]');

-- Import data for activity_log table
INSERT INTO activity_log (id, organization_id, user_id, project_id, action, description, entity_type, entity_id, changes, ip_address, user_agent, timestamp, metadata) VALUES
  ('550e8400-e29b-41d4-a716-446655440801', '550e8400-e29b-41d4-a716-446655440001', '550e8400-e29b-41d4-a716-446655440012', '550e8400-e29b-41d4-a716-446655440301', 'project_created', 'Created new project: Automotive Bracket Assembly', 'project', '550e8400-e29b-41d4-a716-446655440301', '{"before":null,"after":{"title":"Automotive Bracket Assembly","customer_id":"550e8400-e29b-41d4-a716-446655440101","status":"active"}}', '192.168.1.100', 'Mozilla/5.0 (Windows NT 10.0; Win64; x64) AppleWebKit/537.36', '2025-01-27T08:00:00.000Z', '{"customer":"Toyota Vietnam","project_type":"fabrication","action_category":"creation"}'),
  ('550e8400-e29b-41d4-a716-446655440802', '550e8400-e29b-41d4-a716-446655440001', '550e8400-e29b-41d4-a716-446655440012', '550e8400-e29b-41d4-a716-446655440302', 'project_created', 'Created new project: Motorcycle Frame Welding', 'project', '550e8400-e29b-41d4-a716-446655440302', '{"before":null,"after":{"title":"Motorcycle Frame Welding","customer_id":"550e8400-e29b-41d4-a716-446655440102","status":"active"}}', '192.168.1.100', 'Mozilla/5.0 (Windows NT 10.0; Win64; x64) AppleWebKit/537.36', '2025-01-27T08:15:00.000Z', '{"customer":"Honda Vietnam","project_type":"fabrication","action_category":"creation"}'),
  ('550e8400-e29b-41d4-a716-446655440803', '550e8400-e29b-41d4-a716-446655440001', '550e8400-e29b-41d4-a716-446655440012', '550e8400-e29b-41d4-a716-446655440303', 'project_created', 'Created new project: Aircraft Landing Gear Bracket', 'project', '550e8400-e29b-41d4-a716-446655440303', '{"before":null,"after":{"title":"Aircraft Landing Gear Bracket","customer_id":"550e8400-e29b-41d4-a716-446655440103","status":"active"}}', '192.168.1.100', 'Mozilla/5.0 (Windows NT 10.0; Win64; x64) AppleWebKit/537.36', '2025-01-27T08:30:00.000Z', '{"customer":"Boeing Vietnam","project_type":"fabrication","action_category":"creation"}'),
  ('550e8400-e29b-41d4-a716-446655440804', '550e8400-e29b-41d4-a716-446655440001', '550e8400-e29b-41d4-a716-446655440005', '550e8400-e29b-41d4-a716-446655440301', 'document_uploaded', 'Uploaded technical drawing for Automotive Bracket Assembly', 'document', '550e8400-e29b-41d4-a716-446655440402', '{"before":null,"after":{"title":"Technical Drawing - Bracket Assembly","file_type":"dwg","file_size":1048576}}', '192.168.1.105', 'Mozilla/5.0 (Windows NT 10.0; Win64; x64) AppleWebKit/537.36', '2025-01-27T09:00:00.000Z', '{"customer":"Toyota Vietnam","project_type":"fabrication","action_category":"document"}'),
  ('550e8400-e29b-41d4-a716-446655440805', '550e8400-e29b-41d4-a716-446655440001', '550e8400-e29b-41d4-a716-446655440009', '550e8400-e29b-41d4-a716-446655440301', 'document_uploaded', 'Uploaded BOM for Automotive Bracket Assembly', 'document', '550e8400-e29b-41d4-a716-446655440403', '{"before":null,"after":{"title":"BOM - Bracket Components","file_type":"xlsx","file_size":512000}}', '192.168.1.109', 'Mozilla/5.0 (Windows NT 10.0; Win64; x64) AppleWebKit/537.36', '2025-01-27T10:00:00.000Z', '{"customer":"Toyota Vietnam","project_type":"fabrication","action_category":"document"}'),
  ('550e8400-e29b-41d4-a716-446655440806', '550e8400-e29b-41d4-a716-446655440001', '550e8400-e29b-41d4-a716-446655440013', '550e8400-e29b-41d4-a716-446655440301', 'supplier_quote_received', 'Received quote from Precision Machining Co. for bracket components', 'document', '550e8400-e29b-41d4-a716-446655440404', '{"before":null,"after":{"title":"Supplier Quote - Precision Machining","supplier":"Precision Machining Co.","amount":"25000000"}}', '192.168.1.113', 'Mozilla/5.0 (Windows NT 10.0; Win64; x64) AppleWebKit/537.36', '2025-01-27T11:00:00.000Z', '{"customer":"Toyota Vietnam","project_type":"fabrication","action_category":"supplier"}'),
  ('550e8400-e29b-41d4-a716-446655440807', '550e8400-e29b-41d4-a716-446655440001', '550e8400-e29b-41d4-a716-446655440006', '550e8400-e29b-41d4-a716-446655440302', 'design_completed', 'Completed welding jig design for motorcycle frame', 'project', '550e8400-e29b-41d4-a716-446655440302', '{"before":{"current_stage_id":"550e8400-e29b-41d4-a716-446655440201"},"after":{"current_stage_id":"550e8400-e29b-41d4-a716-446655440202"}}', '192.168.1.106', 'Mozilla/5.0 (Windows NT 10.0; Win64; x64) AppleWebKit/537.36', '2025-01-27T09:30:00.000Z', '{"customer":"Honda Vietnam","project_type":"fabrication","action_category":"design"}'),
  ('550e8400-e29b-41d4-a716-446655440808', '550e8400-e29b-41d4-a716-446655440001', '550e8400-e29b-41d4-a716-446655440005', '550e8400-e29b-41d4-a716-446655440303', 'design_review_completed', 'Completed design review for aircraft landing gear bracket', 'project', '550e8400-e29b-41d4-a716-446655440303', '{"before":{"current_stage_id":"550e8400-e29b-41d4-a716-446655440202"},"after":{"current_stage_id":"550e8400-e29b-41d4-a716-446655440203"}}', '192.168.1.105', 'Mozilla/5.0 (Windows NT 10.0; Win64; x64) AppleWebKit/537.36', '2025-01-27T16:00:00.000Z', '{"customer":"Boeing Vietnam","project_type":"fabrication","action_category":"review"}'),
  ('550e8400-e29b-41d4-a716-446655440809', '550e8400-e29b-41d4-a716-446655440001', '550e8400-e29b-41d4-a716-446655440008', '550e8400-e29b-41d4-a716-446655440303', 'quality_review_completed', 'Completed quality review for aerospace materials', 'project', '550e8400-e29b-41d4-a716-446655440303', '{"before":{"status":"design_review"},"after":{"status":"material_confirmed"}}', '192.168.1.108', 'Mozilla/5.0 (Windows NT 10.0; Win64; x64) AppleWebKit/537.36', '2025-01-27T17:00:00.000Z', '{"customer":"Boeing Vietnam","project_type":"fabrication","action_category":"quality"}'),
  ('550e8400-e29b-41d4-a716-446655440810', '550e8400-e29b-41d4-a716-446655440001', '550e8400-e29b-41d4-a716-446655440009', '550e8400-e29b-41d4-a716-446655440304', 'production_setup_started', 'Started assembly line setup for electronics housing', 'project', '550e8400-e29b-41d4-a716-446655440304', '{"before":{"current_stage_id":"550e8400-e29b-41d4-a716-446655440201"},"after":{"current_stage_id":"550e8400-e29b-41d4-a716-446655440202"}}', '192.168.1.109', 'Mozilla/5.0 (Windows NT 10.0; Win64; x64) AppleWebKit/537.36', '2025-01-27T09:00:00.000Z', '{"customer":"Samsung Vietnam","project_type":"manufacturing","action_category":"production"}'),
  ('550e8400-e29b-41d4-a716-446655440811', '550e8400-e29b-41d4-a716-446655440001', '550e8400-e29b-41d4-a716-446655440007', '550e8400-e29b-41d4-a716-446655440305', 'design_completed', 'Completed electrical design for Siemens control panel', 'project', '550e8400-e29b-41d4-a716-446655440305', '{"before":{"current_stage_id":"550e8400-e29b-41d4-a716-446655440201"},"after":{"current_stage_id":"550e8400-e29b-41d4-a716-446655440202"}}', '192.168.1.107', 'Mozilla/5.0 (Windows NT 10.0; Win64; x64) AppleWebKit/537.36', '2025-01-27T10:15:00.000Z', '{"customer":"Siemens Vietnam","project_type":"manufacturing","action_category":"design"}'),
  ('550e8400-e29b-41d4-a716-446655440812', '550e8400-e29b-41d4-a716-446655440001', '550e8400-e29b-41d4-a716-446655440009', '550e8400-e29b-41d4-a716-446655440306', 'process_finalized', 'Finalized manufacturing process for LG home appliance parts', 'project', '550e8400-e29b-41d4-a716-446655440306', '{"before":{"current_stage_id":"550e8400-e29b-41d4-a716-446655440201"},"after":{"current_stage_id":"550e8400-e29b-41d4-a716-446655440202"}}', '192.168.1.109', 'Mozilla/5.0 (Windows NT 10.0; Win64; x64) AppleWebKit/537.36', '2025-01-27T13:00:00.000Z', '{"customer":"LG Vietnam","project_type":"manufacturing","action_category":"process"}'),
  ('550e8400-e29b-41d4-a716-446655440813', '550e8400-e29b-41d4-a716-446655440001', '550e8400-e29b-41d4-a716-446655440005', '550e8400-e29b-41d4-a716-446655440307', 'architecture_approved', 'Approved system architecture for Airbus aircraft control systems', 'project', '550e8400-e29b-41d4-a716-446655440307', '{"before":{"current_stage_id":"550e8400-e29b-41d4-a716-446655440201"},"after":{"current_stage_id":"550e8400-e29b-41d4-a716-446655440202"}}', '192.168.1.105', 'Mozilla/5.0 (Windows NT 10.0; Win64; x64) AppleWebKit/537.36', '2025-01-27T21:00:00.000Z', '{"customer":"Airbus Vietnam","project_type":"system_build","action_category":"approval"}'),
  ('550e8400-e29b-41d4-a716-446655440814', '550e8400-e29b-41d4-a716-446655440001', '550e8400-e29b-41d4-a716-446655440007', '550e8400-e29b-41d4-a716-446655440308', 'design_review_requested', 'Requested design review for ABB power systems', 'project', '550e8400-e29b-41d4-a716-446655440308', '{"before":{"status":"design_in_progress"},"after":{"status":"review_requested"}}', '192.168.1.107', 'Mozilla/5.0 (Windows NT 10.0; Win64; x64) AppleWebKit/537.36', '2025-01-27T14:00:00.000Z', '{"customer":"ABB Vietnam","project_type":"system_build","action_category":"review"}'),
  ('550e8400-e29b-41d4-a716-446655440815', '550e8400-e29b-41d4-a716-446655440001', '550e8400-e29b-41d4-a716-446655440008', '550e8400-e29b-41d4-a716-446655440309', 'qc_plan_completed', 'Completed quality control plan for Samsung display assembly', 'project', '550e8400-e29b-41d4-a716-446655440309', '{"before":{"status":"planning"},"after":{"status":"qc_plan_ready"}}', '192.168.1.108', 'Mozilla/5.0 (Windows NT 10.0; Win64; x64) AppleWebKit/537.36', '2025-01-27T11:15:00.000Z', '{"customer":"Samsung Vietnam","project_type":"manufacturing","action_category":"quality"}'),
  ('550e8400-e29b-41d4-a716-446655440816', '550e8400-e29b-41d4-a716-446655440001', '550e8400-e29b-41d4-a716-446655440009', '550e8400-e29b-41d4-a716-446655440310', 'production_started', 'Started production for Honda engine components', 'project', '550e8400-e29b-41d4-a716-446655440310', '{"before":{"current_stage_id":"550e8400-e29b-41d4-a716-446655440202"},"after":{"current_stage_id":"550e8400-e29b-41d4-a716-446655440203"}}', '192.168.1.109', 'Mozilla/5.0 (Windows NT 10.0; Win64; x64) AppleWebKit/537.36', '2025-01-27T10:30:00.000Z', '{"customer":"Honda Vietnam","project_type":"manufacturing","action_category":"production"}'),
  ('550e8400-e29b-41d4-a716-446655440817', '550e8400-e29b-41d4-a716-446655440001', '550e8400-e29b-41d4-a716-446655440005', '550e8400-e29b-41d4-a716-446655440311', 'material_confirmed', 'Confirmed aluminum material for Boeing avionics housing', 'project', '550e8400-e29b-41d4-a716-446655440311', '{"before":{"status":"material_pending"},"after":{"status":"material_confirmed"}}', '192.168.1.105', 'Mozilla/5.0 (Windows NT 10.0; Win64; x64) AppleWebKit/537.36', '2025-01-27T15:30:00.000Z', '{"customer":"Boeing Vietnam","project_type":"fabrication","action_category":"materials"}'),
  ('550e8400-e29b-41d4-a716-446655440818', '550e8400-e29b-41d4-a716-446655440001', '550e8400-e29b-41d4-a716-446655440007', '550e8400-e29b-41d4-a716-446655440312', 'design_completed', 'Completed PCB design for Samsung electronic components', 'project', '550e8400-e29b-41d4-a716-446655440312', '{"before":{"current_stage_id":"550e8400-e29b-41d4-a716-446655440201"},"after":{"current_stage_id":"550e8400-e29b-41d4-a716-446655440202"}}', '192.168.1.107', 'Mozilla/5.0 (Windows NT 10.0; Win64; x64) AppleWebKit/537.36', '2025-01-27T12:00:00.000Z', '{"customer":"Samsung Vietnam","project_type":"manufacturing","action_category":"design"}'),
  ('550e8400-e29b-41d4-a716-446655440819', '550e8400-e29b-41d4-a716-446655440001', '550e8400-e29b-41d4-a716-446655440005', '550e8400-e29b-41d4-a716-446655440313', 'integration_plan_completed', 'Completed system integration plan for LG smart home', 'project', '550e8400-e29b-41d4-a716-446655440313', '{"before":{"status":"planning"},"after":{"status":"plan_ready"}}', '192.168.1.105', 'Mozilla/5.0 (Windows NT 10.0; Win64; x64) AppleWebKit/537.36', '2025-01-27T12:15:00.000Z', '{"customer":"LG Vietnam","project_type":"system_build","action_category":"planning"}'),
  ('550e8400-e29b-41d4-a716-446655440820', '550e8400-e29b-41d4-a716-446655440001', '550e8400-e29b-41d4-a716-446655440005', '550e8400-e29b-41d4-a716-446655440314', 'analysis_completed', 'Completed structural analysis for Airbus engine mount', 'project', '550e8400-e29b-41d4-a716-446655440314', '{"before":{"status":"analysis_in_progress"},"after":{"status":"analysis_complete"}}', '192.168.1.105', 'Mozilla/5.0 (Windows NT 10.0; Win64; x64) AppleWebKit/537.36', '2025-01-27T12:30:00.000Z', '{"customer":"Airbus Vietnam","project_type":"fabrication","action_category":"analysis"}'),
  ('550e8400-e29b-41d4-a716-446655440821', '550e8400-e29b-41d4-a716-446655440001', '550e8400-e29b-41d4-a716-446655440009', '550e8400-e29b-41d4-a716-446655440315', 'layout_approved', 'Approved assembly line layout for ABB motor production', 'project', '550e8400-e29b-41d4-a716-446655440315', '{"before":{"status":"layout_review"},"after":{"status":"layout_approved"}}', '192.168.1.109', 'Mozilla/5.0 (Windows NT 10.0; Win64; x64) AppleWebKit/537.36', '2025-01-27T14:00:00.000Z', '{"customer":"ABB Vietnam","project_type":"manufacturing","action_category":"approval"}'),
  ('550e8400-e29b-41d4-a716-446655440822', '550e8400-e29b-41d4-a716-446655440001', '550e8400-e29b-41d4-a716-446655440005', '550e8400-e29b-41d4-a716-446655440316', 'design_optimized', 'Optimized casting design for Toyota transmission housing', 'project', '550e8400-e29b-41d4-a716-446655440316', '{"before":{"status":"design_review"},"after":{"status":"design_optimized"}}', '192.168.1.105', 'Mozilla/5.0 (Windows NT 10.0; Win64; x64) AppleWebKit/537.36', '2025-01-27T13:00:00.000Z', '{"customer":"Toyota Vietnam","project_type":"fabrication","action_category":"design"}'),
  ('550e8400-e29b-41d4-a716-446655440823', '550e8400-e29b-41d4-a716-446655440001', '550e8400-e29b-41d4-a716-446655440006', '550e8400-e29b-41d4-a716-446655440317', 'procedure_finalized', 'Finalized welding procedure for Honda chassis assembly', 'project', '550e8400-e29b-41d4-a716-446655440317', '{"before":{"status":"procedure_development"},"after":{"status":"procedure_finalized"}}', '192.168.1.106', 'Mozilla/5.0 (Windows NT 10.0; Win64; x64) AppleWebKit/537.36', '2025-01-27T18:30:00.000Z', '{"customer":"Honda Vietnam","project_type":"fabrication","action_category":"procedure"}'),
  ('550e8400-e29b-41d4-a716-446655440824', '550e8400-e29b-41d4-a716-446655440001', '550e8400-e29b-41d4-a716-446655440008', '550e8400-e29b-41d4-a716-446655440317', 'inspection_completed', 'Completed quality inspection for Honda chassis assembly', 'project', '550e8400-e29b-41d4-a716-446655440317', '{"before":{"status":"quality_inspection"},"after":{"status":"inspection_complete"}}', '192.168.1.108', 'Mozilla/5.0 (Windows NT 10.0; Win64; x64) AppleWebKit/537.36', '2025-01-27T19:00:00.000Z', '{"customer":"Honda Vietnam","project_type":"fabrication","action_category":"quality"}'),
  ('550e8400-e29b-41d4-a716-446655440825', '550e8400-e29b-41d4-a716-446655440001', '550e8400-e29b-41d4-a716-446655440011', '550e8400-e29b-41d4-a716-446655440301', 'safety_review_completed', 'Completed safety review for automotive bracket manufacturing', 'project', '550e8400-e29b-41d4-a716-446655440301', '{"before":{"status":"safety_review"},"after":{"status":"safety_approved"}}', '192.168.1.111', 'Mozilla/5.0 (Windows NT 10.0; Win64; x64) AppleWebKit/537.36', '2025-01-27T19:30:00.000Z', '{"customer":"Toyota Vietnam","project_type":"fabrication","action_category":"safety"}'),
  ('550e8400-e29b-41d4-a716-446655440826', '550e8400-e29b-41d4-a716-446655440001', '550e8400-e29b-41d4-a716-446655440011', '550e8400-e29b-41d4-a716-446655440303', 'safety_review_completed', 'Completed safety review for aerospace manufacturing', 'project', '550e8400-e29b-41d4-a716-446655440303', '{"before":{"status":"safety_review"},"after":{"status":"safety_approved"}}', '192.168.1.111', 'Mozilla/5.0 (Windows NT 10.0; Win64; x64) AppleWebKit/537.36', '2025-01-27T20:00:00.000Z', '{"customer":"Boeing Vietnam","project_type":"fabrication","action_category":"safety"}'),
  ('550e8400-e29b-41d4-a716-446655440827', '550e8400-e29b-41d4-a716-446655440001', '550e8400-e29b-41d4-a716-446655440010', '550e8400-e29b-41d4-a716-446655440304', 'quality_review_pending', 'Quality review pending for electronics assembly', 'project', '550e8400-e29b-41d4-a716-446655440304', '{"before":{"status":"production_setup"},"after":{"status":"quality_review_pending"}}', '192.168.1.110', 'Mozilla/5.0 (Windows NT 10.0; Win64; x64) AppleWebKit/537.36', '2025-01-27T20:30:00.000Z', '{"customer":"Samsung Vietnam","project_type":"manufacturing","action_category":"quality"}'),
  ('550e8400-e29b-41d4-a716-446655440828', '550e8400-e29b-41d4-a716-446655440001', '550e8400-e29b-41d4-a716-446655440011', '550e8400-e29b-41d4-a716-446655440307', 'authority_approval_received', 'Received aviation authority approval for aircraft control systems', 'project', '550e8400-e29b-41d4-a716-446655440307', '{"before":{"status":"authority_review"},"after":{"status":"authority_approved"}}', '192.168.1.111', 'Mozilla/5.0 (Windows NT 10.0; Win64; x64) AppleWebKit/537.36', '2025-01-27T21:00:00.000Z', '{"customer":"Airbus Vietnam","project_type":"system_build","action_category":"approval"}'),
  ('550e8400-e29b-41d4-a716-446655440829', '550e8400-e29b-41d4-a716-446655440001', '550e8400-e29b-41d4-a716-446655440011', '550e8400-e29b-41d4-a716-446655440308', 'safety_review_completed', 'Completed safety review for ABB power systems', 'project', '550e8400-e29b-41d4-a716-446655440308', '{"before":{"status":"safety_review"},"after":{"status":"safety_approved"}}', '192.168.1.111', 'Mozilla/5.0 (Windows NT 10.0; Win64; x64) AppleWebKit/537.36', '2025-01-27T21:30:00.000Z', '{"customer":"ABB Vietnam","project_type":"system_build","action_category":"safety"}'),
  ('550e8400-e29b-41d4-a716-446655440830', '550e8400-e29b-41d4-a716-446655440001', '550e8400-e29b-41d4-a716-446655440013', '550e8400-e29b-41d4-a716-446655440301', 'supplier_analysis_completed', 'Completed analysis of Precision Machining quote', 'project', '550e8400-e29b-41d4-a716-446655440301', '{"before":{"status":"supplier_evaluation"},"after":{"status":"supplier_decision_ready"}}', '192.168.1.113', 'Mozilla/5.0 (Windows NT 10.0; Win64; x64) AppleWebKit/537.36', '2025-01-27T22:00:00.000Z', '{"customer":"Toyota Vietnam","project_type":"fabrication","action_category":"supplier"}'),
  ('550e8400-e29b-41d4-a716-446655440831', '550e8400-e29b-41d4-a716-446655440001', '550e8400-e29b-41d4-a716-446655440013', '550e8400-e29b-41d4-a716-446655440302', 'supplier_quote_received', 'Received quote from Advanced Welding Solutions', 'project', '550e8400-e29b-41d4-a716-446655440302', '{"before":{"status":"supplier_quotes_pending"},"after":{"status":"quotes_received"}}', '192.168.1.113', 'Mozilla/5.0 (Windows NT 10.0; Win64; x64) AppleWebKit/537.36', '2025-01-27T22:15:00.000Z', '{"customer":"Honda Vietnam","project_type":"fabrication","action_category":"supplier"}'),
  ('550e8400-e29b-41d4-a716-446655440832', '550e8400-e29b-41d4-a716-446655440001', '550e8400-e29b-41d4-a716-446655440013', '550e8400-e29b-41d4-a716-446655440303', 'supplier_quote_received', 'Received quote from Precision Machining', 'project', '550e8400-e29b-41d4-a716-446655440303', '{"before":{"status":"supplier_quotes_pending"},"after":{"status":"quotes_received"}}', '192.168.1.113', 'Mozilla/5.0 (Windows NT 10.0; Win64; x64) AppleWebKit/537.36', '2025-01-27T22:30:00.000Z', '{"customer":"Boeing Vietnam","project_type":"fabrication","action_category":"supplier"}'),
  ('550e8400-e29b-41d4-a716-446655440833', '550e8400-e29b-41d4-a716-446655440001', '550e8400-e29b-41d4-a716-446655440013', '550e8400-e29b-41d4-a716-446655440304', 'supplier_quote_received', 'Received quote from Electronics Assembly Co.', 'project', '550e8400-e29b-41d4-a716-446655440304', '{"before":{"status":"supplier_quotes_pending"},"after":{"status":"quotes_received"}}', '192.168.1.113', 'Mozilla/5.0 (Windows NT 10.0; Win64; x64) AppleWebKit/537.36', '2025-01-27T22:45:00.000Z', '{"customer":"Samsung Vietnam","project_type":"manufacturing","action_category":"supplier"}'),
  ('550e8400-e29b-41d4-a716-446655440834', '550e8400-e29b-41d4-a716-446655440001', '550e8400-e29b-41d4-a716-446655440013', '550e8400-e29b-41d4-a716-446655440305', 'supplier_quote_received', 'Received quote from Surface Finishing Pro', 'project', '550e8400-e29b-41d4-a716-446655440305', '{"before":{"status":"supplier_quotes_pending"},"after":{"status":"quotes_received"}}', '192.168.1.113', 'Mozilla/5.0 (Windows NT 10.0; Win64; x64) AppleWebKit/537.36', '2025-01-27T23:00:00.000Z', '{"customer":"Siemens Vietnam","project_type":"manufacturing","action_category":"supplier"}'),
  ('550e8400-e29b-41d4-a716-446655440835', '550e8400-e29b-41d4-a716-446655440001', '550e8400-e29b-41d4-a716-446655440013', '550e8400-e29b-41d4-a716-446655440306', 'supplier_quote_received', 'Received quote from Material Supply Co.', 'project', '550e8400-e29b-41d4-a716-446655440306', '{"before":{"status":"supplier_quotes_pending"},"after":{"status":"quotes_received"}}', '192.168.1.113', 'Mozilla/5.0 (Windows NT 10.0; Win64; x64) AppleWebKit/537.36', '2025-01-27T23:15:00.000Z', '{"customer":"LG Vietnam","project_type":"manufacturing","action_category":"supplier"}'),
  ('550e8400-e29b-41d4-a716-446655440836', '550e8400-e29b-41d4-a716-446655440001', '550e8400-e29b-41d4-a716-446655440013', '550e8400-e29b-41d4-a716-446655440307', 'supplier_quote_received', 'Received quote from Tooling Solutions', 'project', '550e8400-e29b-41d4-a716-446655440307', '{"before":{"status":"supplier_quotes_pending"},"after":{"status":"quotes_received"}}', '192.168.1.113', 'Mozilla/5.0 (Windows NT 10.0; Win64; x64) AppleWebKit/537.36', '2025-01-27T23:30:00.000Z', '{"customer":"Airbus Vietnam","project_type":"system_build","action_category":"supplier"}'),
  ('550e8400-e29b-41d4-a716-446655440837', '550e8400-e29b-41d4-a716-446655440001', '550e8400-e29b-41d4-a716-446655440013', '550e8400-e29b-41d4-a716-446655440308', 'supplier_quote_received', 'Received quote from Quality Control Services', 'project', '550e8400-e29b-41d4-a716-446655440308', '{"before":{"status":"supplier_quotes_pending"},"after":{"status":"quotes_received"}}', '192.168.1.113', 'Mozilla/5.0 (Windows NT 10.0; Win64; x64) AppleWebKit/537.36', '2025-01-27T23:45:00.000Z', '{"customer":"ABB Vietnam","project_type":"system_build","action_category":"supplier"}'),
  ('550e8400-e29b-41d4-a716-446655440838', '550e8400-e29b-41d4-a716-446655440001', '550e8400-e29b-41d4-a716-446655440013', '550e8400-e29b-41d4-a716-446655440309', 'supplier_quote_received', 'Received quote from Calibration Lab', 'project', '550e8400-e29b-41d4-a716-446655440309', '{"before":{"status":"supplier_quotes_pending"},"after":{"status":"quotes_received"}}', '192.168.1.113', 'Mozilla/5.0 (Windows NT 10.0; Win64; x64) AppleWebKit/537.36', '2025-01-28T00:00:00.000Z', '{"customer":"Samsung Vietnam","project_type":"manufacturing","action_category":"supplier"}'),
  ('550e8400-e29b-41d4-a716-446655440839', '550e8400-e29b-41d4-a716-446655440001', '550e8400-e29b-41d4-a716-446655440013', '550e8400-e29b-41d4-a716-446655440310', 'supplier_quote_received', 'Received quote from Logistics Solutions', 'project', '550e8400-e29b-41d4-a716-446655440310', '{"before":{"status":"supplier_quotes_pending"},"after":{"status":"quotes_received"}}', '192.168.1.113', 'Mozilla/5.0 (Windows NT 10.0; Win64; x64) AppleWebKit/537.36', '2025-01-28T00:15:00.000Z', '{"customer":"Honda Vietnam","project_type":"manufacturing","action_category":"supplier"}'),
  ('550e8400-e29b-41d4-a716-446655440840', '550e8400-e29b-41d4-a716-446655440001', '550e8400-e29b-41d4-a716-446655440013', '550e8400-e29b-41d4-a716-446655440311', 'supplier_quote_received', 'Received quote from Packaging Services', 'project', '550e8400-e29b-41d4-a716-446655440311', '{"before":{"status":"supplier_quotes_pending"},"after":{"status":"quotes_received"}}', '192.168.1.113', 'Mozilla/5.0 (Windows NT 10.0; Win64; x64) AppleWebKit/537.36', '2025-01-28T00:30:00.000Z', '{"customer":"Boeing Vietnam","project_type":"fabrication","action_category":"supplier"}'),
  ('550e8400-e29b-41d4-a716-446655440841', '550e8400-e29b-41d4-a716-446655440001', '550e8400-e29b-41d4-a716-446655440013', '550e8400-e29b-41d4-a716-446655440312', 'supplier_quote_received', 'Received quote from Training Institute', 'project', '550e8400-e29b-41d4-a716-446655440312', '{"before":{"status":"supplier_quotes_pending"},"after":{"status":"quotes_received"}}', '192.168.1.113', 'Mozilla/5.0 (Windows NT 10.0; Win64; x64) AppleWebKit/537.36', '2025-01-28T00:45:00.000Z', '{"customer":"Samsung Vietnam","project_type":"manufacturing","action_category":"supplier"}'),
  ('550e8400-e29b-41d4-a716-446655440842', '550e8400-e29b-41d4-a716-446655440001', '550e8400-e29b-41d4-a716-446655440013', '550e8400-e29b-41d4-a716-446655440313', 'supplier_quote_received', 'Received quote from Electronics Assembly Co.', 'project', '550e8400-e29b-41d4-a716-446655440313', '{"before":{"status":"supplier_quotes_pending"},"after":{"status":"quotes_received"}}', '192.168.1.113', 'Mozilla/5.0 (Windows NT 10.0; Win64; x64) AppleWebKit/537.36', '2025-01-28T01:00:00.000Z', '{"customer":"LG Vietnam","project_type":"system_build","action_category":"supplier"}'),
  ('550e8400-e29b-41d4-a716-446655440843', '550e8400-e29b-41d4-a716-446655440001', '550e8400-e29b-41d4-a716-446655440013', '550e8400-e29b-41d4-a716-446655440314', 'supplier_quote_received', 'Received quote from Surface Finishing Pro', 'project', '550e8400-e29b-41d4-a716-446655440314', '{"before":{"status":"supplier_quotes_pending"},"after":{"status":"quotes_received"}}', '192.168.1.113', 'Mozilla/5.0 (Windows NT 10.0; Win64; x64) AppleWebKit/537.36', '2025-01-28T01:15:00.000Z', '{"customer":"Airbus Vietnam","project_type":"fabrication","action_category":"supplier"}'),
  ('550e8400-e29b-41d4-a716-446655440844', '550e8400-e29b-41d4-a716-446655440001', '550e8400-e29b-41d4-a716-446655440013', '550e8400-e29b-41d4-a716-446655440315', 'supplier_quote_received', 'Received quote from Material Supply Co.', 'project', '550e8400-e29b-41d4-a716-446655440315', '{"before":{"status":"supplier_quotes_pending"},"after":{"status":"quotes_received"}}', '192.168.1.113', 'Mozilla/5.0 (Windows NT 10.0; Win64; x64) AppleWebKit/537.36', '2025-01-28T01:30:00.000Z', '{"customer":"ABB Vietnam","project_type":"manufacturing","action_category":"supplier"}'),
  ('550e8400-e29b-41d4-a716-446655440845', '550e8400-e29b-41d4-a716-446655440001', '550e8400-e29b-41d4-a716-446655440013', '550e8400-e29b-41d4-a716-446655440316', 'supplier_quote_received', 'Received quote from Tooling Solutions', 'project', '550e8400-e29b-41d4-a716-446655440316', '{"before":{"status":"supplier_quotes_pending"},"after":{"status":"quotes_received"}}', '192.168.1.113', 'Mozilla/5.0 (Windows NT 10.0; Win64; x64) AppleWebKit/537.36', '2025-01-28T01:45:00.000Z', '{"customer":"Toyota Vietnam","project_type":"fabrication","action_category":"supplier"}'),
  ('550e8400-e29b-41d4-a716-446655440846', '550e8400-e29b-41d4-a716-446655440001', '550e8400-e29b-41d4-a716-446655440013', '550e8400-e29b-41d4-a716-446655440317', 'supplier_quote_received', 'Received quote from Quality Control Services', 'project', '550e8400-e29b-41d4-a716-446655440317', '{"before":{"status":"supplier_quotes_pending"},"after":{"status":"quotes_received"}}', '192.168.1.113', 'Mozilla/5.0 (Windows NT 10.0; Win64; x64) AppleWebKit/537.36', '2025-01-28T02:00:00.000Z', '{"customer":"Honda Vietnam","project_type":"fabrication","action_category":"supplier"}'),
  ('550e8400-e29b-41d4-a716-446655440847', '550e8400-e29b-41d4-a716-446655440001', '550e8400-e29b-41d4-a716-446655440012', '550e8400-e29b-41d4-a716-446655440301', 'project_completed', 'Completed automotive bracket assembly project', 'project', '550e8400-e29b-41d4-a716-446655440301', '{"before":{"current_stage_id":"550e8400-e29b-41d4-a716-446655440204"},"after":{"current_stage_id":"550e8400-e29b-41d4-a716-446655440205"}}', '192.168.1.112', 'Mozilla/5.0 (Windows NT 10.0; Win64; x64) AppleWebKit/537.36', '2025-01-28T08:00:00.000Z', '{"customer":"Toyota Vietnam","project_type":"fabrication","action_category":"completion"}'),
  ('550e8400-e29b-41d4-a716-446655440848', '550e8400-e29b-41d4-a716-446655440001', '550e8400-e29b-41d4-a716-446655440012', '550e8400-e29b-41d4-a716-446655440302', 'project_completed', 'Completed Honda engine components project', 'project', '550e8400-e29b-41d4-a716-446655440302', '{"before":{"current_stage_id":"550e8400-e29b-41d4-a716-446655440204"},"after":{"current_stage_id":"550e8400-e29b-41d4-a716-446655440205"}}', '192.168.1.112', 'Mozilla/5.0 (Windows NT 10.0; Win64; x64) AppleWebKit/537.36', '2025-01-28T08:15:00.000Z', '{"customer":"Honda Vietnam","project_type":"fabrication","action_category":"completion"}'),
  ('550e8400-e29b-41d4-a716-446655440849', '550e8400-e29b-41d4-a716-446655440001', '550e8400-e29b-41d4-a716-446655440012', '550e8400-e29b-41d4-a716-446655440303', 'project_completed', 'Completed Boeing avionics housing project', 'project', '550e8400-e29b-41d4-a716-446655440303', '{"before":{"current_stage_id":"550e8400-e29b-41d4-a716-446655440204"},"after":{"current_stage_id":"550e8400-e29b-41d4-a716-446655440205"}}', '192.168.1.112', 'Mozilla/5.0 (Windows NT 10.0; Win64; x64) AppleWebKit/537.36', '2025-01-28T08:30:00.000Z', '{"customer":"Boeing Vietnam","project_type":"fabrication","action_category":"completion"}'),
  ('550e8400-e29b-41d4-a716-446655440850', '550e8400-e29b-41d4-a716-446655440001', '550e8400-e29b-41d4-a716-446655440012', '550e8400-e29b-41d4-a716-446655440304', 'project_completed', 'Completed Samsung electronics assembly project', 'project', '550e8400-e29b-41d4-a716-446655440304', '{"before":{"current_stage_id":"550e8400-e29b-41d4-a716-446655440204"},"after":{"current_stage_id":"550e8400-e29b-41d4-a716-446655440205"}}', '192.168.1.112', 'Mozilla/5.0 (Windows NT 10.0; Win64; x64) AppleWebKit/537.36', '2025-01-28T08:45:00.000Z', '{"customer":"Samsung Vietnam","project_type":"manufacturing","action_category":"completion"}'),
  ('550e8400-e29b-41d4-a716-446655440851', '550e8400-e29b-41d4-a716-446655440001', '550e8400-e29b-41d4-a716-446655440012', '550e8400-e29b-41d4-a716-446655440305', 'project_completed', 'Completed Siemens control panel project', 'project', '550e8400-e29b-41d4-a716-446655440305', '{"before":{"current_stage_id":"550e8400-e29b-41d4-a716-446655440204"},"after":{"current_stage_id":"550e8400-e29b-41d4-a716-446655440205"}}', '192.168.1.112', 'Mozilla/5.0 (Windows NT 10.0; Win64; x64) AppleWebKit/537.36', '2025-01-28T09:00:00.000Z', '{"customer":"Siemens Vietnam","project_type":"manufacturing","action_category":"completion"}'),
  ('550e8400-e29b-41d4-a716-446655440852', '550e8400-e29b-41d4-a716-446655440001', '550e8400-e29b-41d4-a716-446655440012', '550e8400-e29b-41d4-a716-446655440306', 'project_completed', 'Completed LG home appliance parts project', 'project', '550e8400-e29b-41d4-a716-446655440306', '{"before":{"current_stage_id":"550e8400-e29b-41d4-a716-446655440204"},"after":{"current_stage_id":"550e8400-e29b-41d4-a716-446655440205"}}', '192.168.1.112', 'Mozilla/5.0 (Windows NT 10.0; Win64; x64) AppleWebKit/537.36', '2025-01-28T09:15:00.000Z', '{"customer":"LG Vietnam","project_type":"manufacturing","action_category":"completion"}'),
  ('550e8400-e29b-41d4-a716-446655440853', '550e8400-e29b-41d4-a716-446655440001', '550e8400-e29b-41d4-a716-446655440012', '550e8400-e29b-41d4-a716-446655440307', 'project_completed', 'Completed Airbus aircraft control systems project', 'project', '550e8400-e29b-41d4-a716-446655440307', '{"before":{"current_stage_id":"550e8400-e29b-41d4-a716-446655440204"},"after":{"current_stage_id":"550e8400-e29b-41d4-a716-446655440205"}}', '192.168.1.112', 'Mozilla/5.0 (Windows NT 10.0; Win64; x64) AppleWebKit/537.36', '2025-01-28T09:30:00.000Z', '{"customer":"Airbus Vietnam","project_type":"system_build","action_category":"completion"}'),
  ('550e8400-e29b-41d4-a716-446655440854', '550e8400-e29b-41d4-a716-446655440001', '550e8400-e29b-41d4-a716-446655440012', '550e8400-e29b-41d4-a716-446655440308', 'project_completed', 'Completed ABB power systems project', 'project', '550e8400-e29b-41d4-a716-446655440308', '{"before":{"current_stage_id":"550e8400-e29b-41d4-a716-446655440204"},"after":{"current_stage_id":"550e8400-e29b-41d4-a716-446655440205"}}', '192.168.1.112', 'Mozilla/5.0 (Windows NT 10.0; Win64; x64) AppleWebKit/537.36', '2025-01-28T09:45:00.000Z', '{"customer":"ABB Vietnam","project_type":"system_build","action_category":"completion"}'),
  ('550e8400-e29b-41d4-a716-446655440855', '550e8400-e29b-41d4-a716-446655440001', '550e8400-e29b-41d4-a716-446655440012', '550e8400-e29b-41d4-a716-446655440309', 'project_completed', 'Completed Samsung display assembly project', 'project', '550e8400-e29b-41d4-a716-446655440309', '{"before":{"current_stage_id":"550e8400-e29b-41d4-a716-446655440204"},"after":{"current_stage_id":"550e8400-e29b-41d4-a716-446655440205"}}', '192.168.1.112', 'Mozilla/5.0 (Windows NT 10.0; Win64; x64) AppleWebKit/537.36', '2025-01-28T10:00:00.000Z', '{"customer":"Samsung Vietnam","project_type":"manufacturing","action_category":"completion"}'),
  ('550e8400-e29b-41d4-a716-446655440856', '550e8400-e29b-41d4-a716-446655440001', '550e8400-e29b-41d4-a716-446655440012', '550e8400-e29b-41d4-a716-446655440310', 'project_completed', 'Completed Honda engine components project', 'project', '550e8400-e29b-41d4-a716-446655440310', '{"before":{"current_stage_id":"550e8400-e29b-41d4-a716-446655440204"},"after":{"current_stage_id":"550e8400-e29b-41d4-a716-446655440205"}}', '192.168.1.112', 'Mozilla/5.0 (Windows NT 10.0; Win64; x64) AppleWebKit/537.36', '2025-01-28T10:15:00.000Z', '{"customer":"Honda Vietnam","project_type":"manufacturing","action_category":"completion"}'),
  ('550e8400-e29b-41d4-a716-446655440857', '550e8400-e29b-41d4-a716-446655440001', '550e8400-e29b-41d4-a716-446655440012', '550e8400-e29b-41d4-a716-446655440311', 'project_completed', 'Completed Boeing avionics housing project', 'project', '550e8400-e29b-41d4-a716-446655440311', '{"before":{"current_stage_id":"550e8400-e29b-41d4-a716-446655440204"},"after":{"current_stage_id":"550e8400-e29b-41d4-a716-446655440205"}}', '192.168.1.112', 'Mozilla/5.0 (Windows NT 10.0; Win64; x64) AppleWebKit/537.36', '2025-01-28T10:30:00.000Z', '{"customer":"Boeing Vietnam","project_type":"fabrication","action_category":"completion"}'),
  ('550e8400-e29b-41d4-a716-446655440858', '550e8400-e29b-41d4-a716-446655440001', '550e8400-e29b-41d4-a716-446655440012', '550e8400-e29b-41d4-a716-446655440312', 'project_completed', 'Completed Samsung electronic components project', 'project', '550e8400-e29b-41d4-a716-446655440312', '{"before":{"current_stage_id":"550e8400-e29b-41d4-a716-446655440204"},"after":{"current_stage_id":"550e8400-e29b-41d4-a716-446655440205"}}', '192.168.1.112', 'Mozilla/5.0 (Windows NT 10.0; Win64; x64) AppleWebKit/537.36', '2025-01-28T10:45:00.000Z', '{"customer":"Samsung Vietnam","project_type":"manufacturing","action_category":"completion"}'),
  ('550e8400-e29b-41d4-a716-446655440859', '550e8400-e29b-41d4-a716-446655440001', '550e8400-e29b-41d4-a716-446655440012', '550e8400-e29b-41d4-a716-446655440313', 'project_completed', 'Completed LG smart home project', 'project', '550e8400-e29b-41d4-a716-446655440313', '{"before":{"current_stage_id":"550e8400-e29b-41d4-a716-446655440204"},"after":{"current_stage_id":"550e8400-e29b-41d4-a716-446655440205"}}', '192.168.1.112', 'Mozilla/5.0 (Windows NT 10.0; Win64; x64) AppleWebKit/537.36', '2025-01-28T11:00:00.000Z', '{"customer":"LG Vietnam","project_type":"system_build","action_category":"completion"}'),
  ('550e8400-e29b-41d4-a716-446655440860', '550e8400-e29b-41d4-a716-446655440001', '550e8400-e29b-41d4-a716-446655440012', '550e8400-e29b-41d4-a716-446655440314', 'project_completed', 'Completed Airbus engine mount project', 'project', '550e8400-e29b-41d4-a716-446655440314', '{"before":{"current_stage_id":"550e8400-e29b-41d4-a716-446655440204"},"after":{"current_stage_id":"550e8400-e29b-41d4-a716-446655440205"}}', '192.168.1.112', 'Mozilla/5.0 (Windows NT 10.0; Win64; x64) AppleWebKit/537.36', '2025-01-28T11:15:00.000Z', '{"customer":"Airbus Vietnam","project_type":"fabrication","action_category":"completion"}'),
  ('550e8400-e29b-41d4-a716-446655440861', '550e8400-e29b-41d4-a716-446655440001', '550e8400-e29b-41d4-a716-446655440012', '550e8400-e29b-41d4-a716-446655440315', 'project_completed', 'Completed ABB motor production project', 'project', '550e8400-e29b-41d4-a716-446655440315', '{"before":{"current_stage_id":"550e8400-e29b-41d4-a716-446655440204"},"after":{"current_stage_id":"550e8400-e29b-41d4-a716-446655440205"}}', '192.168.1.112', 'Mozilla/5.0 (Windows NT 10.0; Win64; x64) AppleWebKit/537.36', '2025-01-28T11:30:00.000Z', '{"customer":"ABB Vietnam","project_type":"manufacturing","action_category":"completion"}'),
  ('550e8400-e29b-41d4-a716-446655440862', '550e8400-e29b-41d4-a716-446655440001', '550e8400-e29b-41d4-a716-446655440012', '550e8400-e29b-41d4-a716-446655440316', 'project_completed', 'Completed Toyota transmission housing project', 'project', '550e8400-e29b-41d4-a716-446655440316', '{"before":{"current_stage_id":"550e8400-e29b-41d4-a716-446655440204"},"after":{"current_stage_id":"550e8400-e29b-41d4-a716-446655440205"}}', '192.168.1.112', 'Mozilla/5.0 (Windows NT 10.0; Win64; x64) AppleWebKit/537.36', '2025-01-28T11:45:00.000Z', '{"customer":"Toyota Vietnam","project_type":"fabrication","action_category":"completion"}'),
  ('550e8400-e29b-41d4-a716-446655440863', '550e8400-e29b-41d4-a716-446655440001', '550e8400-e29b-41d4-a716-446655440012', '550e8400-e29b-41d4-a716-446655440317', 'project_completed', 'Completed Honda chassis assembly project', 'project', '550e8400-e29b-41d4-a716-446655440317', '{"before":{"current_stage_id":"550e8400-e29b-41d4-a716-446655440204"},"after":{"current_stage_id":"550e8400-e29b-41d4-a716-446655440205"}}', '192.168.1.112', 'Mozilla/5.0 (Windows NT 10.0; Win64; x64) AppleWebKit/537.36', '2025-01-28T12:00:00.000Z', '{"customer":"Honda Vietnam","project_type":"fabrication","action_category":"completion"}'),
  ('550e8400-e29b-41d4-a716-446655440864', '550e8400-e29b-41d4-a716-446655440001', '550e8400-e29b-41d4-a716-446655440012', '550e8400-e29b-41d4-a716-446655440301', 'final_delivery', 'Delivered automotive bracket assembly to Toyota Vietnam', 'project', '550e8400-e29b-41d4-a716-446655440301', '{"before":{"status":"completed"},"after":{"status":"delivered"}}', '192.168.1.112', 'Mozilla/5.0 (Windows NT 10.0; Win64; x64) AppleWebKit/537.36', '2025-01-28T14:00:00.000Z', '{"customer":"Toyota Vietnam","project_type":"fabrication","action_category":"delivery"}'),
  ('550e8400-e29b-41d4-a716-446655440865', '550e8400-e29b-41d4-a716-446655440001', '550e8400-e29b-41d4-a716-446655440012', '550e8400-e29b-41d4-a716-446655440302', 'final_delivery', 'Delivered Honda engine components to Honda Vietnam', 'project', '550e8400-e29b-41d4-a716-446655440302', '{"before":{"status":"completed"},"after":{"status":"delivered"}}', '192.168.1.112', 'Mozilla/5.0 (Windows NT 10.0; Win64; x64) AppleWebKit/537.36', '2025-01-28T14:15:00.000Z', '{"customer":"Honda Vietnam","project_type":"fabrication","action_category":"delivery"}'),
  ('550e8400-e29b-41d4-a716-446655440866', '550e8400-e29b-41d4-a716-446655440001', '550e8400-e29b-41d4-a716-446655440012', '550e8400-e29b-41d4-a716-446655440303', 'final_delivery', 'Delivered Boeing avionics housing to Boeing Vietnam', 'project', '550e8400-e29b-41d4-a716-446655440303', '{"before":{"status":"completed"},"after":{"status":"delivered"}}', '192.168.1.112', 'Mozilla/5.0 (Windows NT 10.0; Win64; x64) AppleWebKit/537.36', '2025-01-28T14:30:00.000Z', '{"customer":"Boeing Vietnam","project_type":"fabrication","action_category":"delivery"}'),
  ('550e8400-e29b-41d4-a716-446655440867', '550e8400-e29b-41d4-a716-446655440001', '550e8400-e29b-41d4-a716-446655440012', '550e8400-e29b-41d4-a716-446655440304', 'final_delivery', 'Delivered Samsung electronics assembly to Samsung Vietnam', 'project', '550e8400-e29b-41d4-a716-446655440304', '{"before":{"status":"completed"},"after":{"status":"delivered"}}', '192.168.1.112', 'Mozilla/5.0 (Windows NT 10.0; Win64; x64) AppleWebKit/537.36', '2025-01-28T14:45:00.000Z', '{"customer":"Samsung Vietnam","project_type":"manufacturing","action_category":"delivery"}');
