SET session_replication_role = replica;

--
-- PostgreSQL database dump
--

-- Dumped from database version 17.4
-- Dumped by pg_dump version 17.4

SET statement_timeout = 0;
SET lock_timeout = 0;
SET idle_in_transaction_session_timeout = 0;
SET transaction_timeout = 0;
SET client_encoding = 'UTF8';
SET standard_conforming_strings = on;
SELECT pg_catalog.set_config('search_path', '', false);
SET check_function_bodies = false;
SET xmloption = content;
SET client_min_messages = warning;
SET row_security = off;

--
-- Data for Name: audit_log_entries; Type: TABLE DATA; Schema: auth; Owner: supabase_auth_admin
--

INSERT INTO "auth"."audit_log_entries" ("instance_id", "id", "payload", "created_at", "ip_address") VALUES
	('00000000-0000-0000-0000-000000000000', 'ce260e5c-aa75-4d12-bb2a-812b2d2b07d0', '{"action":"user_signedup","actor_id":"00000000-0000-0000-0000-000000000000","actor_username":"service_role","actor_via_sso":false,"log_type":"team","traits":{"provider":"email","user_email":"admin@apillis.com","user_id":"383b189e-acec-4989-94b3-a0267f4501bb","user_phone":""}}', '2025-09-07 12:42:05.299632+00', ''),
	('00000000-0000-0000-0000-000000000000', '32f37ab5-f9c1-47f6-bd9d-d32d161b4e53', '{"action":"login","actor_id":"383b189e-acec-4989-94b3-a0267f4501bb","actor_username":"admin@apillis.com","actor_via_sso":false,"log_type":"account","traits":{"provider":"email"}}', '2025-09-07 12:42:14.287208+00', ''),
	('00000000-0000-0000-0000-000000000000', '8d3e71df-1429-4ca0-8c30-8130f3eb38e5', '{"action":"login","actor_id":"660e8400-e29b-41d4-a716-446655440003","actor_username":"nguyen.van.a@apillis.com","actor_via_sso":false,"log_type":"account","traits":{"provider":"email"}}', '2025-09-07 12:43:24.410652+00', ''),
	('00000000-0000-0000-0000-000000000000', '8d75c029-7f31-46f2-822f-83a47ed5f607', '{"action":"login","actor_id":"383b189e-acec-4989-94b3-a0267f4501bb","actor_username":"admin@apillis.com","actor_via_sso":false,"log_type":"account","traits":{"provider":"email"}}', '2025-09-07 12:45:33.551575+00', ''),
	('00000000-0000-0000-0000-000000000000', '084a842e-68e5-4889-acb3-533bad4d3deb', '{"action":"token_refreshed","actor_id":"660e8400-e29b-41d4-a716-446655440003","actor_username":"nguyen.van.a@apillis.com","actor_via_sso":false,"log_type":"token"}', '2025-09-07 13:41:55.63613+00', ''),
	('00000000-0000-0000-0000-000000000000', '216126e3-e4d1-4cff-a1c6-db1886ae502b', '{"action":"token_revoked","actor_id":"660e8400-e29b-41d4-a716-446655440003","actor_username":"nguyen.van.a@apillis.com","actor_via_sso":false,"log_type":"token"}', '2025-09-07 13:41:55.636922+00', ''),
	('00000000-0000-0000-0000-000000000000', 'c5a20596-7ee1-4fa4-989c-c163a6c6d3dd', '{"action":"token_refreshed","actor_id":"660e8400-e29b-41d4-a716-446655440003","actor_username":"nguyen.van.a@apillis.com","actor_via_sso":false,"log_type":"token"}', '2025-09-07 14:24:39.032586+00', ''),
	('00000000-0000-0000-0000-000000000000', '8d1f3bce-4168-493f-b7c9-30dac02ae1b9', '{"action":"token_revoked","actor_id":"660e8400-e29b-41d4-a716-446655440003","actor_username":"nguyen.van.a@apillis.com","actor_via_sso":false,"log_type":"token"}', '2025-09-07 14:24:39.035335+00', ''),
	('00000000-0000-0000-0000-000000000000', '01f6a2f1-f1ea-4863-94f5-3324f9f3150d', '{"action":"token_refreshed","actor_id":"660e8400-e29b-41d4-a716-446655440003","actor_username":"nguyen.van.a@apillis.com","actor_via_sso":false,"log_type":"token"}', '2025-09-08 00:14:55.810189+00', ''),
	('00000000-0000-0000-0000-000000000000', '2dfdc0fd-260f-4dd2-8863-09fb6c8d626e', '{"action":"token_revoked","actor_id":"660e8400-e29b-41d4-a716-446655440003","actor_username":"nguyen.van.a@apillis.com","actor_via_sso":false,"log_type":"token"}', '2025-09-08 00:14:55.810822+00', ''),
	('00000000-0000-0000-0000-000000000000', 'e64a9edd-274d-45be-bca8-5a7f1dc5a036', '{"action":"logout","actor_id":"660e8400-e29b-41d4-a716-446655440003","actor_username":"nguyen.van.a@apillis.com","actor_via_sso":false,"log_type":"account"}', '2025-09-08 00:36:39.466854+00', ''),
	('00000000-0000-0000-0000-000000000000', '36924439-6a33-4433-8479-af2296e3994b', '{"action":"login","actor_id":"383b189e-acec-4989-94b3-a0267f4501bb","actor_username":"admin@apillis.com","actor_via_sso":false,"log_type":"account","traits":{"provider":"email"}}', '2025-09-08 00:45:05.435213+00', ''),
	('00000000-0000-0000-0000-000000000000', 'fbc9207b-a0c8-409d-867a-e019565067eb', '{"action":"token_refreshed","actor_id":"383b189e-acec-4989-94b3-a0267f4501bb","actor_username":"admin@apillis.com","actor_via_sso":false,"log_type":"token"}', '2025-09-08 01:43:18.002966+00', ''),
	('00000000-0000-0000-0000-000000000000', 'a0c97596-ac44-4681-9e97-c1ffbb1f5604', '{"action":"token_revoked","actor_id":"383b189e-acec-4989-94b3-a0267f4501bb","actor_username":"admin@apillis.com","actor_via_sso":false,"log_type":"token"}', '2025-09-08 01:43:18.004318+00', ''),
	('00000000-0000-0000-0000-000000000000', '263331f3-7de2-492e-8acd-4ebb9c07ccc5', '{"action":"token_refreshed","actor_id":"383b189e-acec-4989-94b3-a0267f4501bb","actor_username":"admin@apillis.com","actor_via_sso":false,"log_type":"token"}', '2025-09-08 02:43:58.017401+00', ''),
	('00000000-0000-0000-0000-000000000000', '0ad1d33e-72db-4e54-b7eb-a35c031d8733', '{"action":"token_revoked","actor_id":"383b189e-acec-4989-94b3-a0267f4501bb","actor_username":"admin@apillis.com","actor_via_sso":false,"log_type":"token"}', '2025-09-08 02:43:58.018242+00', ''),
	('00000000-0000-0000-0000-000000000000', 'd8d7166b-0e75-4386-8115-d2353d2696b6', '{"action":"logout","actor_id":"383b189e-acec-4989-94b3-a0267f4501bb","actor_username":"admin@apillis.com","actor_via_sso":false,"log_type":"account"}', '2025-09-08 02:43:58.046817+00', ''),
	('00000000-0000-0000-0000-000000000000', '7aecf523-4b9b-440b-82dc-e3fd14b2dd16', '{"action":"login","actor_id":"383b189e-acec-4989-94b3-a0267f4501bb","actor_username":"admin@apillis.com","actor_via_sso":false,"log_type":"account","traits":{"provider":"email"}}', '2025-09-08 05:36:40.642025+00', ''),
	('00000000-0000-0000-0000-000000000000', 'ded859df-0c14-4110-9823-fe272e07e601', '{"action":"login","actor_id":"383b189e-acec-4989-94b3-a0267f4501bb","actor_username":"admin@apillis.com","actor_via_sso":false,"log_type":"account","traits":{"provider":"email"}}', '2025-09-08 05:37:12.682416+00', ''),
	('00000000-0000-0000-0000-000000000000', '9aab98ea-b141-4fcd-b1fb-eeddf924ae8a', '{"action":"login","actor_id":"383b189e-acec-4989-94b3-a0267f4501bb","actor_username":"admin@apillis.com","actor_via_sso":false,"log_type":"account","traits":{"provider":"email"}}', '2025-09-08 05:42:41.635919+00', ''),
	('00000000-0000-0000-0000-000000000000', '3aade859-de61-40b1-81c6-a18b23c1da58', '{"action":"login","actor_id":"383b189e-acec-4989-94b3-a0267f4501bb","actor_username":"admin@apillis.com","actor_via_sso":false,"log_type":"account","traits":{"provider":"email"}}', '2025-09-08 05:51:11.002562+00', ''),
	('00000000-0000-0000-0000-000000000000', '46ed008a-c7de-4b86-b8d8-2d7062817eb6', '{"action":"login","actor_id":"383b189e-acec-4989-94b3-a0267f4501bb","actor_username":"admin@apillis.com","actor_via_sso":false,"log_type":"account","traits":{"provider":"email"}}', '2025-09-08 05:55:10.5023+00', ''),
	('00000000-0000-0000-0000-000000000000', '63f06f63-c0bd-4569-8510-a524ca79cc60', '{"action":"login","actor_id":"383b189e-acec-4989-94b3-a0267f4501bb","actor_username":"admin@apillis.com","actor_via_sso":false,"log_type":"account","traits":{"provider":"email"}}', '2025-09-08 05:55:46.588415+00', ''),
	('00000000-0000-0000-0000-000000000000', 'd798e47c-3e87-414a-8cea-787e96c75f5c', '{"action":"token_refreshed","actor_id":"383b189e-acec-4989-94b3-a0267f4501bb","actor_username":"admin@apillis.com","actor_via_sso":false,"log_type":"token"}', '2025-09-08 06:54:12.425508+00', ''),
	('00000000-0000-0000-0000-000000000000', 'f7f08296-042d-4199-beb7-a4b4e49a16a3', '{"action":"token_revoked","actor_id":"383b189e-acec-4989-94b3-a0267f4501bb","actor_username":"admin@apillis.com","actor_via_sso":false,"log_type":"token"}', '2025-09-08 06:54:12.426336+00', ''),
	('00000000-0000-0000-0000-000000000000', 'ae6b1d7d-7626-4cea-b8c0-ea3f9af0dcd8', '{"action":"token_refreshed","actor_id":"383b189e-acec-4989-94b3-a0267f4501bb","actor_username":"admin@apillis.com","actor_via_sso":false,"log_type":"token"}', '2025-09-08 07:52:23.993917+00', ''),
	('00000000-0000-0000-0000-000000000000', '2980fcc4-d09e-49ed-bbb5-89bcd57fe161', '{"action":"token_revoked","actor_id":"383b189e-acec-4989-94b3-a0267f4501bb","actor_username":"admin@apillis.com","actor_via_sso":false,"log_type":"token"}', '2025-09-08 07:52:23.994921+00', ''),
	('00000000-0000-0000-0000-000000000000', 'd15893b4-c0e4-484b-b9f2-d3849abca3da', '{"action":"token_refreshed","actor_id":"383b189e-acec-4989-94b3-a0267f4501bb","actor_username":"admin@apillis.com","actor_via_sso":false,"log_type":"token"}', '2025-09-08 08:50:26.593858+00', ''),
	('00000000-0000-0000-0000-000000000000', '15339ff8-a3c3-4164-bfba-bcfbfcffcf90', '{"action":"token_revoked","actor_id":"383b189e-acec-4989-94b3-a0267f4501bb","actor_username":"admin@apillis.com","actor_via_sso":false,"log_type":"token"}', '2025-09-08 08:50:26.594653+00', ''),
	('00000000-0000-0000-0000-000000000000', '2b7f9aa9-4dca-47cd-b28f-99b916154e95', '{"action":"token_refreshed","actor_id":"383b189e-acec-4989-94b3-a0267f4501bb","actor_username":"admin@apillis.com","actor_via_sso":false,"log_type":"token"}', '2025-09-08 09:51:13.354818+00', ''),
	('00000000-0000-0000-0000-000000000000', 'd3213b58-12ef-4279-b35a-d34a5773132d', '{"action":"token_revoked","actor_id":"383b189e-acec-4989-94b3-a0267f4501bb","actor_username":"admin@apillis.com","actor_via_sso":false,"log_type":"token"}', '2025-09-08 09:51:13.355431+00', ''),
	('00000000-0000-0000-0000-000000000000', '52717661-193b-4120-a9ea-c2e5c5abb60d', '{"action":"logout","actor_id":"383b189e-acec-4989-94b3-a0267f4501bb","actor_username":"admin@apillis.com","actor_via_sso":false,"log_type":"account"}', '2025-09-08 09:51:13.558963+00', ''),
	('00000000-0000-0000-0000-000000000000', '3567a78f-7b4a-40df-8544-6a7b4a679655', '{"action":"login","actor_id":"660e8400-e29b-41d4-a716-446655440003","actor_username":"nguyen.van.a@apillis.com","actor_via_sso":false,"log_type":"account","traits":{"provider":"email"}}', '2025-09-08 09:52:34.797896+00', ''),
	('00000000-0000-0000-0000-000000000000', '254010a2-9281-4d9b-96fe-6dc2a596aac2', '{"action":"token_refreshed","actor_id":"660e8400-e29b-41d4-a716-446655440003","actor_username":"nguyen.van.a@apillis.com","actor_via_sso":false,"log_type":"token"}', '2025-09-08 10:50:43.491187+00', ''),
	('00000000-0000-0000-0000-000000000000', '0e76216f-da25-4313-9893-9bf894145571', '{"action":"token_revoked","actor_id":"660e8400-e29b-41d4-a716-446655440003","actor_username":"nguyen.van.a@apillis.com","actor_via_sso":false,"log_type":"token"}', '2025-09-08 10:50:43.491691+00', ''),
	('00000000-0000-0000-0000-000000000000', '76dd42cf-eafa-4898-976a-798f5561fcf8', '{"action":"token_refreshed","actor_id":"660e8400-e29b-41d4-a716-446655440003","actor_username":"nguyen.van.a@apillis.com","actor_via_sso":false,"log_type":"token"}', '2025-09-08 12:32:45.268898+00', ''),
	('00000000-0000-0000-0000-000000000000', '606aa708-a993-45d5-a068-269019d03b46', '{"action":"token_revoked","actor_id":"660e8400-e29b-41d4-a716-446655440003","actor_username":"nguyen.van.a@apillis.com","actor_via_sso":false,"log_type":"token"}', '2025-09-08 12:32:45.269866+00', ''),
	('00000000-0000-0000-0000-000000000000', 'c6a429f9-dc44-48bd-a257-a3c0fc16c0e5', '{"action":"token_refreshed","actor_id":"660e8400-e29b-41d4-a716-446655440003","actor_username":"nguyen.van.a@apillis.com","actor_via_sso":false,"log_type":"token"}', '2025-09-08 13:31:05.139639+00', ''),
	('00000000-0000-0000-0000-000000000000', 'd9251611-679a-4c92-aad2-40c352199f31', '{"action":"token_revoked","actor_id":"660e8400-e29b-41d4-a716-446655440003","actor_username":"nguyen.van.a@apillis.com","actor_via_sso":false,"log_type":"token"}', '2025-09-08 13:31:05.140255+00', ''),
	('00000000-0000-0000-0000-000000000000', '428f682c-5017-44e3-8d24-c9a637523cf2', '{"action":"token_refreshed","actor_id":"660e8400-e29b-41d4-a716-446655440003","actor_username":"nguyen.van.a@apillis.com","actor_via_sso":false,"log_type":"token"}', '2025-09-08 14:29:59.733756+00', ''),
	('00000000-0000-0000-0000-000000000000', '1ce6da01-ba8e-4aee-8116-2ebc413d0d6c', '{"action":"token_revoked","actor_id":"660e8400-e29b-41d4-a716-446655440003","actor_username":"nguyen.van.a@apillis.com","actor_via_sso":false,"log_type":"token"}', '2025-09-08 14:29:59.734519+00', ''),
	('00000000-0000-0000-0000-000000000000', '01387883-21f1-4784-97f8-6638a5ac8c38', '{"action":"token_refreshed","actor_id":"660e8400-e29b-41d4-a716-446655440003","actor_username":"nguyen.van.a@apillis.com","actor_via_sso":false,"log_type":"token"}', '2025-09-08 15:28:39.646092+00', ''),
	('00000000-0000-0000-0000-000000000000', 'b0625e6a-c361-4ee1-9765-ce30ad8090cb', '{"action":"token_revoked","actor_id":"660e8400-e29b-41d4-a716-446655440003","actor_username":"nguyen.van.a@apillis.com","actor_via_sso":false,"log_type":"token"}', '2025-09-08 15:28:39.647549+00', ''),
	('00000000-0000-0000-0000-000000000000', '5b25f46d-3b7d-4891-b18e-b95c6a986290', '{"action":"token_refreshed","actor_id":"660e8400-e29b-41d4-a716-446655440003","actor_username":"nguyen.van.a@apillis.com","actor_via_sso":false,"log_type":"token"}', '2025-09-08 16:14:12.608135+00', ''),
	('00000000-0000-0000-0000-000000000000', 'c9364d7c-30e1-44fb-b39e-7e5cfadf8cdc', '{"action":"token_revoked","actor_id":"660e8400-e29b-41d4-a716-446655440003","actor_username":"nguyen.van.a@apillis.com","actor_via_sso":false,"log_type":"token"}', '2025-09-08 16:14:12.609198+00', ''),
	('00000000-0000-0000-0000-000000000000', 'dae80473-115e-4643-b9f1-82c4c393e167', '{"action":"token_refreshed","actor_id":"660e8400-e29b-41d4-a716-446655440003","actor_username":"nguyen.van.a@apillis.com","actor_via_sso":false,"log_type":"token"}', '2025-09-08 17:41:08.231629+00', ''),
	('00000000-0000-0000-0000-000000000000', '5e1f9c7f-f18d-44cc-9ecc-c2f04dbe83d6', '{"action":"token_revoked","actor_id":"660e8400-e29b-41d4-a716-446655440003","actor_username":"nguyen.van.a@apillis.com","actor_via_sso":false,"log_type":"token"}', '2025-09-08 17:41:08.232153+00', ''),
	('00000000-0000-0000-0000-000000000000', 'cc6266bf-e5b4-4b87-bcbb-0a1b56514060', '{"action":"logout","actor_id":"660e8400-e29b-41d4-a716-446655440003","actor_username":"nguyen.van.a@apillis.com","actor_via_sso":false,"log_type":"account"}', '2025-09-08 17:41:08.503724+00', ''),
	('00000000-0000-0000-0000-000000000000', '99c5f152-26df-456a-b777-f23480cb3d5d', '{"action":"login","actor_id":"660e8400-e29b-41d4-a716-446655440003","actor_username":"nguyen.van.a@apillis.com","actor_via_sso":false,"log_type":"account","traits":{"provider":"email"}}', '2025-09-08 22:56:34.318051+00', ''),
	('00000000-0000-0000-0000-000000000000', '09a52317-299c-463c-bd1c-da917ac8d5a0', '{"action":"token_refreshed","actor_id":"660e8400-e29b-41d4-a716-446655440003","actor_username":"nguyen.van.a@apillis.com","actor_via_sso":false,"log_type":"token"}', '2025-09-09 00:07:59.205872+00', ''),
	('00000000-0000-0000-0000-000000000000', '4997dc7c-d0f9-4942-a89d-f90422686485', '{"action":"token_revoked","actor_id":"660e8400-e29b-41d4-a716-446655440003","actor_username":"nguyen.van.a@apillis.com","actor_via_sso":false,"log_type":"token"}', '2025-09-09 00:07:59.206888+00', ''),
	('00000000-0000-0000-0000-000000000000', '94116383-93ba-447f-8f25-9354adf3c1c0', '{"action":"logout","actor_id":"660e8400-e29b-41d4-a716-446655440003","actor_username":"nguyen.van.a@apillis.com","actor_via_sso":false,"log_type":"account"}', '2025-09-09 00:07:59.282426+00', ''),
	('00000000-0000-0000-0000-000000000000', '2628fac5-4968-4c53-8f10-acad3af6f423', '{"action":"login","actor_id":"660e8400-e29b-41d4-a716-446655440003","actor_username":"nguyen.van.a@apillis.com","actor_via_sso":false,"log_type":"account","traits":{"provider":"email"}}', '2025-09-09 00:08:19.668821+00', ''),
	('00000000-0000-0000-0000-000000000000', '05c944e7-a86a-4bf1-a2be-69b7fe004cea', '{"action":"token_refreshed","actor_id":"660e8400-e29b-41d4-a716-446655440003","actor_username":"nguyen.van.a@apillis.com","actor_via_sso":false,"log_type":"token"}', '2025-09-09 09:06:47.576199+00', ''),
	('00000000-0000-0000-0000-000000000000', '30a99527-06d3-430d-a72a-aca2a065dc1e', '{"action":"token_revoked","actor_id":"660e8400-e29b-41d4-a716-446655440003","actor_username":"nguyen.van.a@apillis.com","actor_via_sso":false,"log_type":"token"}', '2025-09-09 09:06:47.576918+00', ''),
	('00000000-0000-0000-0000-000000000000', '0b44f5e2-03c8-4374-b123-b72f120a9178', '{"action":"token_refreshed","actor_id":"660e8400-e29b-41d4-a716-446655440003","actor_username":"nguyen.van.a@apillis.com","actor_via_sso":false,"log_type":"token"}', '2025-09-09 10:05:33.428076+00', ''),
	('00000000-0000-0000-0000-000000000000', 'ad980822-1ed4-4817-950f-2231d2acfaff', '{"action":"token_revoked","actor_id":"660e8400-e29b-41d4-a716-446655440003","actor_username":"nguyen.van.a@apillis.com","actor_via_sso":false,"log_type":"token"}', '2025-09-09 10:05:33.429137+00', ''),
	('00000000-0000-0000-0000-000000000000', '81f116bc-3707-456b-8e6c-07b243f6ffe0', '{"action":"token_refreshed","actor_id":"660e8400-e29b-41d4-a716-446655440003","actor_username":"nguyen.van.a@apillis.com","actor_via_sso":false,"log_type":"token"}', '2025-09-09 11:04:07.361193+00', ''),
	('00000000-0000-0000-0000-000000000000', '1eff3024-8567-411e-a5c7-d3532c4c2be7', '{"action":"token_revoked","actor_id":"660e8400-e29b-41d4-a716-446655440003","actor_username":"nguyen.van.a@apillis.com","actor_via_sso":false,"log_type":"token"}', '2025-09-09 11:04:07.364041+00', ''),
	('00000000-0000-0000-0000-000000000000', '6578e569-b1f0-4862-b104-e35803e18dad', '{"action":"token_refreshed","actor_id":"660e8400-e29b-41d4-a716-446655440003","actor_username":"nguyen.van.a@apillis.com","actor_via_sso":false,"log_type":"token"}', '2025-09-09 12:03:36.313208+00', ''),
	('00000000-0000-0000-0000-000000000000', 'f4962bbb-7cf3-4568-a192-049f41bf4590', '{"action":"token_revoked","actor_id":"660e8400-e29b-41d4-a716-446655440003","actor_username":"nguyen.van.a@apillis.com","actor_via_sso":false,"log_type":"token"}', '2025-09-09 12:03:36.316456+00', ''),
	('00000000-0000-0000-0000-000000000000', '06a620a8-3239-4ea1-a82c-14d2358da137', '{"action":"login","actor_id":"660e8400-e29b-41d4-a716-446655440003","actor_username":"nguyen.van.a@apillis.com","actor_via_sso":false,"log_type":"account","traits":{"provider":"email"}}', '2025-09-09 13:07:24.178574+00', ''),
	('00000000-0000-0000-0000-000000000000', '82b127bc-504d-43ce-b16f-bacf7eb6545f', '{"action":"logout","actor_id":"660e8400-e29b-41d4-a716-446655440003","actor_username":"nguyen.van.a@apillis.com","actor_via_sso":false,"log_type":"account"}', '2025-09-09 13:07:24.300862+00', ''),
	('00000000-0000-0000-0000-000000000000', '64b1ab8b-52a2-4815-9022-84933f5f3e65', '{"action":"login","actor_id":"660e8400-e29b-41d4-a716-446655440003","actor_username":"nguyen.van.a@apillis.com","actor_via_sso":false,"log_type":"account","traits":{"provider":"email"}}', '2025-09-09 13:13:10.894742+00', ''),
	('00000000-0000-0000-0000-000000000000', '02fe28db-916c-4668-93b5-466289698c28', '{"action":"token_refreshed","actor_id":"660e8400-e29b-41d4-a716-446655440003","actor_username":"nguyen.van.a@apillis.com","actor_via_sso":false,"log_type":"token"}', '2025-09-09 14:12:36.380132+00', ''),
	('00000000-0000-0000-0000-000000000000', 'a101b1fe-07cb-4569-8eb3-251a922dc20e', '{"action":"token_revoked","actor_id":"660e8400-e29b-41d4-a716-446655440003","actor_username":"nguyen.van.a@apillis.com","actor_via_sso":false,"log_type":"token"}', '2025-09-09 14:12:36.380838+00', ''),
	('00000000-0000-0000-0000-000000000000', '4637783f-9328-44c8-8dd5-34a0c0d79e74', '{"action":"token_refreshed","actor_id":"660e8400-e29b-41d4-a716-446655440003","actor_username":"nguyen.van.a@apillis.com","actor_via_sso":false,"log_type":"token"}', '2025-09-09 18:28:06.414398+00', ''),
	('00000000-0000-0000-0000-000000000000', '6b0de1ab-ebf3-44ce-a03f-0c98d8ddc1cb', '{"action":"token_revoked","actor_id":"660e8400-e29b-41d4-a716-446655440003","actor_username":"nguyen.van.a@apillis.com","actor_via_sso":false,"log_type":"token"}', '2025-09-09 18:28:06.415514+00', ''),
	('00000000-0000-0000-0000-000000000000', '4def4f42-ba74-4a82-9f48-ebbdc32d00c1', '{"action":"token_refreshed","actor_id":"660e8400-e29b-41d4-a716-446655440003","actor_username":"nguyen.van.a@apillis.com","actor_via_sso":false,"log_type":"token"}', '2025-09-09 18:28:06.457284+00', ''),
	('00000000-0000-0000-0000-000000000000', '239f470c-89f1-471f-a96a-2a9c23a6d073', '{"action":"token_revoked","actor_id":"660e8400-e29b-41d4-a716-446655440003","actor_username":"nguyen.van.a@apillis.com","actor_via_sso":false,"log_type":"token"}', '2025-09-09 18:28:06.458521+00', ''),
	('00000000-0000-0000-0000-000000000000', '452a28e9-4b10-431d-8ccf-772000e4fb89', '{"action":"token_refreshed","actor_id":"660e8400-e29b-41d4-a716-446655440003","actor_username":"nguyen.van.a@apillis.com","actor_via_sso":false,"log_type":"token"}', '2025-09-09 18:28:06.49627+00', ''),
	('00000000-0000-0000-0000-000000000000', 'e7927a92-a500-487a-84f7-e92cc36194fe', '{"action":"token_revoked","actor_id":"660e8400-e29b-41d4-a716-446655440003","actor_username":"nguyen.van.a@apillis.com","actor_via_sso":false,"log_type":"token"}', '2025-09-09 18:28:06.497013+00', ''),
	('00000000-0000-0000-0000-000000000000', 'e0f70a3d-c771-4493-8e5a-7cdc8b43624e', '{"action":"token_refreshed","actor_id":"660e8400-e29b-41d4-a716-446655440003","actor_username":"nguyen.van.a@apillis.com","actor_via_sso":false,"log_type":"token"}', '2025-09-09 18:28:06.548343+00', ''),
	('00000000-0000-0000-0000-000000000000', '384c0948-abcd-4afd-8bba-6ef2211b0798', '{"action":"token_revoked","actor_id":"660e8400-e29b-41d4-a716-446655440003","actor_username":"nguyen.van.a@apillis.com","actor_via_sso":false,"log_type":"token"}', '2025-09-09 18:28:06.549882+00', ''),
	('00000000-0000-0000-0000-000000000000', 'ccae7bbe-603a-417e-8c28-ee20cf2a25b4', '{"action":"token_refreshed","actor_id":"660e8400-e29b-41d4-a716-446655440003","actor_username":"nguyen.van.a@apillis.com","actor_via_sso":false,"log_type":"token"}', '2025-09-09 18:28:06.648099+00', ''),
	('00000000-0000-0000-0000-000000000000', '0cab4804-d00a-4338-ae30-fc33265c4e74', '{"action":"token_revoked","actor_id":"660e8400-e29b-41d4-a716-446655440003","actor_username":"nguyen.van.a@apillis.com","actor_via_sso":false,"log_type":"token"}', '2025-09-09 18:28:06.648549+00', ''),
	('00000000-0000-0000-0000-000000000000', '9823dc05-0ed5-4844-a3de-d2248d208346', '{"action":"token_refreshed","actor_id":"660e8400-e29b-41d4-a716-446655440003","actor_username":"nguyen.van.a@apillis.com","actor_via_sso":false,"log_type":"token"}', '2025-09-09 18:28:06.671504+00', ''),
	('00000000-0000-0000-0000-000000000000', '174352c1-d227-45f4-9619-2c280a556b73', '{"action":"token_revoked","actor_id":"660e8400-e29b-41d4-a716-446655440003","actor_username":"nguyen.van.a@apillis.com","actor_via_sso":false,"log_type":"token"}', '2025-09-09 18:28:06.672471+00', ''),
	('00000000-0000-0000-0000-000000000000', '38fcbf6f-8665-4eb4-afda-c565f3b145b7', '{"action":"token_refreshed","actor_id":"660e8400-e29b-41d4-a716-446655440003","actor_username":"nguyen.van.a@apillis.com","actor_via_sso":false,"log_type":"token"}', '2025-09-09 18:28:06.69349+00', ''),
	('00000000-0000-0000-0000-000000000000', '54059584-915c-4698-8129-2eeb87d887e4', '{"action":"token_revoked","actor_id":"660e8400-e29b-41d4-a716-446655440003","actor_username":"nguyen.van.a@apillis.com","actor_via_sso":false,"log_type":"token"}', '2025-09-09 18:28:06.69571+00', ''),
	('00000000-0000-0000-0000-000000000000', '403e9a19-e4a4-4092-bae4-f5dd2c5ca29a', '{"action":"token_refreshed","actor_id":"660e8400-e29b-41d4-a716-446655440003","actor_username":"nguyen.van.a@apillis.com","actor_via_sso":false,"log_type":"token"}', '2025-09-09 18:28:06.724539+00', ''),
	('00000000-0000-0000-0000-000000000000', 'd45a14ce-d58f-444c-adb3-ac9b66f5515f', '{"action":"token_revoked","actor_id":"660e8400-e29b-41d4-a716-446655440003","actor_username":"nguyen.van.a@apillis.com","actor_via_sso":false,"log_type":"token"}', '2025-09-09 18:28:06.727562+00', ''),
	('00000000-0000-0000-0000-000000000000', '1d916366-cbc2-4164-bef0-ea009bdfaa61', '{"action":"token_refreshed","actor_id":"660e8400-e29b-41d4-a716-446655440003","actor_username":"nguyen.van.a@apillis.com","actor_via_sso":false,"log_type":"token"}', '2025-09-09 18:28:06.755913+00', ''),
	('00000000-0000-0000-0000-000000000000', '6d0d6309-22aa-4d27-b2bb-5deeaa37dbbc', '{"action":"token_revoked","actor_id":"660e8400-e29b-41d4-a716-446655440003","actor_username":"nguyen.van.a@apillis.com","actor_via_sso":false,"log_type":"token"}', '2025-09-09 18:28:06.757497+00', ''),
	('00000000-0000-0000-0000-000000000000', '2b58b604-afac-4b22-abd0-df420ff2358b', '{"action":"token_refreshed","actor_id":"660e8400-e29b-41d4-a716-446655440003","actor_username":"nguyen.van.a@apillis.com","actor_via_sso":false,"log_type":"token"}', '2025-09-09 18:28:06.824112+00', ''),
	('00000000-0000-0000-0000-000000000000', '0abadc12-d23c-41b8-81f2-8cae01afd485', '{"action":"token_revoked","actor_id":"660e8400-e29b-41d4-a716-446655440003","actor_username":"nguyen.van.a@apillis.com","actor_via_sso":false,"log_type":"token"}', '2025-09-09 18:28:06.825227+00', ''),
	('00000000-0000-0000-0000-000000000000', '6ff4e43b-ee68-4820-8c74-494968555e41', '{"action":"token_refreshed","actor_id":"660e8400-e29b-41d4-a716-446655440003","actor_username":"nguyen.van.a@apillis.com","actor_via_sso":false,"log_type":"token"}', '2025-09-09 18:28:06.855491+00', ''),
	('00000000-0000-0000-0000-000000000000', '160a13a5-4be4-47e4-ab6a-275fede101d9', '{"action":"token_revoked","actor_id":"660e8400-e29b-41d4-a716-446655440003","actor_username":"nguyen.van.a@apillis.com","actor_via_sso":false,"log_type":"token"}', '2025-09-09 18:28:06.857811+00', ''),
	('00000000-0000-0000-0000-000000000000', '52e7942b-bbdb-471e-9f4a-8dde43bd7693', '{"action":"token_refreshed","actor_id":"660e8400-e29b-41d4-a716-446655440003","actor_username":"nguyen.van.a@apillis.com","actor_via_sso":false,"log_type":"token"}', '2025-09-09 18:28:06.894799+00', ''),
	('00000000-0000-0000-0000-000000000000', '70d58d71-74f5-4afc-bc4c-9d29f15851cb', '{"action":"token_revoked","actor_id":"660e8400-e29b-41d4-a716-446655440003","actor_username":"nguyen.van.a@apillis.com","actor_via_sso":false,"log_type":"token"}', '2025-09-09 18:28:06.896166+00', ''),
	('00000000-0000-0000-0000-000000000000', '8830ca1e-30cc-4864-8c07-91023ddeca78', '{"action":"token_refreshed","actor_id":"660e8400-e29b-41d4-a716-446655440003","actor_username":"nguyen.van.a@apillis.com","actor_via_sso":false,"log_type":"token"}', '2025-09-09 18:28:06.917719+00', ''),
	('00000000-0000-0000-0000-000000000000', 'bc3e5462-5acd-4359-8817-6c458b4ad194', '{"action":"token_revoked","actor_id":"660e8400-e29b-41d4-a716-446655440003","actor_username":"nguyen.van.a@apillis.com","actor_via_sso":false,"log_type":"token"}', '2025-09-09 18:28:06.918959+00', ''),
	('00000000-0000-0000-0000-000000000000', 'a0df9030-7f63-446d-8b26-6184cb6f5fde', '{"action":"token_refreshed","actor_id":"660e8400-e29b-41d4-a716-446655440003","actor_username":"nguyen.van.a@apillis.com","actor_via_sso":false,"log_type":"token"}', '2025-09-09 18:28:06.945024+00', ''),
	('00000000-0000-0000-0000-000000000000', 'fc2e5866-7519-416c-86ab-c2dde9fb3032', '{"action":"token_revoked","actor_id":"660e8400-e29b-41d4-a716-446655440003","actor_username":"nguyen.van.a@apillis.com","actor_via_sso":false,"log_type":"token"}', '2025-09-09 18:28:06.949805+00', ''),
	('00000000-0000-0000-0000-000000000000', '331c792a-f35b-481c-85ef-c7864b6edb20', '{"action":"token_refreshed","actor_id":"660e8400-e29b-41d4-a716-446655440003","actor_username":"nguyen.van.a@apillis.com","actor_via_sso":false,"log_type":"token"}', '2025-09-09 18:28:06.995181+00', ''),
	('00000000-0000-0000-0000-000000000000', '493ce877-7071-45b1-9305-339909f94252', '{"action":"token_revoked","actor_id":"660e8400-e29b-41d4-a716-446655440003","actor_username":"nguyen.van.a@apillis.com","actor_via_sso":false,"log_type":"token"}', '2025-09-09 18:28:06.996203+00', ''),
	('00000000-0000-0000-0000-000000000000', '00af382f-a233-4cf5-ba6b-534f9d5e9263', '{"action":"token_refreshed","actor_id":"660e8400-e29b-41d4-a716-446655440003","actor_username":"nguyen.van.a@apillis.com","actor_via_sso":false,"log_type":"token"}', '2025-09-09 18:28:07.017983+00', ''),
	('00000000-0000-0000-0000-000000000000', 'c64e438f-b541-4540-896d-1bdb6df55f19', '{"action":"token_revoked","actor_id":"660e8400-e29b-41d4-a716-446655440003","actor_username":"nguyen.van.a@apillis.com","actor_via_sso":false,"log_type":"token"}', '2025-09-09 18:28:07.019695+00', ''),
	('00000000-0000-0000-0000-000000000000', '57a4ee97-46aa-4e08-8d82-dbfdb36937d1', '{"action":"token_refreshed","actor_id":"660e8400-e29b-41d4-a716-446655440003","actor_username":"nguyen.van.a@apillis.com","actor_via_sso":false,"log_type":"token"}', '2025-09-09 18:28:07.04929+00', ''),
	('00000000-0000-0000-0000-000000000000', 'cf600970-62bc-45d1-9361-c1588b5cc95e', '{"action":"token_revoked","actor_id":"660e8400-e29b-41d4-a716-446655440003","actor_username":"nguyen.van.a@apillis.com","actor_via_sso":false,"log_type":"token"}', '2025-09-09 18:28:07.051129+00', ''),
	('00000000-0000-0000-0000-000000000000', '884198ba-8c8a-426d-b408-c12e2b4ae14b', '{"action":"token_refreshed","actor_id":"660e8400-e29b-41d4-a716-446655440003","actor_username":"nguyen.van.a@apillis.com","actor_via_sso":false,"log_type":"token"}', '2025-09-09 18:28:07.078228+00', ''),
	('00000000-0000-0000-0000-000000000000', '7282f688-8888-44ff-90ba-efff9ad0a7d3', '{"action":"token_revoked","actor_id":"660e8400-e29b-41d4-a716-446655440003","actor_username":"nguyen.van.a@apillis.com","actor_via_sso":false,"log_type":"token"}', '2025-09-09 18:28:07.088997+00', ''),
	('00000000-0000-0000-0000-000000000000', 'ad612c91-5ab1-476d-8db7-58271aea5b8f', '{"action":"token_refreshed","actor_id":"660e8400-e29b-41d4-a716-446655440003","actor_username":"nguyen.van.a@apillis.com","actor_via_sso":false,"log_type":"token"}', '2025-09-09 18:28:07.109969+00', ''),
	('00000000-0000-0000-0000-000000000000', 'a3ca81ef-569f-4b51-a74e-8f4258978161', '{"action":"token_revoked","actor_id":"660e8400-e29b-41d4-a716-446655440003","actor_username":"nguyen.van.a@apillis.com","actor_via_sso":false,"log_type":"token"}', '2025-09-09 18:28:07.111306+00', ''),
	('00000000-0000-0000-0000-000000000000', '033060f3-719f-48af-b694-ca45a5e1fd89', '{"action":"logout","actor_id":"660e8400-e29b-41d4-a716-446655440003","actor_username":"nguyen.van.a@apillis.com","actor_via_sso":false,"log_type":"account"}', '2025-09-09 18:28:07.128337+00', ''),
	('00000000-0000-0000-0000-000000000000', 'ab5df528-94e9-4dfd-a825-2dcd86009237', '{"action":"login","actor_id":"660e8400-e29b-41d4-a716-446655440003","actor_username":"nguyen.van.a@apillis.com","actor_via_sso":false,"log_type":"account","traits":{"provider":"email"}}', '2025-09-10 02:43:21.671353+00', ''),
	('00000000-0000-0000-0000-000000000000', '62a5a24c-1d36-4793-86f3-c82567828fb0', '{"action":"token_refreshed","actor_id":"660e8400-e29b-41d4-a716-446655440003","actor_username":"nguyen.van.a@apillis.com","actor_via_sso":false,"log_type":"token"}', '2025-09-10 03:41:35.618261+00', ''),
	('00000000-0000-0000-0000-000000000000', 'ec65b2b8-77fa-45a3-885c-394a3370c5eb', '{"action":"token_revoked","actor_id":"660e8400-e29b-41d4-a716-446655440003","actor_username":"nguyen.van.a@apillis.com","actor_via_sso":false,"log_type":"token"}', '2025-09-10 03:41:35.618893+00', ''),
	('00000000-0000-0000-0000-000000000000', '0c700df3-ee14-41a9-9f92-0316f535bc43', '{"action":"token_refreshed","actor_id":"660e8400-e29b-41d4-a716-446655440003","actor_username":"nguyen.van.a@apillis.com","actor_via_sso":false,"log_type":"token"}', '2025-09-10 04:39:47.607343+00', ''),
	('00000000-0000-0000-0000-000000000000', '395b48e7-f74a-4e2a-adce-663d5a8c6996', '{"action":"token_revoked","actor_id":"660e8400-e29b-41d4-a716-446655440003","actor_username":"nguyen.van.a@apillis.com","actor_via_sso":false,"log_type":"token"}', '2025-09-10 04:39:47.607879+00', ''),
	('00000000-0000-0000-0000-000000000000', 'd5fce131-7156-4161-96b1-426f5ffbdcf5', '{"action":"token_refreshed","actor_id":"660e8400-e29b-41d4-a716-446655440003","actor_username":"nguyen.van.a@apillis.com","actor_via_sso":false,"log_type":"token"}', '2025-09-10 05:37:50.695787+00', ''),
	('00000000-0000-0000-0000-000000000000', '36433e94-5d34-4701-b40a-4be9e975c46e', '{"action":"token_revoked","actor_id":"660e8400-e29b-41d4-a716-446655440003","actor_username":"nguyen.van.a@apillis.com","actor_via_sso":false,"log_type":"token"}', '2025-09-10 05:37:50.696326+00', ''),
	('00000000-0000-0000-0000-000000000000', '301ca0f6-6660-43a0-b7db-18ef329ccbbf', '{"action":"token_refreshed","actor_id":"660e8400-e29b-41d4-a716-446655440003","actor_username":"nguyen.van.a@apillis.com","actor_via_sso":false,"log_type":"token"}', '2025-09-10 06:36:08.045459+00', ''),
	('00000000-0000-0000-0000-000000000000', '93e971a8-391e-4125-bc01-1fec4935939c', '{"action":"token_revoked","actor_id":"660e8400-e29b-41d4-a716-446655440003","actor_username":"nguyen.van.a@apillis.com","actor_via_sso":false,"log_type":"token"}', '2025-09-10 06:36:08.046212+00', ''),
	('00000000-0000-0000-0000-000000000000', '1f17345c-faaf-44c1-b249-e7bc3677f639', '{"action":"token_refreshed","actor_id":"660e8400-e29b-41d4-a716-446655440003","actor_username":"nguyen.van.a@apillis.com","actor_via_sso":false,"log_type":"token"}', '2025-09-10 07:51:41.681754+00', ''),
	('00000000-0000-0000-0000-000000000000', '3015f290-79e7-4eca-820b-94a28e392ce5', '{"action":"token_revoked","actor_id":"660e8400-e29b-41d4-a716-446655440003","actor_username":"nguyen.van.a@apillis.com","actor_via_sso":false,"log_type":"token"}', '2025-09-10 07:51:41.688297+00', ''),
	('00000000-0000-0000-0000-000000000000', 'b2183eb5-0265-488f-a744-071972551c43', '{"action":"token_refreshed","actor_id":"660e8400-e29b-41d4-a716-446655440003","actor_username":"nguyen.van.a@apillis.com","actor_via_sso":false,"log_type":"token"}', '2025-09-10 08:51:33.598991+00', ''),
	('00000000-0000-0000-0000-000000000000', '63ed2f5d-8ea2-4f7e-8a23-45e96294bd00', '{"action":"token_revoked","actor_id":"660e8400-e29b-41d4-a716-446655440003","actor_username":"nguyen.van.a@apillis.com","actor_via_sso":false,"log_type":"token"}', '2025-09-10 08:51:33.602014+00', ''),
	('00000000-0000-0000-0000-000000000000', '50979daa-b8b9-4dec-ae5a-c453883021de', '{"action":"token_refreshed","actor_id":"660e8400-e29b-41d4-a716-446655440003","actor_username":"nguyen.van.a@apillis.com","actor_via_sso":false,"log_type":"token"}', '2025-09-10 09:49:55.817659+00', ''),
	('00000000-0000-0000-0000-000000000000', 'd3537b40-f976-4bc9-b245-4afc2a9f4de2', '{"action":"token_revoked","actor_id":"660e8400-e29b-41d4-a716-446655440003","actor_username":"nguyen.van.a@apillis.com","actor_via_sso":false,"log_type":"token"}', '2025-09-10 09:49:55.818377+00', ''),
	('00000000-0000-0000-0000-000000000000', '4126ca5d-b1de-4718-bd2b-c54a0d6a5ee5', '{"action":"token_refreshed","actor_id":"660e8400-e29b-41d4-a716-446655440003","actor_username":"nguyen.van.a@apillis.com","actor_via_sso":false,"log_type":"token"}', '2025-09-10 10:47:01.604793+00', ''),
	('00000000-0000-0000-0000-000000000000', 'af97fe36-02d5-4ef0-aa1f-48ce3c665675', '{"action":"token_revoked","actor_id":"660e8400-e29b-41d4-a716-446655440003","actor_username":"nguyen.van.a@apillis.com","actor_via_sso":false,"log_type":"token"}', '2025-09-10 10:47:01.607211+00', ''),
	('00000000-0000-0000-0000-000000000000', '67cbc244-ff78-472f-8de5-7ddd287e64d7', '{"action":"token_refreshed","actor_id":"660e8400-e29b-41d4-a716-446655440003","actor_username":"nguyen.van.a@apillis.com","actor_via_sso":false,"log_type":"token"}', '2025-09-10 11:45:06.801138+00', ''),
	('00000000-0000-0000-0000-000000000000', '09133407-b7dc-4546-913a-c8bfc8abc0ee', '{"action":"token_revoked","actor_id":"660e8400-e29b-41d4-a716-446655440003","actor_username":"nguyen.van.a@apillis.com","actor_via_sso":false,"log_type":"token"}', '2025-09-10 11:45:06.801816+00', ''),
	('00000000-0000-0000-0000-000000000000', '8478a7fa-0435-4749-8431-aeb75525604c', '{"action":"token_refreshed","actor_id":"660e8400-e29b-41d4-a716-446655440003","actor_username":"nguyen.van.a@apillis.com","actor_via_sso":false,"log_type":"token"}', '2025-09-10 12:43:37.993401+00', ''),
	('00000000-0000-0000-0000-000000000000', '1b10159f-983f-4f2e-9521-de2400184c6f', '{"action":"token_revoked","actor_id":"660e8400-e29b-41d4-a716-446655440003","actor_username":"nguyen.van.a@apillis.com","actor_via_sso":false,"log_type":"token"}', '2025-09-10 12:43:37.99528+00', ''),
	('00000000-0000-0000-0000-000000000000', '17424432-ce22-4fcc-b137-f41583071aa7', '{"action":"token_refreshed","actor_id":"660e8400-e29b-41d4-a716-446655440003","actor_username":"nguyen.van.a@apillis.com","actor_via_sso":false,"log_type":"token"}', '2025-09-10 13:41:50.045819+00', ''),
	('00000000-0000-0000-0000-000000000000', '9bee7ad2-9441-4288-8d32-a7041397a441', '{"action":"token_revoked","actor_id":"660e8400-e29b-41d4-a716-446655440003","actor_username":"nguyen.van.a@apillis.com","actor_via_sso":false,"log_type":"token"}', '2025-09-10 13:41:50.047002+00', ''),
	('00000000-0000-0000-0000-000000000000', '06b724fb-bc52-42ec-9239-71c04e00c2f2', '{"action":"token_refreshed","actor_id":"660e8400-e29b-41d4-a716-446655440003","actor_username":"nguyen.van.a@apillis.com","actor_via_sso":false,"log_type":"token"}', '2025-09-10 14:39:54.167654+00', ''),
	('00000000-0000-0000-0000-000000000000', '0e2f9e7c-1cae-43b6-bc1e-7e3d584f470c', '{"action":"token_revoked","actor_id":"660e8400-e29b-41d4-a716-446655440003","actor_username":"nguyen.van.a@apillis.com","actor_via_sso":false,"log_type":"token"}', '2025-09-10 14:39:54.168488+00', ''),
	('00000000-0000-0000-0000-000000000000', '4f4235e5-c81e-48e8-9290-537536d110e7', '{"action":"token_refreshed","actor_id":"660e8400-e29b-41d4-a716-446655440003","actor_username":"nguyen.van.a@apillis.com","actor_via_sso":false,"log_type":"token"}', '2025-09-11 04:59:41.052263+00', ''),
	('00000000-0000-0000-0000-000000000000', '8f869efe-616b-481d-9278-d8d7ef064485', '{"action":"token_revoked","actor_id":"660e8400-e29b-41d4-a716-446655440003","actor_username":"nguyen.van.a@apillis.com","actor_via_sso":false,"log_type":"token"}', '2025-09-11 04:59:41.056307+00', ''),
	('00000000-0000-0000-0000-000000000000', '8f04ca69-6225-4254-9747-421fd5811c02', '{"action":"token_refreshed","actor_id":"660e8400-e29b-41d4-a716-446655440003","actor_username":"nguyen.van.a@apillis.com","actor_via_sso":false,"log_type":"token"}', '2025-09-11 05:58:15.87321+00', ''),
	('00000000-0000-0000-0000-000000000000', '57c50694-3a06-438a-a272-e8d27b1ea69b', '{"action":"token_revoked","actor_id":"660e8400-e29b-41d4-a716-446655440003","actor_username":"nguyen.van.a@apillis.com","actor_via_sso":false,"log_type":"token"}', '2025-09-11 05:58:15.874193+00', ''),
	('00000000-0000-0000-0000-000000000000', 'cc79d1b3-0b8e-4457-b111-284a354ac8e5', '{"action":"token_refreshed","actor_id":"660e8400-e29b-41d4-a716-446655440003","actor_username":"nguyen.van.a@apillis.com","actor_via_sso":false,"log_type":"token"}', '2025-09-11 23:00:25.659397+00', ''),
	('00000000-0000-0000-0000-000000000000', '0e14734e-e2b1-407c-8648-4cfde9458b96', '{"action":"token_revoked","actor_id":"660e8400-e29b-41d4-a716-446655440003","actor_username":"nguyen.van.a@apillis.com","actor_via_sso":false,"log_type":"token"}', '2025-09-11 23:00:25.660707+00', ''),
	('00000000-0000-0000-0000-000000000000', 'eb12d96a-c86c-430b-b09b-18280c52a3b0', '{"action":"token_refreshed","actor_id":"660e8400-e29b-41d4-a716-446655440003","actor_username":"nguyen.van.a@apillis.com","actor_via_sso":false,"log_type":"token"}', '2025-09-11 23:58:54.447865+00', ''),
	('00000000-0000-0000-0000-000000000000', '6579e7d5-a064-408b-b4e7-4293ce616b64', '{"action":"token_revoked","actor_id":"660e8400-e29b-41d4-a716-446655440003","actor_username":"nguyen.van.a@apillis.com","actor_via_sso":false,"log_type":"token"}', '2025-09-11 23:58:54.448725+00', ''),
	('00000000-0000-0000-0000-000000000000', 'c35b4bc0-dfc9-4060-ac5a-195e947d0f07', '{"action":"token_refreshed","actor_id":"660e8400-e29b-41d4-a716-446655440003","actor_username":"nguyen.van.a@apillis.com","actor_via_sso":false,"log_type":"token"}', '2025-09-12 00:57:07.352981+00', ''),
	('00000000-0000-0000-0000-000000000000', '5cdf6473-f114-4cf4-a147-01d7975a6c9d', '{"action":"token_revoked","actor_id":"660e8400-e29b-41d4-a716-446655440003","actor_username":"nguyen.van.a@apillis.com","actor_via_sso":false,"log_type":"token"}', '2025-09-12 00:57:07.353938+00', ''),
	('00000000-0000-0000-0000-000000000000', '7e81e547-d43d-45de-83a1-067034098290', '{"action":"token_refreshed","actor_id":"660e8400-e29b-41d4-a716-446655440003","actor_username":"nguyen.van.a@apillis.com","actor_via_sso":false,"log_type":"token"}', '2025-09-12 02:12:53.155593+00', ''),
	('00000000-0000-0000-0000-000000000000', 'ec0f809e-a89c-4183-90ed-261c782ecfa5', '{"action":"token_revoked","actor_id":"660e8400-e29b-41d4-a716-446655440003","actor_username":"nguyen.van.a@apillis.com","actor_via_sso":false,"log_type":"token"}', '2025-09-12 02:12:53.157181+00', ''),
	('00000000-0000-0000-0000-000000000000', 'ad869366-a8ce-43b7-ad28-21af782b30b7', '{"action":"logout","actor_id":"660e8400-e29b-41d4-a716-446655440003","actor_username":"nguyen.van.a@apillis.com","actor_via_sso":false,"log_type":"account"}', '2025-09-12 02:12:53.239186+00', ''),
	('00000000-0000-0000-0000-000000000000', 'a46d309b-c415-4039-b3b3-abef63677354', '{"action":"login","actor_id":"660e8400-e29b-41d4-a716-446655440003","actor_username":"nguyen.van.a@apillis.com","actor_via_sso":false,"log_type":"account","traits":{"provider":"email"}}', '2025-09-12 02:13:21.053402+00', ''),
	('00000000-0000-0000-0000-000000000000', '318a0d5d-696b-4482-8bce-9e9cc30c2b82', '{"action":"token_refreshed","actor_id":"660e8400-e29b-41d4-a716-446655440003","actor_username":"nguyen.van.a@apillis.com","actor_via_sso":false,"log_type":"token"}', '2025-09-12 03:03:44.59357+00', ''),
	('00000000-0000-0000-0000-000000000000', 'a476375c-7c48-4bf2-a34e-6d3004e5f760', '{"action":"token_revoked","actor_id":"660e8400-e29b-41d4-a716-446655440003","actor_username":"nguyen.van.a@apillis.com","actor_via_sso":false,"log_type":"token"}', '2025-09-12 03:03:44.595646+00', ''),
	('00000000-0000-0000-0000-000000000000', '0882b953-0e6d-45c3-b2a0-082dfb5efd4d', '{"action":"token_refreshed","actor_id":"660e8400-e29b-41d4-a716-446655440003","actor_username":"nguyen.van.a@apillis.com","actor_via_sso":false,"log_type":"token"}', '2025-09-12 04:02:03.016625+00', ''),
	('00000000-0000-0000-0000-000000000000', '28da308f-c223-4b35-bc45-681122fcbdef', '{"action":"token_revoked","actor_id":"660e8400-e29b-41d4-a716-446655440003","actor_username":"nguyen.van.a@apillis.com","actor_via_sso":false,"log_type":"token"}', '2025-09-12 04:02:03.017613+00', ''),
	('00000000-0000-0000-0000-000000000000', '852a73ad-47dc-46f7-a4e7-93ff34c35db0', '{"action":"token_refreshed","actor_id":"660e8400-e29b-41d4-a716-446655440003","actor_username":"nguyen.van.a@apillis.com","actor_via_sso":false,"log_type":"token"}', '2025-09-12 05:00:10.773177+00', ''),
	('00000000-0000-0000-0000-000000000000', 'b0438aae-f5d0-43b0-903c-2d9016c8d4c9', '{"action":"token_revoked","actor_id":"660e8400-e29b-41d4-a716-446655440003","actor_username":"nguyen.van.a@apillis.com","actor_via_sso":false,"log_type":"token"}', '2025-09-12 05:00:10.773953+00', ''),
	('00000000-0000-0000-0000-000000000000', 'b72e6252-d489-4404-aee2-dd5f6588f49f', '{"action":"login","actor_id":"660e8400-e29b-41d4-a716-446655440003","actor_username":"nguyen.van.a@apillis.com","actor_via_sso":false,"log_type":"account","traits":{"provider":"email"}}', '2025-09-13 02:47:06.098328+00', ''),
	('00000000-0000-0000-0000-000000000000', '3fc464a6-f754-4b96-af8f-10462195ddc9', '{"action":"token_refreshed","actor_id":"660e8400-e29b-41d4-a716-446655440003","actor_username":"nguyen.van.a@apillis.com","actor_via_sso":false,"log_type":"token"}', '2025-09-15 06:24:50.917099+00', ''),
	('00000000-0000-0000-0000-000000000000', '702e26d5-dc07-4f5b-bf15-2389ff44d884', '{"action":"token_revoked","actor_id":"660e8400-e29b-41d4-a716-446655440003","actor_username":"nguyen.van.a@apillis.com","actor_via_sso":false,"log_type":"token"}', '2025-09-15 06:24:50.917982+00', ''),
	('00000000-0000-0000-0000-000000000000', 'ee276e85-f1ea-46ae-b7a8-16181d8607aa', '{"action":"token_refreshed","actor_id":"660e8400-e29b-41d4-a716-446655440003","actor_username":"nguyen.van.a@apillis.com","actor_via_sso":false,"log_type":"token"}', '2025-09-15 07:25:40.156243+00', ''),
	('00000000-0000-0000-0000-000000000000', '7cc61d6b-5504-458a-b808-c6ba7652915d', '{"action":"token_revoked","actor_id":"660e8400-e29b-41d4-a716-446655440003","actor_username":"nguyen.van.a@apillis.com","actor_via_sso":false,"log_type":"token"}', '2025-09-15 07:25:40.157061+00', ''),
	('00000000-0000-0000-0000-000000000000', '5ca73ca6-2533-4c4d-9766-6ca8c3a9a48e', '{"action":"token_refreshed","actor_id":"660e8400-e29b-41d4-a716-446655440003","actor_username":"nguyen.van.a@apillis.com","actor_via_sso":false,"log_type":"token"}', '2025-09-15 08:23:55.415894+00', ''),
	('00000000-0000-0000-0000-000000000000', '0504704f-a318-4411-9bb0-76f45b00eb57', '{"action":"token_revoked","actor_id":"660e8400-e29b-41d4-a716-446655440003","actor_username":"nguyen.van.a@apillis.com","actor_via_sso":false,"log_type":"token"}', '2025-09-15 08:23:55.416875+00', ''),
	('00000000-0000-0000-0000-000000000000', '1c99749e-5f33-45eb-a9b0-684f6f50758f', '{"action":"token_refreshed","actor_id":"660e8400-e29b-41d4-a716-446655440003","actor_username":"nguyen.van.a@apillis.com","actor_via_sso":false,"log_type":"token"}', '2025-09-15 09:22:25.252105+00', ''),
	('00000000-0000-0000-0000-000000000000', '2602547d-5e79-430c-be71-1f29426321df', '{"action":"token_revoked","actor_id":"660e8400-e29b-41d4-a716-446655440003","actor_username":"nguyen.van.a@apillis.com","actor_via_sso":false,"log_type":"token"}', '2025-09-15 09:22:25.253049+00', '');


--
-- Data for Name: flow_state; Type: TABLE DATA; Schema: auth; Owner: supabase_auth_admin
--



--
-- Data for Name: users; Type: TABLE DATA; Schema: auth; Owner: supabase_auth_admin
--

INSERT INTO "auth"."users" ("instance_id", "id", "aud", "role", "email", "encrypted_password", "email_confirmed_at", "invited_at", "confirmation_token", "confirmation_sent_at", "recovery_token", "recovery_sent_at", "email_change_token_new", "email_change", "email_change_sent_at", "last_sign_in_at", "raw_app_meta_data", "raw_user_meta_data", "is_super_admin", "created_at", "updated_at", "phone", "phone_confirmed_at", "phone_change", "phone_change_token", "phone_change_sent_at", "email_change_token_current", "email_change_confirm_status", "banned_until", "reauthentication_token", "reauthentication_sent_at", "is_sso_user", "deleted_at", "is_anonymous") VALUES
	(NULL, '660e8400-e29b-41d4-a716-446655440001', NULL, NULL, 'john.smith@apillis.com', '$2a$06$Tza1FyyqVvJeUOnt8d7wfuR.aJhvUtOLGRqofhALAK4Lytsad3bwa', '2025-09-07 11:25:25.470919+00', NULL, '', NULL, '', NULL, '', '', NULL, NULL, NULL, '{"country": "USA", "display_name": "John Smith"}', NULL, '2022-09-07 11:25:25.470919+00', '2025-09-07 11:25:25.470919+00', NULL, NULL, '', '', NULL, '', 0, NULL, '', NULL, false, NULL, false),
	(NULL, '660e8400-e29b-41d4-a716-446655440002', NULL, NULL, 'mary.johnson@apillis.com', '$2a$06$YN7rK67yMoOHSQ3ApP1WEOwCcsDLTBwM8cmZJrj1jClfIoz4iORbC', '2025-09-07 11:25:25.470919+00', NULL, '', NULL, '', NULL, '', '', NULL, NULL, NULL, '{"country": "USA", "display_name": "Mary Johnson"}', NULL, '2023-03-07 11:25:25.470919+00', '2025-09-07 11:25:25.470919+00', NULL, NULL, '', '', NULL, '', 0, NULL, '', NULL, false, NULL, false),
	(NULL, '660e8400-e29b-41d4-a716-446655440004', NULL, NULL, 'tran.thi.b@apillis.com', '$2a$06$HOga9Q5b8ssEOYTZus8zke8WGGpZMa9wZUJesqwun1nX5g9wfn8Y2', '2025-09-07 11:25:25.470919+00', NULL, '', NULL, '', NULL, '', '', NULL, NULL, NULL, '{"country": "Vietnam", "display_name": "Tran Thi B"}', NULL, '2023-11-07 11:25:25.470919+00', '2025-09-07 11:25:25.470919+00', NULL, NULL, '', '', NULL, '', 0, NULL, '', NULL, false, NULL, false),
	(NULL, '660e8400-e29b-41d4-a716-446655440005', NULL, NULL, 'le.van.c@apillis.com', '$2a$06$MUidWyuGXM8BdVPgsKgyVedpgG0myXU96/zJwbZYkrsBhjtQsoj22', '2025-09-07 11:25:25.470919+00', NULL, '', NULL, '', NULL, '', '', NULL, NULL, NULL, '{"country": "Vietnam", "display_name": "Le Van C"}', NULL, '2024-03-07 11:25:25.470919+00', '2025-09-07 11:25:25.470919+00', NULL, NULL, '', '', NULL, '', 0, NULL, '', NULL, false, NULL, false),
	(NULL, '660e8400-e29b-41d4-a716-446655440006', NULL, NULL, 'pham.thi.d@apillis.com', '$2a$06$ytihZnO1jMMarCROFwgG8eMiosYnGAIH8jDPsmIBWFXbPahqwDxMC', '2025-09-07 11:25:25.470919+00', NULL, '', NULL, '', NULL, '', '', NULL, NULL, NULL, '{"country": "Vietnam", "display_name": "Pham Thi D"}', NULL, '2024-07-07 11:25:25.470919+00', '2025-09-07 11:25:25.470919+00', NULL, NULL, '', '', NULL, '', 0, NULL, '', NULL, false, NULL, false),
	(NULL, '660e8400-e29b-41d4-a716-446655440013', NULL, NULL, 'ly.van.k@apillis.com', '$2a$06$u3qdnk0xhbqntzBUgGK7zuSJcPO.IZ3XdyvFSV9KaMIzYjdNyuaAe', '2025-09-07 11:25:25.470919+00', NULL, '', NULL, '', NULL, '', '', NULL, NULL, NULL, '{"country": "Vietnam", "display_name": "Ly Van K"}', NULL, '2025-07-07 11:25:25.470919+00', '2025-09-07 11:25:25.470919+00', NULL, NULL, '', '', NULL, '', 0, NULL, '', NULL, false, NULL, false),
	(NULL, '660e8400-e29b-41d4-a716-446655440007', NULL, NULL, 'hoang.van.e@apillis.com', '$2a$06$FP/My6d3RGA2.giYS/Y2gO4lj6bXwN8l/DsGbZVwRbMPkWQH2KYgq', '2025-09-07 11:25:25.470919+00', NULL, '', NULL, '', NULL, '', '', NULL, NULL, NULL, '{"country": "Vietnam", "display_name": "Hoang Van E"}', NULL, '2024-09-07 11:25:25.470919+00', '2025-09-07 11:25:25.470919+00', NULL, NULL, '', '', NULL, '', 0, NULL, '', NULL, false, NULL, false),
	(NULL, '660e8400-e29b-41d4-a716-446655440008', NULL, NULL, 'vu.thi.f@apillis.com', '$2a$06$gtzDcnI0sLbtxlb1PsJRH.eseqMV5Zy4P2GP50YGvvM/KN1UuAvVO', '2025-09-07 11:25:25.470919+00', NULL, '', NULL, '', NULL, '', '', NULL, NULL, NULL, '{"country": "Vietnam", "display_name": "Vu Thi F"}', NULL, '2024-11-07 11:25:25.470919+00', '2025-09-07 11:25:25.470919+00', NULL, NULL, '', '', NULL, '', 0, NULL, '', NULL, false, NULL, false),
	(NULL, '660e8400-e29b-41d4-a716-446655440009', NULL, NULL, 'dinh.van.g@apillis.com', '$2a$06$GFD8Yw2AJsGbqSfboJ6uf.uRUhd6X0.vwbbdatJylsdfiwp.iVY4O', '2025-09-07 11:25:25.470919+00', NULL, '', NULL, '', NULL, '', '', NULL, NULL, NULL, '{"country": "Vietnam", "display_name": "Dinh Van G"}', NULL, '2025-01-07 11:25:25.470919+00', '2025-09-07 11:25:25.470919+00', NULL, NULL, '', '', NULL, '', 0, NULL, '', NULL, false, NULL, false),
	(NULL, '660e8400-e29b-41d4-a716-446655440010', NULL, NULL, 'bui.thi.h@apillis.com', '$2a$06$tHqmHOopzUHqI7Sf6hQIm.6MYqqtf1YHfYWxloXONMsuDveVmD8/G', '2025-09-07 11:25:25.470919+00', NULL, '', NULL, '', NULL, '', '', NULL, NULL, NULL, '{"country": "Vietnam", "display_name": "Bui Thi H"}', NULL, '2025-03-07 11:25:25.470919+00', '2025-09-07 11:25:25.470919+00', NULL, NULL, '', '', NULL, '', 0, NULL, '', NULL, false, NULL, false),
	(NULL, '660e8400-e29b-41d4-a716-446655440011', NULL, NULL, 'ngo.van.i@apillis.com', '$2a$06$Lkd8BO.Axv2HW76PJSnr/.pG1nlwVCg1VLn7NIn6M5WpCqOhLImq2', '2025-09-07 11:25:25.470919+00', NULL, '', NULL, '', NULL, '', '', NULL, NULL, NULL, '{"country": "Vietnam", "display_name": "Ngo Van I"}', NULL, '2025-05-07 11:25:25.470919+00', '2025-09-07 11:25:25.470919+00', NULL, NULL, '', '', NULL, '', 0, NULL, '', NULL, false, NULL, false),
	(NULL, '660e8400-e29b-41d4-a716-446655440012', NULL, NULL, 'do.thi.j@apillis.com', '$2a$06$EBC0d98gvefFtbq2EwLEi.SoAc.7r3Ct0oHajqwuIkkEXq57xVy9u', '2025-09-07 11:25:25.470919+00', NULL, '', NULL, '', NULL, '', '', NULL, NULL, NULL, '{"country": "Vietnam", "display_name": "Do Thi J"}', NULL, '2025-06-07 11:25:25.470919+00', '2025-09-07 11:25:25.470919+00', NULL, NULL, '', '', NULL, '', 0, NULL, '', NULL, false, NULL, false),
	('00000000-0000-0000-0000-000000000000', '383b189e-acec-4989-94b3-a0267f4501bb', 'authenticated', 'authenticated', 'admin@apillis.com', '$2a$06$xIsgfqbG9w9vHM0Y79e.Jutxju7LUs4IVVFQyvqMLhRKaT3g89J/C', '2025-09-07 12:42:05.30059+00', NULL, '', NULL, '', NULL, '', '', NULL, '2025-09-08 05:55:46.588928+00', '{"provider": "email", "providers": ["email"]}', '{"email_verified": true}', NULL, '2025-09-07 12:42:05.298026+00', '2025-09-08 09:51:13.356805+00', NULL, NULL, '', '', NULL, '', 0, NULL, '', NULL, false, NULL, false),
	('00000000-0000-0000-0000-000000000000', '660e8400-e29b-41d4-a716-446655440003', 'authenticated', 'authenticated', 'nguyen.van.a@apillis.com', '$2a$06$Sp2uwgMM1gtLKC6GN3l9v.oiU7qXjxduDrnrbfSDecfCNkKN9m1Nm', '2025-09-07 11:25:25.470919+00', NULL, '', NULL, '', NULL, '', '', NULL, '2025-09-13 02:47:06.09965+00', '{"provider": "email", "providers": ["email"]}', '{"sub": "660e8400-e29b-41d4-a716-446655440003", "email": "nguyen.van.a@apillis.com", "email_verified": true, "phone_verified": false}', NULL, '2023-09-07 11:25:25.470919+00', '2025-09-15 09:22:25.254542+00', NULL, NULL, '', '', NULL, '', 0, NULL, '', NULL, false, NULL, false);


--
-- Data for Name: identities; Type: TABLE DATA; Schema: auth; Owner: supabase_auth_admin
--

INSERT INTO "auth"."identities" ("provider_id", "user_id", "identity_data", "provider", "last_sign_in_at", "created_at", "updated_at", "id") VALUES
	('660e8400-e29b-41d4-a716-446655440003', '660e8400-e29b-41d4-a716-446655440003', '{"sub": "660e8400-e29b-41d4-a716-446655440003", "email": "nguyen.van.a@apillis.com", "email_verified": true, "phone_verified": false}', 'email', '2025-09-07 11:26:35.431968+00', '2025-09-07 11:26:35.431968+00', '2025-09-07 11:26:35.431968+00', '100cde13-0b8c-4837-a2f1-eb056e55c932'),
	('383b189e-acec-4989-94b3-a0267f4501bb', '383b189e-acec-4989-94b3-a0267f4501bb', '{"sub": "383b189e-acec-4989-94b3-a0267f4501bb", "email": "admin@apillis.com", "email_verified": false, "phone_verified": false}', 'email', '2025-09-07 12:42:05.29902+00', '2025-09-07 12:42:05.299055+00', '2025-09-07 12:42:05.299055+00', 'e567f63c-4679-4964-b375-5eaa7856e87e');


--
-- Data for Name: instances; Type: TABLE DATA; Schema: auth; Owner: supabase_auth_admin
--



--
-- Data for Name: sessions; Type: TABLE DATA; Schema: auth; Owner: supabase_auth_admin
--

INSERT INTO "auth"."sessions" ("id", "user_id", "created_at", "updated_at", "factor_id", "aal", "not_after", "refreshed_at", "user_agent", "ip", "tag") VALUES
	('605ccb94-9bb0-4518-a5dd-c44c5c29b97a', '660e8400-e29b-41d4-a716-446655440003', '2025-09-12 02:13:21.054655+00', '2025-09-12 05:00:10.777621+00', NULL, 'aal1', NULL, '2025-09-12 05:00:10.7776', 'Mozilla/5.0 (Macintosh; Intel Mac OS X 10_15_7) AppleWebKit/537.36 (KHTML, like Gecko) Chrome/140.0.0.0 Safari/537.36', '142.251.10.95', NULL),
	('191e931b-9dd6-4ab7-a087-94c2f8b1f22e', '660e8400-e29b-41d4-a716-446655440003', '2025-09-13 02:47:06.099833+00', '2025-09-15 09:22:25.255569+00', NULL, 'aal1', NULL, '2025-09-15 09:22:25.255519', 'Mozilla/5.0 (Macintosh; Intel Mac OS X 10_15_7) AppleWebKit/537.36 (KHTML, like Gecko) Chrome/140.0.0.0 Safari/537.36', '172.253.118.95', NULL);


--
-- Data for Name: mfa_amr_claims; Type: TABLE DATA; Schema: auth; Owner: supabase_auth_admin
--

INSERT INTO "auth"."mfa_amr_claims" ("session_id", "created_at", "updated_at", "authentication_method", "id") VALUES
	('605ccb94-9bb0-4518-a5dd-c44c5c29b97a', '2025-09-12 02:13:21.057333+00', '2025-09-12 02:13:21.057333+00', 'password', 'cc71dfb9-d33d-47d0-be79-6f97cae02e9d'),
	('191e931b-9dd6-4ab7-a087-94c2f8b1f22e', '2025-09-13 02:47:06.102919+00', '2025-09-13 02:47:06.102919+00', 'password', '26919418-5cde-4289-815d-a7546c3f691a');


--
-- Data for Name: mfa_factors; Type: TABLE DATA; Schema: auth; Owner: supabase_auth_admin
--



--
-- Data for Name: mfa_challenges; Type: TABLE DATA; Schema: auth; Owner: supabase_auth_admin
--



--
-- Data for Name: oauth_clients; Type: TABLE DATA; Schema: auth; Owner: supabase_auth_admin
--



--
-- Data for Name: one_time_tokens; Type: TABLE DATA; Schema: auth; Owner: supabase_auth_admin
--



--
-- Data for Name: refresh_tokens; Type: TABLE DATA; Schema: auth; Owner: supabase_auth_admin
--

INSERT INTO "auth"."refresh_tokens" ("instance_id", "id", "token", "user_id", "revoked", "created_at", "updated_at", "parent", "session_id") VALUES
	('00000000-0000-0000-0000-000000000000', 76, 'i2zboe44vsqp', '660e8400-e29b-41d4-a716-446655440003', true, '2025-09-12 02:13:21.056584+00', '2025-09-12 03:03:44.597671+00', NULL, '605ccb94-9bb0-4518-a5dd-c44c5c29b97a'),
	('00000000-0000-0000-0000-000000000000', 77, 'icw2rnamo5ny', '660e8400-e29b-41d4-a716-446655440003', true, '2025-09-12 03:03:44.598774+00', '2025-09-12 04:02:03.018296+00', 'i2zboe44vsqp', '605ccb94-9bb0-4518-a5dd-c44c5c29b97a'),
	('00000000-0000-0000-0000-000000000000', 78, 'lnjizqgjwnr6', '660e8400-e29b-41d4-a716-446655440003', true, '2025-09-12 04:02:03.01885+00', '2025-09-12 05:00:10.774185+00', 'icw2rnamo5ny', '605ccb94-9bb0-4518-a5dd-c44c5c29b97a'),
	('00000000-0000-0000-0000-000000000000', 79, 'mii4ogyppgwl', '660e8400-e29b-41d4-a716-446655440003', false, '2025-09-12 05:00:10.775468+00', '2025-09-12 05:00:10.775468+00', 'lnjizqgjwnr6', '605ccb94-9bb0-4518-a5dd-c44c5c29b97a'),
	('00000000-0000-0000-0000-000000000000', 80, '5yjezl3j4b7g', '660e8400-e29b-41d4-a716-446655440003', true, '2025-09-13 02:47:06.101111+00', '2025-09-15 06:24:50.918619+00', NULL, '191e931b-9dd6-4ab7-a087-94c2f8b1f22e'),
	('00000000-0000-0000-0000-000000000000', 81, 'rr2wfukcisjd', '660e8400-e29b-41d4-a716-446655440003', true, '2025-09-15 06:24:50.92134+00', '2025-09-15 07:25:40.157599+00', '5yjezl3j4b7g', '191e931b-9dd6-4ab7-a087-94c2f8b1f22e'),
	('00000000-0000-0000-0000-000000000000', 82, 'zfyyfraqvlgx', '660e8400-e29b-41d4-a716-446655440003', true, '2025-09-15 07:25:40.158059+00', '2025-09-15 08:23:55.417389+00', 'rr2wfukcisjd', '191e931b-9dd6-4ab7-a087-94c2f8b1f22e'),
	('00000000-0000-0000-0000-000000000000', 83, 'jauombsemvbj', '660e8400-e29b-41d4-a716-446655440003', true, '2025-09-15 08:23:55.417982+00', '2025-09-15 09:22:25.253386+00', 'zfyyfraqvlgx', '191e931b-9dd6-4ab7-a087-94c2f8b1f22e'),
	('00000000-0000-0000-0000-000000000000', 84, 'annu6apai4re', '660e8400-e29b-41d4-a716-446655440003', false, '2025-09-15 09:22:25.253706+00', '2025-09-15 09:22:25.253706+00', 'jauombsemvbj', '191e931b-9dd6-4ab7-a087-94c2f8b1f22e');


--
-- Data for Name: sso_providers; Type: TABLE DATA; Schema: auth; Owner: supabase_auth_admin
--



--
-- Data for Name: saml_providers; Type: TABLE DATA; Schema: auth; Owner: supabase_auth_admin
--



--
-- Data for Name: saml_relay_states; Type: TABLE DATA; Schema: auth; Owner: supabase_auth_admin
--



--
-- Data for Name: sso_domains; Type: TABLE DATA; Schema: auth; Owner: supabase_auth_admin
--



--
-- Data for Name: organizations; Type: TABLE DATA; Schema: public; Owner: postgres
--

INSERT INTO "public"."organizations" ("id", "name", "slug", "description", "industry", "address", "city", "state", "country", "postal_code", "website", "logo_url", "organization_type", "is_active", "created_at", "updated_at", "default_currency", "tax_id", "payment_terms", "timezone", "metadata", "created_by") VALUES
	('550e8400-e29b-41d4-a716-446655440000', 'Apillis', 'apillis', 'Leading manufacturing technology company', 'Technology', NULL, NULL, NULL, NULL, NULL, NULL, NULL, 'internal', true, '2023-09-07 11:25:25.470919+00', '2025-09-15 07:04:02.090688+00', 'USD', NULL, NULL, 'UTC', '{}', NULL),
	('550e8400-e29b-41d4-a716-446655440001', 'Acme Manufacturing Corp', 'acme-mfg', 'Leading manufacturer of precision components', 'Manufacturing', NULL, NULL, NULL, 'US', NULL, NULL, NULL, 'customer', true, '2024-09-07 11:25:25.470919+00', '2025-09-15 07:04:07.00127+00', 'USD', NULL, NULL, 'UTC', '{}', NULL),
	('550e8400-e29b-41d4-a716-446655440002', 'TechCorp Solutions', 'techcorp', 'Technology solutions provider', 'Technology', NULL, NULL, NULL, 'VN', NULL, NULL, NULL, 'customer', true, '2024-11-07 11:25:25.470919+00', '2025-09-15 07:04:10.65886+00', 'USD', NULL, NULL, 'UTC', '{}', NULL),
	('ada1fcc8-c39d-49fd-86af-d110f2a40654', 'Sheet Metal Technologies 2', NULL, 'Cost-effective supplier. Good quality. Suitable for high-volume production.', NULL, '7191 Innovation Rd', 'Philadelphia', 'MI', 'United States', '51930', 'https://www.sheetmetaltechnologi.com', NULL, 'supplier', true, '2025-09-15 08:43:30.284189+00', '2025-09-15 08:43:30.284189+00', 'USD', NULL, 'Net 15', 'UTC', '{"capabilities": ["machining", "fabrication", "sheet_metal", "electronics", "finishing"], "supplierType": "manufacturer", "certifications": ["TL 9000", "ISO 13485", "OHSAS 18001", "ISO 14001"], "qualityStandards": ["ISO 13485", "ISO 14001"], "qualificationStatus": "not_qualified"}', '660e8400-e29b-41d4-a716-446655440003'),
	('550e8400-e29b-41d4-a716-446655440003', 'Global Industries Ltd', 'global-industries', 'Global manufacturing conglomerate', 'Manufacturing', NULL, NULL, NULL, 'US', NULL, NULL, NULL, 'customer', true, '2025-01-07 11:25:25.470919+00', '2025-09-15 07:04:17.903186+00', 'USD', NULL, NULL, 'UTC', '{}', NULL),
	('0015b5cf-c1ba-484c-8c7b-601977f6cd15', 'Welding Solutions Inc', NULL, 'Established relationship. Consistent performance. Good communication.', NULL, '4052 Industrial Park', 'Hue', NULL, 'Vietnam', '68195', 'https://www.weldingsolutionsinc.com', NULL, 'supplier', true, '2025-09-15 08:44:33.765026+00', '2025-09-15 08:44:33.765026+00', 'JPY', NULL, 'Net 60', 'UTC', '{"capabilities": ["finishing", "testing", "packaging", "fabrication", "sheet_metal"], "supplierType": "manufacturer", "certifications": ["Conflict Minerals Compliant", "ISO 14001", "ISO 9001", "REACH Compliant", "ISO 13485", "ISO 22000"], "qualityStandards": ["ISO 14001", "ISO 9001", "ISO 13485", "ISO 22000"], "qualificationStatus": "not_qualified"}', '660e8400-e29b-41d4-a716-446655440003'),
	('550e8400-e29b-41d4-a716-446655440004', 'Precision Parts Inc', 'precision-parts', 'High-precision component supplier', 'Manufacturing', NULL, NULL, NULL, NULL, NULL, NULL, NULL, 'supplier', true, '2025-03-07 11:25:25.470919+00', '2025-09-15 07:04:26.150244+00', 'USD', NULL, NULL, 'UTC', '{}', NULL),
	('9d0c4589-2fa3-4b8b-9af9-71e844be5f87', 'Steel Works Manufacturing', NULL, 'Reliable delivery performance. Good quality control. Responsive to requirements.', NULL, '4792 Industrial Blvd', 'Pune', NULL, 'Vietnam', '77712', 'https://www.steelworksmanufactur.com', NULL, 'supplier', true, '2025-09-15 07:14:23.006429+00', '2025-09-15 07:14:23.006429+00', 'USD', NULL, '50% Deposit', 'UTC', '{"capabilities": ["sheet_metal", "3d_printing"], "supplierType": "manufacturer", "certifications": ["ISO 22000", "SA8000", "EAR99"], "qualityStandards": ["ISO 22000"], "qualificationStatus": "not_qualified"}', '660e8400-e29b-41d4-a716-446655440003'),
	('c21be731-a915-476c-afbf-82ce5c027826', 'Plastic Injection Molding Co', NULL, 'Met at IMTS 2024. Strong in 5-axis titanium work. Pricing competitive.', NULL, '2115 Commerce St', 'San Jose', 'CA', 'United States', '60672', 'https://www.plasticinjectionmold.com', NULL, 'supplier', true, '2025-09-15 07:33:06.65007+00', '2025-09-15 07:33:06.65007+00', 'SEK', NULL, 'Net 90', 'UTC', '{"capabilities": ["coating", "machining"], "supplierType": "manufacturer", "certifications": ["IATF 16949", "ISO 9001", "AS9100", "OHSAS 18001"], "qualityStandards": ["ISO 9001"], "qualificationStatus": "not_qualified"}', '660e8400-e29b-41d4-a716-446655440003'),
	('ab69887b-791f-4168-a0f1-5d595a512418', 'Plastic Manufacturing Works', NULL, 'New supplier with innovative processes. Worth evaluating for future projects.', NULL, '1908 Factory Ave', 'Hyderabad', NULL, 'United States', '93906', 'https://www.plasticmanufacturing.com', NULL, 'supplier', true, '2025-09-15 07:36:33.960258+00', '2025-09-15 07:36:33.960258+00', 'CHF', NULL, 'COD', 'UTC', '{"capabilities": ["prototyping", "electronics"], "supplierType": "manufacturer", "certifications": ["RoHS Compliant", "FSSC 22000", "TL 9000"], "qualityStandards": [], "qualificationStatus": "not_qualified"}', '660e8400-e29b-41d4-a716-446655440003'),
	('fdb5cc92-682b-4a14-8182-f767fe53030e', 'Prototyping Technologies', NULL, 'Met at IMTS 2024. Strong in 5-axis titanium work. Pricing competitive.', NULL, '6461 Business Ave', 'Seoul', NULL, 'United States', '34197', 'https://www.prototypingtechnolog.com', NULL, 'supplier', true, '2025-09-15 07:38:50.763797+00', '2025-09-15 07:38:50.763797+00', 'VND', NULL, '2/10 Net 30', 'UTC', '{"capabilities": ["finishing", "painting", "casting", "injection_molding", "sheet_metal"], "supplierType": "manufacturer", "certifications": ["SA8000", "IATF 16949", "ISO 14001", "ITAR Registered"], "qualityStandards": ["ISO 14001"], "qualificationStatus": "not_qualified"}', '660e8400-e29b-41d4-a716-446655440003'),
	('dbc36ade-c9a5-4739-b611-134cfabf898e', 'Precision Testing Services', NULL, 'Innovative solutions provider. Strong technical support. Flexible manufacturing.', NULL, '451 Production St', 'Leipzig', NULL, 'Vietnam', '14000', 'https://www.precisiontestingserv.com', NULL, 'supplier', true, '2025-09-15 07:42:11.836409+00', '2025-09-15 07:42:11.836409+00', 'USD', NULL, 'Net 90', 'UTC', '{"capabilities": ["testing", "electronics"], "supplierType": "manufacturer", "certifications": ["FSSC 22000", "OHSAS 18001"], "qualityStandards": [], "qualificationStatus": "not_qualified"}', '660e8400-e29b-41d4-a716-446655440003'),
	('56d4157b-6695-4e91-9813-d63470335fa7', 'Advanced Fabrication Works', NULL, 'Innovative solutions provider. Strong technical support. Flexible manufacturing.', NULL, '1666 Innovation Rd', 'Kuala Lumpur', NULL, 'Malaysia', '89583', 'https://www.advancedfabricationw.com', NULL, 'supplier', true, '2025-09-15 07:42:50.146629+00', '2025-09-15 07:42:50.146629+00', 'AUD', NULL, 'Net 60', 'UTC', '{"capabilities": ["fabrication", "injection_molding"], "supplierType": "manufacturer", "certifications": ["HACCP", "SQF", "SA8000", "ISO 14001", "ISO 22000"], "qualityStandards": ["ISO 14001", "ISO 22000"], "qualificationStatus": "not_qualified"}', '660e8400-e29b-41d4-a716-446655440003'),
	('5565ba1b-1cc4-4ad5-a346-598a90c5a8da', 'Steel Works Manufacturing', NULL, 'Met at IMTS 2024. Strong in 5-axis titanium work. Pricing competitive.', NULL, '484 Industrial Park', 'Nha Trang', NULL, 'Vietnam', '55343', 'https://www.steelworksmanufactur.com', NULL, 'supplier', true, '2025-09-15 08:15:21.798474+00', '2025-09-15 08:15:21.798474+00', 'VND', NULL, 'Net 90', 'UTC', '{"capabilities": ["injection_molding", "casting"], "supplierType": "manufacturer", "certifications": ["AS9100", "IATF 16949", "Conflict Minerals Compliant", "BRCGS", "RoHS Compliant"], "qualityStandards": [], "qualificationStatus": "not_qualified"}', '660e8400-e29b-41d4-a716-446655440003'),
	('23893cf2-a448-4f35-8fbd-eaf908274b87', 'Advanced Prototype Solutions', NULL, 'Innovative solutions provider. Strong technical support. Flexible manufacturing.', NULL, '1828 Production St', 'Dallas', 'MI', 'United States', '59956', NULL, NULL, 'supplier', true, '2025-09-15 08:19:20.422554+00', '2025-09-15 08:19:20.422554+00', 'EUR', NULL, 'COD', 'UTC', '{"capabilities": ["testing", "injection_molding"], "supplierType": "manufacturer", "certifications": ["TL 9000", "Conflict Minerals Compliant", "SQF"], "qualityStandards": [], "qualificationStatus": "not_qualified"}', '660e8400-e29b-41d4-a716-446655440003'),
	('6540f590-0b49-4fc5-bcb3-ba3e3fe30fb6', 'Testing Technologies', NULL, 'Innovative solutions provider. Strong technical support. Flexible manufacturing.', NULL, '6196 Commerce Blvd', 'Bien Hoa', NULL, 'Vietnam', '52910', 'https://www.testingtechnologies.com', NULL, 'supplier', true, '2025-09-15 08:37:17.565972+00', '2025-09-15 08:37:17.565972+00', 'MXN', NULL, '50% Deposit', 'UTC', '{"capabilities": ["assembly", "casting"], "supplierType": "manufacturer", "certifications": ["RoHS Compliant", "OHSAS 18001", "REACH Compliant", "ISO 9001"], "qualityStandards": ["ISO 9001"], "qualificationStatus": "not_qualified"}', '660e8400-e29b-41d4-a716-446655440003'),
	('3ff44a3b-92cd-4312-9b26-59a70ec0eaa7', 'Sheet Metal Technologies', NULL, 'Cost-effective supplier. Good quality. Suitable for high-volume production.', NULL, '7191 Innovation Rd', 'Philadelphia', 'MI', 'United States', '51930', 'https://www.sheetmetaltechnologi.com', NULL, 'supplier', true, '2025-09-15 08:40:06.597378+00', '2025-09-15 08:40:06.597378+00', 'USD', NULL, 'Net 15', 'UTC', '{"capabilities": ["machining", "fabrication", "sheet_metal", "electronics", "finishing"], "supplierType": "manufacturer", "certifications": ["TL 9000", "ISO 13485", "OHSAS 18001", "ISO 14001"], "qualityStandards": ["ISO 13485", "ISO 14001"], "qualificationStatus": "not_qualified"}', '660e8400-e29b-41d4-a716-446655440003'),
	('745b4064-e912-403e-8b3a-5a3211e32788', 'Metal Fabrication Experts', NULL, 'New supplier with innovative processes. Worth evaluating for future projects.', NULL, '1523 Innovation Rd', 'San Jose', 'GA', 'United States', '48616', 'https://www.metalfabricationexpe.com', NULL, 'supplier', true, '2025-09-15 09:22:25.367124+00', '2025-09-15 09:22:25.367124+00', 'USD', NULL, 'Net 30', 'UTC', '{"capabilities": ["injection_molding", "3d_printing", "testing"], "supplierType": "manufacturer", "certifications": ["TL 9000", "ISO 9001", "SA8000", "ISO 14001", "OHSAS 18001"], "qualityStandards": ["ISO 9001", "ISO 14001"], "qualificationStatus": "not_qualified"}', '660e8400-e29b-41d4-a716-446655440003'),
	('a94dc946-c5ba-4c06-a41d-72651e035df7', 'Surface Treatment Co', NULL, 'Established relationship. Consistent performance. Good communication.', NULL, '6205 Factory Ave', 'Munich', NULL, 'United States', '76338', 'https://www.surfacetreatmentco.com', NULL, 'supplier', true, '2025-09-15 09:53:59.501602+00', '2025-09-15 09:53:59.501602+00', 'CHF', NULL, 'CIA', 'UTC', '{"capabilities": ["machining", "fabrication", "assembly"], "supplierType": "manufacturer", "certifications": ["ISO 22000", "TL 9000", "ISO 9001"], "qualityStandards": ["ISO 22000", "ISO 9001"], "qualificationStatus": "not_qualified"}', '660e8400-e29b-41d4-a716-446655440003'),
	('bf8b9e5a-fdab-47bc-9dfc-c01d31d22a4a', 'MSTEch', NULL, NULL, NULL, '12132', 'HCM', NULL, 'Vietnam', NULL, NULL, NULL, 'supplier', true, '2025-09-15 09:55:51.787916+00', '2025-09-15 09:55:51.787916+00', 'USD', NULL, 'Net 30', 'UTC', '{"capabilities": ["sheet_metal", "fabrication"], "supplierType": "manufacturer", "certifications": ["ISO 9001"], "qualityStandards": ["ISO 9001"], "qualificationStatus": "not_qualified"}', '660e8400-e29b-41d4-a716-446655440003');


--
-- Data for Name: users; Type: TABLE DATA; Schema: public; Owner: postgres
--

INSERT INTO "public"."users" ("id", "organization_id", "email", "name", "role", "department", "phone", "avatar_url", "status", "description", "employee_id", "direct_manager_id", "direct_reports", "last_login_at", "preferences", "created_at", "updated_at") VALUES
	('660e8400-e29b-41d4-a716-446655440002', '550e8400-e29b-41d4-a716-446655440000', 'mary.johnson@apillis.com', 'Mary Johnson', 'management', 'Finance', '+1-555-0102', NULL, 'active', NULL, NULL, NULL, NULL, NULL, '{"theme": "light", "language": "en", "timezone": "America/New_York"}', '2023-03-07 11:25:25.470919+00', '2025-09-07 11:25:25.470919+00'),
	('660e8400-e29b-41d4-a716-446655440006', '550e8400-e29b-41d4-a716-446655440000', 'pham.thi.d@apillis.com', 'Pham Thi D', 'sales', 'Sales', '+84-555-987-654', NULL, 'active', NULL, NULL, '660e8400-e29b-41d4-a716-446655440003', NULL, NULL, '{"theme": "light", "language": "vi", "timezone": "Asia/Ho_Chi_Minh"}', '2024-07-07 11:25:25.470919+00', '2025-09-07 11:25:25.470919+00'),
	('660e8400-e29b-41d4-a716-446655440007', '550e8400-e29b-41d4-a716-446655440000', 'hoang.van.e@apillis.com', 'Hoang Van E', 'procurement', 'Procurement', '+84-555-456-789', NULL, 'active', NULL, NULL, '660e8400-e29b-41d4-a716-446655440003', NULL, NULL, '{"theme": "light", "language": "vi", "timezone": "Asia/Ho_Chi_Minh"}', '2024-09-07 11:25:25.470919+00', '2025-09-07 11:25:25.470919+00'),
	('660e8400-e29b-41d4-a716-446655440008', '550e8400-e29b-41d4-a716-446655440000', 'vu.thi.f@apillis.com', 'Vu Thi F', 'sales', 'Sales', '+84-555-321-098', NULL, 'active', NULL, NULL, '660e8400-e29b-41d4-a716-446655440003', NULL, NULL, '{"theme": "light", "language": "vi", "timezone": "Asia/Ho_Chi_Minh"}', '2024-11-07 11:25:25.470919+00', '2025-09-07 11:25:25.470919+00'),
	('660e8400-e29b-41d4-a716-446655440009', '550e8400-e29b-41d4-a716-446655440000', 'dinh.van.g@apillis.com', 'Dinh Van G', 'engineering', 'Engineering', '+84-555-654-321', NULL, 'active', NULL, NULL, '660e8400-e29b-41d4-a716-446655440005', NULL, NULL, '{"theme": "light", "language": "vi", "timezone": "Asia/Ho_Chi_Minh"}', '2025-01-07 11:25:25.470919+00', '2025-09-07 11:25:25.470919+00'),
	('660e8400-e29b-41d4-a716-446655440010', '550e8400-e29b-41d4-a716-446655440000', 'bui.thi.h@apillis.com', 'Bui Thi H', 'qa', 'Quality', '+84-555-789-012', NULL, 'active', NULL, NULL, '660e8400-e29b-41d4-a716-446655440004', NULL, NULL, '{"theme": "light", "language": "vi", "timezone": "Asia/Ho_Chi_Minh"}', '2025-03-07 11:25:25.470919+00', '2025-09-07 11:25:25.470919+00'),
	('660e8400-e29b-41d4-a716-446655440011', '550e8400-e29b-41d4-a716-446655440000', 'ngo.van.i@apillis.com', 'Ngo Van I', 'qa', 'Quality', '+84-555-098-765', NULL, 'active', NULL, NULL, '660e8400-e29b-41d4-a716-446655440004', NULL, NULL, '{"theme": "light", "language": "vi", "timezone": "Asia/Ho_Chi_Minh"}', '2025-05-07 11:25:25.470919+00', '2025-09-07 11:25:25.470919+00'),
	('660e8400-e29b-41d4-a716-446655440012', '550e8400-e29b-41d4-a716-446655440000', 'do.thi.j@apillis.com', 'Do Thi J', 'production', 'Production', '+84-555-135-792', NULL, 'active', NULL, NULL, '660e8400-e29b-41d4-a716-446655440003', NULL, NULL, '{"theme": "light", "language": "vi", "timezone": "Asia/Ho_Chi_Minh"}', '2025-06-07 11:25:25.470919+00', '2025-09-07 11:25:25.470919+00'),
	('660e8400-e29b-41d4-a716-446655440013', '550e8400-e29b-41d4-a716-446655440000', 'ly.van.k@apillis.com', 'Ly Van K', 'production', 'Production', '+84-555-246-813', NULL, 'active', NULL, NULL, '660e8400-e29b-41d4-a716-446655440003', NULL, NULL, '{"theme": "light", "language": "vi", "timezone": "Asia/Ho_Chi_Minh"}', '2025-07-07 11:25:25.470919+00', '2025-09-07 11:25:25.470919+00'),
	('660e8400-e29b-41d4-a716-446655440001', '550e8400-e29b-41d4-a716-446655440000', 'john.smith@apillis.com', 'John Smith', 'admin', 'Executive', '+1-555-0101', NULL, 'active', NULL, NULL, NULL, '{660e8400-e29b-41d4-a716-446655440003,660e8400-e29b-41d4-a716-446655440004,660e8400-e29b-41d4-a716-446655440005}', NULL, '{"theme": "light", "language": "en", "timezone": "America/New_York"}', '2022-09-07 11:25:25.470919+00', '2025-09-07 11:25:25.470919+00'),
	('660e8400-e29b-41d4-a716-446655440003', '550e8400-e29b-41d4-a716-446655440000', 'nguyen.van.a@apillis.com', 'Nguyen Van A', 'management', 'Operations', '+84-123-456-789', NULL, 'active', NULL, NULL, '660e8400-e29b-41d4-a716-446655440001', '{660e8400-e29b-41d4-a716-446655440006,660e8400-e29b-41d4-a716-446655440007,660e8400-e29b-41d4-a716-446655440008,660e8400-e29b-41d4-a716-446655440012,660e8400-e29b-41d4-a716-446655440013}', NULL, '{"theme": "light", "language": "vi", "timezone": "Asia/Ho_Chi_Minh"}', '2023-09-07 11:25:25.470919+00', '2025-09-07 11:25:25.470919+00'),
	('660e8400-e29b-41d4-a716-446655440004', '550e8400-e29b-41d4-a716-446655440000', 'tran.thi.b@apillis.com', 'Tran Thi B', 'management', 'Quality', '+84-987-654-321', NULL, 'active', NULL, NULL, '660e8400-e29b-41d4-a716-446655440001', '{660e8400-e29b-41d4-a716-446655440010,660e8400-e29b-41d4-a716-446655440011}', NULL, '{"theme": "light", "language": "vi", "timezone": "Asia/Ho_Chi_Minh"}', '2023-11-07 11:25:25.470919+00', '2025-09-07 11:25:25.470919+00'),
	('660e8400-e29b-41d4-a716-446655440005', '550e8400-e29b-41d4-a716-446655440000', 'le.van.c@apillis.com', 'Le Van C', 'management', 'Engineering', '+84-555-123-456', NULL, 'active', NULL, NULL, '660e8400-e29b-41d4-a716-446655440001', '{660e8400-e29b-41d4-a716-446655440009}', NULL, '{"theme": "light", "language": "vi", "timezone": "Asia/Ho_Chi_Minh"}', '2024-03-07 11:25:25.470919+00', '2025-09-07 11:25:25.470919+00'),
	('383b189e-acec-4989-94b3-a0267f4501bb', '550e8400-e29b-41d4-a716-446655440000', 'admin@apillis.com', 'Admin User', 'admin', 'IT', NULL, NULL, 'active', NULL, NULL, NULL, NULL, NULL, NULL, '2025-09-07 12:45:00.097891+00', '2025-09-07 12:45:00.097891+00');


--
-- Data for Name: workflow_definitions; Type: TABLE DATA; Schema: public; Owner: postgres
--

INSERT INTO "public"."workflow_definitions" ("id", "organization_id", "name", "version", "description", "is_active", "created_by", "created_at", "updated_at") VALUES
	('5ab31fd7-a443-41f8-b2d5-c60a808fedf6', '550e8400-e29b-41d4-a716-446655440000', 'Default Manufacturing Workflow', 1, 'Standard manufacturing workflow for all projects', true, NULL, '2025-09-13 02:08:38.408391+00', '2025-09-13 02:08:38.408391+00');


--
-- Data for Name: workflow_stages; Type: TABLE DATA; Schema: public; Owner: postgres
--

INSERT INTO "public"."workflow_stages" ("id", "organization_id", "name", "slug", "description", "color", "stage_order", "is_active", "exit_criteria", "responsible_roles", "estimated_duration_days", "created_at", "updated_at") VALUES
	('880e8400-e29b-41d4-a716-446655440001', '550e8400-e29b-41d4-a716-446655440000', 'Inquiry Received', 'inquiry_received', 'Customer RFQ submitted and initial review completed', '#3B82F6', 1, true, NULL, '{sales,procurement}', 2, '2025-09-07 11:25:25.470919+00', '2025-09-07 11:25:25.470919+00'),
	('880e8400-e29b-41d4-a716-446655440002', '550e8400-e29b-41d4-a716-446655440000', 'Technical Review', 'technical_review', 'Engineering, QA, and Production teams review technical requirements', '#F59E0B', 2, true, NULL, '{engineering,qa,production}', 3, '2025-09-07 11:25:25.470919+00', '2025-09-07 11:25:25.470919+00'),
	('880e8400-e29b-41d4-a716-446655440003', '550e8400-e29b-41d4-a716-446655440000', 'Supplier RFQ Sent', 'supplier_rfq_sent', 'RFQs sent to qualified suppliers for component pricing and lead times', '#F97316', 3, true, NULL, '{procurement}', 1, '2025-09-07 11:25:25.470919+00', '2025-09-07 11:25:25.470919+00'),
	('880e8400-e29b-41d4-a716-446655440004', '550e8400-e29b-41d4-a716-446655440000', 'Quoted', 'quoted', 'Customer quote generated and sent based on supplier responses', '#10B981', 4, true, NULL, '{sales,procurement}', 2, '2025-09-07 11:25:25.470919+00', '2025-09-07 11:25:25.470919+00'),
	('880e8400-e29b-41d4-a716-446655440005', '550e8400-e29b-41d4-a716-446655440000', 'Order Confirmed', 'order_confirmed', 'Customer accepted quote and order confirmed', '#6366F1', 5, true, NULL, '{sales,procurement,production}', 1, '2025-09-07 11:25:25.470919+00', '2025-09-07 11:25:25.470919+00'),
	('880e8400-e29b-41d4-a716-446655440006', '550e8400-e29b-41d4-a716-446655440000', 'Procurement Planning', 'procurement_planning', 'BOM finalized, purchase orders issued, material planning completed', '#8B5CF6', 6, true, NULL, '{procurement,production}', 2, '2025-09-07 11:25:25.470919+00', '2025-09-07 11:25:25.470919+00'),
	('880e8400-e29b-41d4-a716-446655440007', '550e8400-e29b-41d4-a716-446655440000', 'Production', 'production', 'Manufacturing process initiated and quality control implemented', '#84CC16', 7, true, NULL, '{production,qa}', 14, '2025-09-07 11:25:25.470919+00', '2025-09-07 11:25:25.470919+00'),
	('880e8400-e29b-41d4-a716-446655440008', '550e8400-e29b-41d4-a716-446655440000', 'Completed', 'completed', 'Order fulfilled and delivered to customer', '#6B7280', 8, true, NULL, '{sales,production}', 1, '2025-09-07 11:25:25.470919+00', '2025-09-07 11:25:25.470919+00');


--
-- Data for Name: projects; Type: TABLE DATA; Schema: public; Owner: postgres
--

INSERT INTO "public"."projects" ("id", "organization_id", "project_id", "title", "description", "customer_organization_id", "point_of_contacts", "current_stage_id", "workflow_definition_id", "status", "priority_level", "priority_score", "stage_entered_at", "estimated_delivery_date", "actual_delivery_date", "requested_due_date", "promised_due_date", "assigned_to", "created_by", "estimated_value", "actual_value", "tags", "project_type", "intake_type", "intake_source", "notes", "metadata", "created_at", "updated_at", "source", "description_legacy") VALUES
	('220e8400-e29b-41d4-a716-446655440001', '550e8400-e29b-41d4-a716-446655440000', 'P-25082001', 'SO00001-Make ABD', 'High-precision mechanical components manufacturing project', '550e8400-e29b-41d4-a716-446655440001', '{770e8400-e29b-41d4-a716-446655440001}', '880e8400-e29b-41d4-a716-446655440002', NULL, 'reviewing', 'normal', 0.00, NULL, '2025-11-06', NULL, NULL, NULL, '660e8400-e29b-41d4-a716-446655440006', '660e8400-e29b-41d4-a716-446655440006', NULL, NULL, '{}', 'manufacturing', NULL, NULL, NULL, '{}', '2025-09-07 11:25:25.470919+00', '2025-09-13 02:03:46.82226+00', NULL, NULL),
	('220e8400-e29b-41d4-a716-446655440002', '550e8400-e29b-41d4-a716-446655440000', 'P-25082002', 'TechCorp - System Integration', 'Complete system integration for TechCorp Solutions', '550e8400-e29b-41d4-a716-446655440002', '{770e8400-e29b-41d4-a716-446655440003}', '880e8400-e29b-41d4-a716-446655440001', NULL, 'inquiry', 'normal', 0.00, '2025-09-08 07:12:36.85+00', '2025-10-22', NULL, NULL, NULL, '660e8400-e29b-41d4-a716-446655440008', '660e8400-e29b-41d4-a716-446655440008', NULL, NULL, '{}', 'system_build', NULL, NULL, NULL, '{}', '2025-09-07 11:25:25.470919+00', '2025-09-13 02:03:46.822796+00', NULL, NULL),
	('220e8400-e29b-41d4-a716-446655440003', '550e8400-e29b-41d4-a716-446655440000', 'P-25082003', 'Global Industries - Automation Line', 'High-volume manufacturing line for industrial automation', '550e8400-e29b-41d4-a716-446655440003', '{}', '880e8400-e29b-41d4-a716-446655440003', NULL, 'inquiry', 'low', 0.00, NULL, '2025-12-06', NULL, NULL, NULL, '660e8400-e29b-41d4-a716-446655440006', '660e8400-e29b-41d4-a716-446655440006', NULL, NULL, '{}', 'manufacturing', NULL, NULL, NULL, '{}', '2025-09-07 11:25:25.470919+00', '2025-09-13 02:03:46.823142+00', NULL, NULL),
	('cb697e9d-abf1-4d0d-bbad-c9b509493dff', '550e8400-e29b-41d4-a716-446655440000', 'P-2025091501', 'demo', ' Removed all references to ''in_progress'' project status
 Kept ''in_progress'' for sub-stage status (different enum)
 Updated comments and console logs to reflect correct status', '550e8400-e29b-41d4-a716-446655440001', '{}', '880e8400-e29b-41d4-a716-446655440001', NULL, 'inquiry', 'normal', 0.00, '2025-09-15 09:09:58.803+00', '2025-10-11', NULL, NULL, NULL, NULL, '660e8400-e29b-41d4-a716-446655440003', 1000.00, NULL, '{rfq,fabrication}', 'fabrication', 'rfq', 'portal', NULL, '{"volume": "[{\"qty\":1000,\"unit\":\"pcs\",\"freq\":\"per year\"}]", "contact_name": "John Customer", "contact_email": "john.customer@acme.com", "desired_delivery_date": "2025-10-11", "target_price_per_unit": 1}', '2025-09-15 09:09:58.811094+00', '2025-09-15 09:09:58.811094+00', 'manual', NULL),
	('cc66cd6e-2ba9-4d40-9da9-ef077eb7c958', '550e8400-e29b-41d4-a716-446655440000', 'P-2025091502', 'demo 2', 'Database Operations: Still use the regular user-authenticated client (supabase) for database operations
Storage Operations: Use the service role client (supabaseServiceRole) for file uploads, which bypasses RLS restrictions
Security: The service role client only has elevated privileges for storage operations, maintaining security for database operations', '550e8400-e29b-41d4-a716-446655440001', '{}', '880e8400-e29b-41d4-a716-446655440001', NULL, 'inquiry', 'normal', 0.00, '2025-09-15 09:16:20.405+00', '2025-10-04', NULL, NULL, NULL, NULL, '660e8400-e29b-41d4-a716-446655440003', 1000.00, NULL, '{rfq,fabrication}', 'fabrication', 'rfq', 'portal', NULL, '{"volume": "[{\"qty\":1000,\"unit\":\"pcs\",\"freq\":\"per year\"}]", "contact_name": "John Customer", "contact_email": "john.customer@acme.com", "desired_delivery_date": "2025-10-04", "target_price_per_unit": 1}', '2025-09-15 09:16:20.412799+00', '2025-09-15 09:16:20.412799+00', 'manual', NULL);


--
-- Data for Name: activity_log; Type: TABLE DATA; Schema: public; Owner: postgres
--

INSERT INTO "public"."activity_log" ("id", "organization_id", "user_id", "project_id", "entity_type", "entity_id", "action", "description", "old_values", "new_values", "ip_address", "user_agent", "metadata", "created_at") VALUES
	('ee0e8400-e29b-41d4-a716-446655440001', '550e8400-e29b-41d4-a716-446655440000', '660e8400-e29b-41d4-a716-446655440006', '220e8400-e29b-41d4-a716-446655440001', 'project', '220e8400-e29b-41d4-a716-446655440001', 'create', 'Created new project for Acme Manufacturing', NULL, NULL, NULL, NULL, '{}', '2025-09-07 11:25:25.470919+00'),
	('ee0e8400-e29b-41d4-a716-446655440002', '550e8400-e29b-41d4-a716-446655440000', '660e8400-e29b-41d4-a716-446655440009', '220e8400-e29b-41d4-a716-446655440001', 'project', '220e8400-e29b-41d4-a716-446655440001', 'update', 'Updated project technical specifications', NULL, NULL, NULL, NULL, '{}', '2025-09-07 11:25:25.470919+00'),
	('ee0e8400-e29b-41d4-a716-446655440003', '550e8400-e29b-41d4-a716-446655440000', '660e8400-e29b-41d4-a716-446655440007', '220e8400-e29b-41d4-a716-446655440001', 'project', '220e8400-e29b-41d4-a716-446655440001', 'update', 'Updated project cost estimation', NULL, NULL, NULL, NULL, '{}', '2025-09-07 11:25:25.470919+00'),
	('ee0e8400-e29b-41d4-a716-446655440004', '550e8400-e29b-41d4-a716-446655440000', '660e8400-e29b-41d4-a716-446655440005', '220e8400-e29b-41d4-a716-446655440002', 'approval', 'dd0e8400-e29b-41d4-a716-446655440001', 'approve', 'Approved technical review for Acme project', NULL, NULL, NULL, NULL, '{}', '2025-09-07 11:25:25.470919+00'),
	('d1cb6a72-6d83-46a1-bda4-ec7e99414a7f', '550e8400-e29b-41d4-a716-446655440000', '383b189e-acec-4989-94b3-a0267f4501bb', NULL, 'user', '383b189e-acec-4989-94b3-a0267f4501bb', 'login_success', 'User logged in successfully', NULL, NULL, NULL, NULL, '{}', '2025-09-07 12:45:54.419026+00'),
	('f2570cfa-fcf3-4fd5-ac58-ea24e43a816a', '550e8400-e29b-41d4-a716-446655440000', '660e8400-e29b-41d4-a716-446655440003', NULL, 'user', '660e8400-e29b-41d4-a716-446655440003', 'login_success', NULL, NULL, '{"details": {}, "success": true}', NULL, 'test', '{}', '2025-09-07 13:05:10.784201+00'),
	('fcc54614-9660-407f-82a2-39d096399023', '550e8400-e29b-41d4-a716-446655440000', NULL, NULL, 'system', '139b36fd-583b-4457-b16d-67e3943da93d', 'refresh_materialized_views', 'Refreshed dashboard materialized views', NULL, NULL, NULL, NULL, '{"refreshed_at": "2025-09-07T13:24:10.12896+00:00", "views_refreshed": ["mv_user_workload"]}', '2025-09-07 13:24:10.12896+00'),
	('1daa4b12-253d-43c4-a3c0-cb0d97e73ad6', '550e8400-e29b-41d4-a716-446655440000', '660e8400-e29b-41d4-a716-446655440003', NULL, 'user', '660e8400-e29b-41d4-a716-446655440003', 'unauthorized_access', NULL, NULL, '{"details": {"user_role": "management", "access_time": "2025-09-08T00:15:07.068Z", "attempted_action": "route_access", "attempted_resource": "/customers"}, "success": false, "client_info": {"url": "http://localhost:8080/customers", "referrer": "", "timestamp": "2025-09-08T00:15:07.068Z", "userAgent": "Mozilla/5.0 (Macintosh; Intel Mac OS X 10_15_7) AppleWebKit/537.36 (KHTML, like Gecko) Chrome/139.0.0.0 Safari/537.36"}}', NULL, 'Mozilla/5.0 (Macintosh; Intel Mac OS X 10_15_7) AppleWebKit/537.36 (KHTML, like Gecko) Chrome/139.0.0.0 Safari/537.36', '{}', '2025-09-08 00:15:07.081272+00'),
	('1d9a4a26-2626-4303-9977-073fd9308fcd', '550e8400-e29b-41d4-a716-446655440000', '660e8400-e29b-41d4-a716-446655440003', NULL, 'user', '660e8400-e29b-41d4-a716-446655440003', 'unauthorized_access', NULL, NULL, '{"details": {"user_role": "management", "access_time": "2025-09-08T00:15:07.068Z", "attempted_action": "route_access", "attempted_resource": "/customers"}, "success": false, "client_info": {"url": "http://localhost:8080/customers", "referrer": "", "timestamp": "2025-09-08T00:15:07.068Z", "userAgent": "Mozilla/5.0 (Macintosh; Intel Mac OS X 10_15_7) AppleWebKit/537.36 (KHTML, like Gecko) Chrome/139.0.0.0 Safari/537.36"}}', NULL, 'Mozilla/5.0 (Macintosh; Intel Mac OS X 10_15_7) AppleWebKit/537.36 (KHTML, like Gecko) Chrome/139.0.0.0 Safari/537.36', '{}', '2025-09-08 00:15:07.081266+00'),
	('0a0c6bca-aea6-435d-b8fb-8a69f5183837', '550e8400-e29b-41d4-a716-446655440000', '660e8400-e29b-41d4-a716-446655440003', NULL, 'user', '660e8400-e29b-41d4-a716-446655440003', 'unauthorized_access', NULL, NULL, '{"details": {"user_role": "management", "access_time": "2025-09-08T00:18:59.050Z", "attempted_action": "route_access", "attempted_resource": "/customers"}, "success": false, "client_info": {"url": "http://localhost:8080/customers", "referrer": "", "timestamp": "2025-09-08T00:18:59.050Z", "userAgent": "Mozilla/5.0 (Macintosh; Intel Mac OS X 10_15_7) AppleWebKit/537.36 (KHTML, like Gecko) Chrome/139.0.0.0 Safari/537.36"}}', NULL, 'Mozilla/5.0 (Macintosh; Intel Mac OS X 10_15_7) AppleWebKit/537.36 (KHTML, like Gecko) Chrome/139.0.0.0 Safari/537.36', '{}', '2025-09-08 00:18:59.077083+00'),
	('1c4d4e9e-9ab7-417d-b79a-75b64624ce36', '550e8400-e29b-41d4-a716-446655440000', '660e8400-e29b-41d4-a716-446655440003', NULL, 'user', '660e8400-e29b-41d4-a716-446655440003', 'unauthorized_access', NULL, NULL, '{"details": {"user_role": "management", "access_time": "2025-09-08T00:18:59.051Z", "attempted_action": "route_access", "attempted_resource": "/customers"}, "success": false, "client_info": {"url": "http://localhost:8080/customers", "referrer": "", "timestamp": "2025-09-08T00:18:59.051Z", "userAgent": "Mozilla/5.0 (Macintosh; Intel Mac OS X 10_15_7) AppleWebKit/537.36 (KHTML, like Gecko) Chrome/139.0.0.0 Safari/537.36"}}', NULL, 'Mozilla/5.0 (Macintosh; Intel Mac OS X 10_15_7) AppleWebKit/537.36 (KHTML, like Gecko) Chrome/139.0.0.0 Safari/537.36', '{}', '2025-09-08 00:18:59.077118+00'),
	('d0c3abd4-5e69-48e2-9e77-6ebcc17ff89f', '550e8400-e29b-41d4-a716-446655440000', '660e8400-e29b-41d4-a716-446655440003', NULL, 'user', '660e8400-e29b-41d4-a716-446655440003', 'unauthorized_access', NULL, NULL, '{"details": {"user_role": "management", "access_time": "2025-09-08T00:36:32.625Z", "attempted_action": "route_access", "attempted_resource": "/customers"}, "success": false, "client_info": {"url": "http://localhost:8080/customers", "referrer": "", "timestamp": "2025-09-08T00:36:32.625Z", "userAgent": "Mozilla/5.0 (Macintosh; Intel Mac OS X 10_15_7) AppleWebKit/537.36 (KHTML, like Gecko) Chrome/139.0.0.0 Safari/537.36"}}', NULL, 'Mozilla/5.0 (Macintosh; Intel Mac OS X 10_15_7) AppleWebKit/537.36 (KHTML, like Gecko) Chrome/139.0.0.0 Safari/537.36', '{}', '2025-09-08 00:36:32.639867+00'),
	('65296dda-8d71-4444-84df-54c7e775da6b', '550e8400-e29b-41d4-a716-446655440000', '660e8400-e29b-41d4-a716-446655440003', NULL, 'user', '660e8400-e29b-41d4-a716-446655440003', 'unauthorized_access', NULL, NULL, '{"details": {"user_role": "management", "access_time": "2025-09-08T00:36:32.625Z", "attempted_action": "route_access", "attempted_resource": "/customers"}, "success": false, "client_info": {"url": "http://localhost:8080/customers", "referrer": "", "timestamp": "2025-09-08T00:36:32.625Z", "userAgent": "Mozilla/5.0 (Macintosh; Intel Mac OS X 10_15_7) AppleWebKit/537.36 (KHTML, like Gecko) Chrome/139.0.0.0 Safari/537.36"}}', NULL, 'Mozilla/5.0 (Macintosh; Intel Mac OS X 10_15_7) AppleWebKit/537.36 (KHTML, like Gecko) Chrome/139.0.0.0 Safari/537.36', '{}', '2025-09-08 00:36:32.644672+00'),
	('c3f60e03-ee37-4756-a5b1-987dca442d66', '550e8400-e29b-41d4-a716-446655440000', '660e8400-e29b-41d4-a716-446655440003', NULL, 'user', '660e8400-e29b-41d4-a716-446655440003', 'logout', NULL, NULL, '{"details": {"user_agent": "Mozilla/5.0 (Macintosh; Intel Mac OS X 10_15_7) AppleWebKit/537.36 (KHTML, like Gecko) Chrome/139.0.0.0 Safari/537.36", "logout_time": "2025-09-08T00:36:39.447Z"}, "success": true}', NULL, 'Mozilla/5.0 (Macintosh; Intel Mac OS X 10_15_7) AppleWebKit/537.36 (KHTML, like Gecko) Chrome/139.0.0.0 Safari/537.36', '{}', '2025-09-08 00:36:39.45653+00'),
	('39e88ed9-9c9d-40b0-adc8-2374ff6cf31c', '550e8400-e29b-41d4-a716-446655440000', '383b189e-acec-4989-94b3-a0267f4501bb', NULL, 'user', '383b189e-acec-4989-94b3-a0267f4501bb', 'unauthorized_access', NULL, NULL, '{"details": {"user_role": "admin", "access_time": "2025-09-08T00:49:20.053Z", "attempted_action": "route_access", "attempted_resource": "/customers"}, "success": false, "client_info": {"url": "http://localhost:8080/customers", "referrer": "", "timestamp": "2025-09-08T00:49:20.053Z", "userAgent": "Mozilla/5.0 (Macintosh; Intel Mac OS X 10_15_7) AppleWebKit/537.36 (KHTML, like Gecko) Chrome/139.0.0.0 Safari/537.36"}}', NULL, 'Mozilla/5.0 (Macintosh; Intel Mac OS X 10_15_7) AppleWebKit/537.36 (KHTML, like Gecko) Chrome/139.0.0.0 Safari/537.36', '{}', '2025-09-08 00:49:20.066668+00'),
	('3a636542-45ca-42a2-9be9-9ca1076ab1bb', '550e8400-e29b-41d4-a716-446655440000', '383b189e-acec-4989-94b3-a0267f4501bb', NULL, 'user', '383b189e-acec-4989-94b3-a0267f4501bb', 'unauthorized_access', NULL, NULL, '{"details": {"user_role": "admin", "access_time": "2025-09-08T00:49:20.054Z", "attempted_action": "route_access", "attempted_resource": "/customers"}, "success": false, "client_info": {"url": "http://localhost:8080/customers", "referrer": "", "timestamp": "2025-09-08T00:49:20.054Z", "userAgent": "Mozilla/5.0 (Macintosh; Intel Mac OS X 10_15_7) AppleWebKit/537.36 (KHTML, like Gecko) Chrome/139.0.0.0 Safari/537.36"}}', NULL, 'Mozilla/5.0 (Macintosh; Intel Mac OS X 10_15_7) AppleWebKit/537.36 (KHTML, like Gecko) Chrome/139.0.0.0 Safari/537.36', '{}', '2025-09-08 00:49:20.066591+00'),
	('a84b5184-a42e-490e-a951-3d4358912def', '550e8400-e29b-41d4-a716-446655440000', '383b189e-acec-4989-94b3-a0267f4501bb', NULL, 'user', '383b189e-acec-4989-94b3-a0267f4501bb', 'unauthorized_access', NULL, NULL, '{"details": {"user_role": "admin", "access_time": "2025-09-08T00:50:24.894Z", "attempted_action": "route_access", "attempted_resource": "/customers"}, "success": false, "client_info": {"url": "http://localhost:8080/customers", "referrer": "", "timestamp": "2025-09-08T00:50:24.894Z", "userAgent": "Mozilla/5.0 (Macintosh; Intel Mac OS X 10_15_7) AppleWebKit/537.36 (KHTML, like Gecko) Chrome/139.0.0.0 Safari/537.36"}}', NULL, 'Mozilla/5.0 (Macintosh; Intel Mac OS X 10_15_7) AppleWebKit/537.36 (KHTML, like Gecko) Chrome/139.0.0.0 Safari/537.36', '{}', '2025-09-08 00:50:24.919007+00'),
	('9cc6912b-3f60-4993-9c36-cfa7033f1836', '550e8400-e29b-41d4-a716-446655440000', '383b189e-acec-4989-94b3-a0267f4501bb', NULL, 'user', '383b189e-acec-4989-94b3-a0267f4501bb', 'unauthorized_access', NULL, NULL, '{"details": {"user_role": "admin", "access_time": "2025-09-08T00:53:03.048Z", "attempted_action": "route_access", "attempted_resource": "/suppliers"}, "success": false, "client_info": {"url": "http://localhost:8080/suppliers", "referrer": "", "timestamp": "2025-09-08T00:53:03.048Z", "userAgent": "Mozilla/5.0 (Macintosh; Intel Mac OS X 10_15_7) AppleWebKit/537.36 (KHTML, like Gecko) Chrome/139.0.0.0 Safari/537.36"}}', NULL, 'Mozilla/5.0 (Macintosh; Intel Mac OS X 10_15_7) AppleWebKit/537.36 (KHTML, like Gecko) Chrome/139.0.0.0 Safari/537.36', '{}', '2025-09-08 00:53:03.06323+00'),
	('25b07557-a320-42f5-a116-997ec55fedd2', '550e8400-e29b-41d4-a716-446655440000', '383b189e-acec-4989-94b3-a0267f4501bb', NULL, 'user', '383b189e-acec-4989-94b3-a0267f4501bb', 'unauthorized_access', NULL, NULL, '{"details": {"user_role": "admin", "access_time": "2025-09-08T01:04:09.217Z", "attempted_action": "route_access", "attempted_resource": "/customers"}, "success": false, "client_info": {"url": "http://localhost:8080/customers", "referrer": "", "timestamp": "2025-09-08T01:04:09.217Z", "userAgent": "Mozilla/5.0 (Macintosh; Intel Mac OS X 10_15_7) AppleWebKit/537.36 (KHTML, like Gecko) Chrome/139.0.0.0 Safari/537.36"}}', NULL, 'Mozilla/5.0 (Macintosh; Intel Mac OS X 10_15_7) AppleWebKit/537.36 (KHTML, like Gecko) Chrome/139.0.0.0 Safari/537.36', '{}', '2025-09-08 01:04:09.236062+00'),
	('b9f5df4d-d055-414a-8288-0e68e4239163', '550e8400-e29b-41d4-a716-446655440000', '383b189e-acec-4989-94b3-a0267f4501bb', NULL, 'user', '383b189e-acec-4989-94b3-a0267f4501bb', 'unauthorized_access', NULL, NULL, '{"details": {"user_role": "admin", "access_time": "2025-09-08T01:04:09.219Z", "attempted_action": "route_access", "attempted_resource": "/customers"}, "success": false, "client_info": {"url": "http://localhost:8080/customers", "referrer": "", "timestamp": "2025-09-08T01:04:09.219Z", "userAgent": "Mozilla/5.0 (Macintosh; Intel Mac OS X 10_15_7) AppleWebKit/537.36 (KHTML, like Gecko) Chrome/139.0.0.0 Safari/537.36"}}', NULL, 'Mozilla/5.0 (Macintosh; Intel Mac OS X 10_15_7) AppleWebKit/537.36 (KHTML, like Gecko) Chrome/139.0.0.0 Safari/537.36', '{}', '2025-09-08 01:04:09.236603+00'),
	('1f8cb5be-00ec-48ea-8798-4a1b47245f33', '550e8400-e29b-41d4-a716-446655440000', '383b189e-acec-4989-94b3-a0267f4501bb', NULL, 'user', '383b189e-acec-4989-94b3-a0267f4501bb', 'unauthorized_access', NULL, NULL, '{"details": {"user_role": "admin", "access_time": "2025-09-08T01:29:43.108Z", "attempted_action": "route_access", "attempted_resource": "/customers"}, "success": false, "client_info": {"url": "http://localhost:8080/customers", "referrer": "http://localhost:8080/permissions", "timestamp": "2025-09-08T01:29:43.108Z", "userAgent": "Mozilla/5.0 (Macintosh; Intel Mac OS X 10_15_7) AppleWebKit/537.36 (KHTML, like Gecko) Chrome/139.0.0.0 Safari/537.36"}}', NULL, 'Mozilla/5.0 (Macintosh; Intel Mac OS X 10_15_7) AppleWebKit/537.36 (KHTML, like Gecko) Chrome/139.0.0.0 Safari/537.36', '{}', '2025-09-08 01:29:43.128794+00'),
	('7e607ab2-44df-43fd-9347-644d38a98d37', '550e8400-e29b-41d4-a716-446655440000', '383b189e-acec-4989-94b3-a0267f4501bb', NULL, 'user', '383b189e-acec-4989-94b3-a0267f4501bb', 'unauthorized_access', NULL, NULL, '{"details": {"user_role": "admin", "access_time": "2025-09-08T01:29:43.109Z", "attempted_action": "route_access", "attempted_resource": "/customers"}, "success": false, "client_info": {"url": "http://localhost:8080/customers", "referrer": "http://localhost:8080/permissions", "timestamp": "2025-09-08T01:29:43.109Z", "userAgent": "Mozilla/5.0 (Macintosh; Intel Mac OS X 10_15_7) AppleWebKit/537.36 (KHTML, like Gecko) Chrome/139.0.0.0 Safari/537.36"}}', NULL, 'Mozilla/5.0 (Macintosh; Intel Mac OS X 10_15_7) AppleWebKit/537.36 (KHTML, like Gecko) Chrome/139.0.0.0 Safari/537.36', '{}', '2025-09-08 01:29:43.131774+00'),
	('c65db822-add3-4171-a11d-8ee1b0198bf4', '550e8400-e29b-41d4-a716-446655440000', '383b189e-acec-4989-94b3-a0267f4501bb', NULL, 'user', '383b189e-acec-4989-94b3-a0267f4501bb', 'logout', NULL, NULL, '{"details": {"user_agent": "Mozilla/5.0 (Macintosh; Intel Mac OS X 10_15_7) AppleWebKit/537.36 (KHTML, like Gecko) Chrome/139.0.0.0 Safari/537.36", "logout_time": "2025-09-08T02:43:57.977Z"}, "success": true}', NULL, 'Mozilla/5.0 (Macintosh; Intel Mac OS X 10_15_7) AppleWebKit/537.36 (KHTML, like Gecko) Chrome/139.0.0.0 Safari/537.36', '{}', '2025-09-08 02:43:58.033716+00'),
	('15b7723b-02be-4934-8e6b-1f0c1a8b84d4', '550e8400-e29b-41d4-a716-446655440000', '383b189e-acec-4989-94b3-a0267f4501bb', NULL, 'user', '383b189e-acec-4989-94b3-a0267f4501bb', 'logout', NULL, NULL, '{"details": {"user_agent": "Mozilla/5.0 (Macintosh; Intel Mac OS X 10_15_7) AppleWebKit/537.36 (KHTML, like Gecko) Chrome/139.0.0.0 Safari/537.36", "logout_time": "2025-09-08T02:43:57.980Z"}, "success": true}', NULL, 'Mozilla/5.0 (Macintosh; Intel Mac OS X 10_15_7) AppleWebKit/537.36 (KHTML, like Gecko) Chrome/139.0.0.0 Safari/537.36', '{}', '2025-09-08 02:43:58.051644+00'),
	('19cd2533-28b4-4541-9cc0-a3398a32148b', '550e8400-e29b-41d4-a716-446655440000', '383b189e-acec-4989-94b3-a0267f4501bb', NULL, 'user', '383b189e-acec-4989-94b3-a0267f4501bb', 'logout', NULL, NULL, '{"details": {"user_agent": "Mozilla/5.0 (Macintosh; Intel Mac OS X 10_15_7) AppleWebKit/537.36 (KHTML, like Gecko) Chrome/139.0.0.0 Safari/537.36", "logout_time": "2025-09-08T02:43:57.991Z"}, "success": true}', NULL, 'Mozilla/5.0 (Macintosh; Intel Mac OS X 10_15_7) AppleWebKit/537.36 (KHTML, like Gecko) Chrome/139.0.0.0 Safari/537.36', '{}', '2025-09-08 02:43:58.051635+00'),
	('9cf2b2cf-c24b-47c6-ab1d-5cb5f8b02bd2', '550e8400-e29b-41d4-a716-446655440000', '383b189e-acec-4989-94b3-a0267f4501bb', NULL, 'user', '383b189e-acec-4989-94b3-a0267f4501bb', 'logout', NULL, NULL, '{"details": {"user_agent": "Mozilla/5.0 (Macintosh; Intel Mac OS X 10_15_7) AppleWebKit/537.36 (KHTML, like Gecko) Chrome/139.0.0.0 Safari/537.36", "logout_time": "2025-09-08T02:43:57.980Z"}, "success": true}', NULL, 'Mozilla/5.0 (Macintosh; Intel Mac OS X 10_15_7) AppleWebKit/537.36 (KHTML, like Gecko) Chrome/139.0.0.0 Safari/537.36', '{}', '2025-09-08 02:43:58.052919+00'),
	('28096293-6241-4e41-88da-323a62a5d098', '550e8400-e29b-41d4-a716-446655440000', '383b189e-acec-4989-94b3-a0267f4501bb', '220e8400-e29b-41d4-a716-446655440002', 'project', '220e8400-e29b-41d4-a716-446655440002', 'stage_transition_bypass', 'Stage changed from Inquiry Received to Technical Review', NULL, NULL, NULL, NULL, '{"reason": "Manager bypass", "timestamp": "2025-09-08T07:12:17.856Z", "to_stage_id": "880e8400-e29b-41d4-a716-446655440002", "bypass_reason": "demo", "from_stage_id": "880e8400-e29b-41d4-a716-446655440001", "to_stage_name": "Technical Review", "bypass_required": true, "from_stage_name": "Inquiry Received"}', '2025-09-08 07:12:17.858898+00'),
	('e39a58d9-aaee-4fa3-a768-46c2c07bbd05', '550e8400-e29b-41d4-a716-446655440000', '383b189e-acec-4989-94b3-a0267f4501bb', '220e8400-e29b-41d4-a716-446655440002', 'project', '220e8400-e29b-41d4-a716-446655440002', 'stage_transition_bypass', 'Stage changed from Inquiry Received to Technical Review', NULL, NULL, NULL, NULL, '{"reason": "Manager bypass", "timestamp": "2025-09-08T07:12:24.157Z", "to_stage_id": "880e8400-e29b-41d4-a716-446655440002", "bypass_reason": "demo", "from_stage_id": "880e8400-e29b-41d4-a716-446655440001", "to_stage_name": "Technical Review", "bypass_required": true, "from_stage_name": "Inquiry Received"}', '2025-09-08 07:12:24.159333+00'),
	('b6d6f2e6-546e-4709-9f35-0bb9417b3296', '550e8400-e29b-41d4-a716-446655440000', '383b189e-acec-4989-94b3-a0267f4501bb', '220e8400-e29b-41d4-a716-446655440002', 'project', '220e8400-e29b-41d4-a716-446655440002', 'stage_transition', 'Stage changed from Technical Review to Supplier RFQ Sent', NULL, NULL, NULL, NULL, '{"reason": "Normal transition", "timestamp": "2025-09-08T07:12:36.775Z", "to_stage_id": "880e8400-e29b-41d4-a716-446655440003", "from_stage_id": "880e8400-e29b-41d4-a716-446655440002", "to_stage_name": "Supplier RFQ Sent", "bypass_required": false, "from_stage_name": "Technical Review"}', '2025-09-08 07:12:36.776865+00'),
	('e7f5d16f-dc57-4412-8eac-99876010bc85', '550e8400-e29b-41d4-a716-446655440000', '383b189e-acec-4989-94b3-a0267f4501bb', '220e8400-e29b-41d4-a716-446655440002', 'project', '220e8400-e29b-41d4-a716-446655440002', 'stage_transition', 'Stage changed from Technical Review to Supplier RFQ Sent', NULL, NULL, NULL, NULL, '{"reason": "Normal stage transition", "timestamp": "2025-09-08T07:12:36.846Z", "to_stage_id": "880e8400-e29b-41d4-a716-446655440003", "from_stage_id": "880e8400-e29b-41d4-a716-446655440002", "to_stage_name": "Supplier RFQ Sent", "bypass_required": false, "from_stage_name": "Technical Review"}', '2025-09-08 07:12:36.846662+00'),
	('5f29777f-850c-460b-a7a1-5c900cfb255a', '550e8400-e29b-41d4-a716-446655440000', '383b189e-acec-4989-94b3-a0267f4501bb', NULL, 'user', '383b189e-acec-4989-94b3-a0267f4501bb', 'unauthorized_access', NULL, NULL, '{"details": {"user_role": "admin", "access_time": "2025-09-08T00:50:24.895Z", "attempted_action": "route_access", "attempted_resource": "/customers"}, "success": false, "client_info": {"url": "http://localhost:8080/customers", "referrer": "", "timestamp": "2025-09-08T00:50:24.895Z", "userAgent": "Mozilla/5.0 (Macintosh; Intel Mac OS X 10_15_7) AppleWebKit/537.36 (KHTML, like Gecko) Chrome/139.0.0.0 Safari/537.36"}}', NULL, 'Mozilla/5.0 (Macintosh; Intel Mac OS X 10_15_7) AppleWebKit/537.36 (KHTML, like Gecko) Chrome/139.0.0.0 Safari/537.36', '{}', '2025-09-08 00:50:24.919009+00'),
	('1ab25ce6-26e1-4659-89d1-6f8fee3a5216', '550e8400-e29b-41d4-a716-446655440000', '383b189e-acec-4989-94b3-a0267f4501bb', NULL, 'user', '383b189e-acec-4989-94b3-a0267f4501bb', 'unauthorized_access', NULL, NULL, '{"details": {"user_role": "admin", "access_time": "2025-09-08T00:52:24.979Z", "attempted_action": "route_access", "attempted_resource": "/customers"}, "success": false, "client_info": {"url": "http://localhost:8080/customers", "referrer": "", "timestamp": "2025-09-08T00:52:24.979Z", "userAgent": "Mozilla/5.0 (Macintosh; Intel Mac OS X 10_15_7) AppleWebKit/537.36 (KHTML, like Gecko) Chrome/139.0.0.0 Safari/537.36"}}', NULL, 'Mozilla/5.0 (Macintosh; Intel Mac OS X 10_15_7) AppleWebKit/537.36 (KHTML, like Gecko) Chrome/139.0.0.0 Safari/537.36', '{}', '2025-09-08 00:52:24.991151+00'),
	('548ae26f-21ed-4eba-a3f5-7bfcfc1b16da', '550e8400-e29b-41d4-a716-446655440000', '383b189e-acec-4989-94b3-a0267f4501bb', NULL, 'user', '383b189e-acec-4989-94b3-a0267f4501bb', 'unauthorized_access', NULL, NULL, '{"details": {"user_role": "admin", "access_time": "2025-09-08T00:52:24.978Z", "attempted_action": "route_access", "attempted_resource": "/customers"}, "success": false, "client_info": {"url": "http://localhost:8080/customers", "referrer": "", "timestamp": "2025-09-08T00:52:24.978Z", "userAgent": "Mozilla/5.0 (Macintosh; Intel Mac OS X 10_15_7) AppleWebKit/537.36 (KHTML, like Gecko) Chrome/139.0.0.0 Safari/537.36"}}', NULL, 'Mozilla/5.0 (Macintosh; Intel Mac OS X 10_15_7) AppleWebKit/537.36 (KHTML, like Gecko) Chrome/139.0.0.0 Safari/537.36', '{}', '2025-09-08 00:52:24.99115+00'),
	('4eadc476-2d10-4c8e-aa16-6b0479461a2d', '550e8400-e29b-41d4-a716-446655440000', '383b189e-acec-4989-94b3-a0267f4501bb', NULL, 'user', '383b189e-acec-4989-94b3-a0267f4501bb', 'unauthorized_access', NULL, NULL, '{"details": {"user_role": "admin", "access_time": "2025-09-08T00:52:30.204Z", "attempted_action": "route_access", "attempted_resource": "/customers"}, "success": false, "client_info": {"url": "http://localhost:8080/customers", "referrer": "", "timestamp": "2025-09-08T00:52:30.204Z", "userAgent": "Mozilla/5.0 (Macintosh; Intel Mac OS X 10_15_7) AppleWebKit/537.36 (KHTML, like Gecko) Chrome/139.0.0.0 Safari/537.36"}}', NULL, 'Mozilla/5.0 (Macintosh; Intel Mac OS X 10_15_7) AppleWebKit/537.36 (KHTML, like Gecko) Chrome/139.0.0.0 Safari/537.36', '{}', '2025-09-08 00:52:30.215711+00'),
	('827634f9-5953-4ec2-a42b-73bf506ac480', '550e8400-e29b-41d4-a716-446655440000', '383b189e-acec-4989-94b3-a0267f4501bb', NULL, 'user', '383b189e-acec-4989-94b3-a0267f4501bb', 'unauthorized_access', NULL, NULL, '{"details": {"user_role": "admin", "access_time": "2025-09-08T00:52:30.205Z", "attempted_action": "route_access", "attempted_resource": "/customers"}, "success": false, "client_info": {"url": "http://localhost:8080/customers", "referrer": "", "timestamp": "2025-09-08T00:52:30.205Z", "userAgent": "Mozilla/5.0 (Macintosh; Intel Mac OS X 10_15_7) AppleWebKit/537.36 (KHTML, like Gecko) Chrome/139.0.0.0 Safari/537.36"}}', NULL, 'Mozilla/5.0 (Macintosh; Intel Mac OS X 10_15_7) AppleWebKit/537.36 (KHTML, like Gecko) Chrome/139.0.0.0 Safari/537.36', '{}', '2025-09-08 00:52:30.215733+00'),
	('830a3d99-3828-46f2-975a-1e3c4e11dd98', '550e8400-e29b-41d4-a716-446655440000', '383b189e-acec-4989-94b3-a0267f4501bb', NULL, 'user', '383b189e-acec-4989-94b3-a0267f4501bb', 'unauthorized_access', NULL, NULL, '{"details": {"user_role": "admin", "access_time": "2025-09-08T00:52:36.936Z", "attempted_action": "route_access", "attempted_resource": "/customers"}, "success": false, "client_info": {"url": "http://localhost:8080/customers", "referrer": "", "timestamp": "2025-09-08T00:52:36.936Z", "userAgent": "Mozilla/5.0 (Macintosh; Intel Mac OS X 10_15_7) AppleWebKit/537.36 (KHTML, like Gecko) Chrome/139.0.0.0 Safari/537.36"}}', NULL, 'Mozilla/5.0 (Macintosh; Intel Mac OS X 10_15_7) AppleWebKit/537.36 (KHTML, like Gecko) Chrome/139.0.0.0 Safari/537.36', '{}', '2025-09-08 00:52:36.95224+00'),
	('390c0573-7489-47bf-9837-7f9510f9ae6b', '550e8400-e29b-41d4-a716-446655440000', '383b189e-acec-4989-94b3-a0267f4501bb', NULL, 'user', '383b189e-acec-4989-94b3-a0267f4501bb', 'unauthorized_access', NULL, NULL, '{"details": {"user_role": "admin", "access_time": "2025-09-08T00:52:36.935Z", "attempted_action": "route_access", "attempted_resource": "/customers"}, "success": false, "client_info": {"url": "http://localhost:8080/customers", "referrer": "", "timestamp": "2025-09-08T00:52:36.935Z", "userAgent": "Mozilla/5.0 (Macintosh; Intel Mac OS X 10_15_7) AppleWebKit/537.36 (KHTML, like Gecko) Chrome/139.0.0.0 Safari/537.36"}}', NULL, 'Mozilla/5.0 (Macintosh; Intel Mac OS X 10_15_7) AppleWebKit/537.36 (KHTML, like Gecko) Chrome/139.0.0.0 Safari/537.36', '{}', '2025-09-08 00:52:36.952244+00'),
	('5391b367-87d6-4e58-b48e-c7bc982a9559', '550e8400-e29b-41d4-a716-446655440000', '383b189e-acec-4989-94b3-a0267f4501bb', NULL, 'user', '383b189e-acec-4989-94b3-a0267f4501bb', 'unauthorized_access', NULL, NULL, '{"details": {"user_role": "admin", "access_time": "2025-09-08T00:52:43.899Z", "attempted_action": "route_access", "attempted_resource": "/customers"}, "success": false, "client_info": {"url": "http://localhost:8080/customers", "referrer": "", "timestamp": "2025-09-08T00:52:43.899Z", "userAgent": "Mozilla/5.0 (Macintosh; Intel Mac OS X 10_15_7) AppleWebKit/537.36 (KHTML, like Gecko) Chrome/139.0.0.0 Safari/537.36"}}', NULL, 'Mozilla/5.0 (Macintosh; Intel Mac OS X 10_15_7) AppleWebKit/537.36 (KHTML, like Gecko) Chrome/139.0.0.0 Safari/537.36', '{}', '2025-09-08 00:52:43.907179+00'),
	('3e29ed15-7d7c-4cdf-91a6-1dcf0b84b552', '550e8400-e29b-41d4-a716-446655440000', '383b189e-acec-4989-94b3-a0267f4501bb', NULL, 'user', '383b189e-acec-4989-94b3-a0267f4501bb', 'unauthorized_access', NULL, NULL, '{"details": {"user_role": "admin", "access_time": "2025-09-08T00:52:43.900Z", "attempted_action": "route_access", "attempted_resource": "/customers"}, "success": false, "client_info": {"url": "http://localhost:8080/customers", "referrer": "", "timestamp": "2025-09-08T00:52:43.900Z", "userAgent": "Mozilla/5.0 (Macintosh; Intel Mac OS X 10_15_7) AppleWebKit/537.36 (KHTML, like Gecko) Chrome/139.0.0.0 Safari/537.36"}}', NULL, 'Mozilla/5.0 (Macintosh; Intel Mac OS X 10_15_7) AppleWebKit/537.36 (KHTML, like Gecko) Chrome/139.0.0.0 Safari/537.36', '{}', '2025-09-08 00:52:43.907206+00'),
	('20f5f42d-491b-4b4b-be4a-9c24d5b71e76', '550e8400-e29b-41d4-a716-446655440000', '383b189e-acec-4989-94b3-a0267f4501bb', NULL, 'user', '383b189e-acec-4989-94b3-a0267f4501bb', 'unauthorized_access', NULL, NULL, '{"details": {"user_role": "admin", "access_time": "2025-09-08T00:52:51.112Z", "attempted_action": "route_access", "attempted_resource": "/customers"}, "success": false, "client_info": {"url": "http://localhost:8080/customers", "referrer": "", "timestamp": "2025-09-08T00:52:51.112Z", "userAgent": "Mozilla/5.0 (Macintosh; Intel Mac OS X 10_15_7) AppleWebKit/537.36 (KHTML, like Gecko) Chrome/139.0.0.0 Safari/537.36"}}', NULL, 'Mozilla/5.0 (Macintosh; Intel Mac OS X 10_15_7) AppleWebKit/537.36 (KHTML, like Gecko) Chrome/139.0.0.0 Safari/537.36', '{}', '2025-09-08 00:52:51.118328+00'),
	('4d384f21-3109-421b-be3d-31dfb7ceaa8c', '550e8400-e29b-41d4-a716-446655440000', '383b189e-acec-4989-94b3-a0267f4501bb', NULL, 'user', '383b189e-acec-4989-94b3-a0267f4501bb', 'unauthorized_access', NULL, NULL, '{"details": {"user_role": "admin", "access_time": "2025-09-08T00:52:51.111Z", "attempted_action": "route_access", "attempted_resource": "/customers"}, "success": false, "client_info": {"url": "http://localhost:8080/customers", "referrer": "", "timestamp": "2025-09-08T00:52:51.111Z", "userAgent": "Mozilla/5.0 (Macintosh; Intel Mac OS X 10_15_7) AppleWebKit/537.36 (KHTML, like Gecko) Chrome/139.0.0.0 Safari/537.36"}}', NULL, 'Mozilla/5.0 (Macintosh; Intel Mac OS X 10_15_7) AppleWebKit/537.36 (KHTML, like Gecko) Chrome/139.0.0.0 Safari/537.36', '{}', '2025-09-08 00:52:51.118349+00'),
	('c27e42d3-3a1e-4dce-9ba3-fa175d4ed099', '550e8400-e29b-41d4-a716-446655440000', '383b189e-acec-4989-94b3-a0267f4501bb', NULL, 'user', '383b189e-acec-4989-94b3-a0267f4501bb', 'unauthorized_access', NULL, NULL, '{"details": {"user_role": "admin", "access_time": "2025-09-08T00:53:03.051Z", "attempted_action": "route_access", "attempted_resource": "/suppliers"}, "success": false, "client_info": {"url": "http://localhost:8080/suppliers", "referrer": "", "timestamp": "2025-09-08T00:53:03.051Z", "userAgent": "Mozilla/5.0 (Macintosh; Intel Mac OS X 10_15_7) AppleWebKit/537.36 (KHTML, like Gecko) Chrome/139.0.0.0 Safari/537.36"}}', NULL, 'Mozilla/5.0 (Macintosh; Intel Mac OS X 10_15_7) AppleWebKit/537.36 (KHTML, like Gecko) Chrome/139.0.0.0 Safari/537.36', '{}', '2025-09-08 00:53:03.063243+00'),
	('c51db4ea-1a6c-4b98-b41e-8e0958789057', '550e8400-e29b-41d4-a716-446655440000', '383b189e-acec-4989-94b3-a0267f4501bb', NULL, 'user', '383b189e-acec-4989-94b3-a0267f4501bb', 'logout', NULL, NULL, '{"details": {"user_agent": "Mozilla/5.0 (Macintosh; Intel Mac OS X 10_15_7) AppleWebKit/537.36 (KHTML, like Gecko) Chrome/139.0.0.0 Safari/537.36", "logout_time": "2025-09-08T09:51:13.281Z"}, "success": true}', NULL, 'Mozilla/5.0 (Macintosh; Intel Mac OS X 10_15_7) AppleWebKit/537.36 (KHTML, like Gecko) Chrome/139.0.0.0 Safari/537.36', '{}', '2025-09-08 09:51:13.547423+00'),
	('d152c1ea-c13b-4476-a1a9-94b238a2f63a', '550e8400-e29b-41d4-a716-446655440000', '383b189e-acec-4989-94b3-a0267f4501bb', NULL, 'user', '383b189e-acec-4989-94b3-a0267f4501bb', 'logout', NULL, NULL, '{"details": {"user_agent": "Mozilla/5.0 (Macintosh; Intel Mac OS X 10_15_7) AppleWebKit/537.36 (KHTML, like Gecko) Chrome/139.0.0.0 Safari/537.36", "logout_time": "2025-09-08T09:51:13.281Z"}, "success": true}', NULL, 'Mozilla/5.0 (Macintosh; Intel Mac OS X 10_15_7) AppleWebKit/537.36 (KHTML, like Gecko) Chrome/139.0.0.0 Safari/537.36', '{}', '2025-09-08 09:51:13.547452+00'),
	('adc03293-a3dd-4702-be8a-256986d4cb95', '550e8400-e29b-41d4-a716-446655440000', '383b189e-acec-4989-94b3-a0267f4501bb', NULL, 'user', '383b189e-acec-4989-94b3-a0267f4501bb', 'logout', NULL, NULL, '{"details": {"user_agent": "Mozilla/5.0 (Macintosh; Intel Mac OS X 10_15_7) AppleWebKit/537.36 (KHTML, like Gecko) Chrome/139.0.0.0 Safari/537.36", "logout_time": "2025-09-08T09:51:13.314Z"}, "success": true}', NULL, 'Mozilla/5.0 (Macintosh; Intel Mac OS X 10_15_7) AppleWebKit/537.36 (KHTML, like Gecko) Chrome/139.0.0.0 Safari/537.36', '{}', '2025-09-08 09:51:13.54747+00'),
	('19920a7b-f5eb-41e1-88cb-0b775566d4bd', '550e8400-e29b-41d4-a716-446655440000', '383b189e-acec-4989-94b3-a0267f4501bb', NULL, 'user', '383b189e-acec-4989-94b3-a0267f4501bb', 'logout', NULL, NULL, '{"details": {"user_agent": "Mozilla/5.0 (Macintosh; Intel Mac OS X 10_15_7) AppleWebKit/537.36 (KHTML, like Gecko) Chrome/139.0.0.0 Safari/537.36", "logout_time": "2025-09-08T09:51:13.281Z"}, "success": true}', NULL, 'Mozilla/5.0 (Macintosh; Intel Mac OS X 10_15_7) AppleWebKit/537.36 (KHTML, like Gecko) Chrome/139.0.0.0 Safari/537.36', '{}', '2025-09-08 09:51:13.547417+00'),
	('b47f11f0-049f-41ff-b75c-94fd0dba07af', '550e8400-e29b-41d4-a716-446655440000', '660e8400-e29b-41d4-a716-446655440003', NULL, 'user', '660e8400-e29b-41d4-a716-446655440003', 'logout', NULL, NULL, '{"details": {"user_agent": "Mozilla/5.0 (Macintosh; Intel Mac OS X 10_15_7) AppleWebKit/537.36 (KHTML, like Gecko) Chrome/139.0.0.0 Safari/537.36", "logout_time": "2025-09-08T17:41:08.221Z"}, "success": true}', NULL, 'Mozilla/5.0 (Macintosh; Intel Mac OS X 10_15_7) AppleWebKit/537.36 (KHTML, like Gecko) Chrome/139.0.0.0 Safari/537.36', '{}', '2025-09-08 17:41:08.435172+00'),
	('e8d2250d-de56-4e24-ba3e-da4cf4df49ba', '550e8400-e29b-41d4-a716-446655440000', '660e8400-e29b-41d4-a716-446655440003', NULL, 'user', '660e8400-e29b-41d4-a716-446655440003', 'logout', NULL, NULL, '{"details": {"user_agent": "Mozilla/5.0 (Macintosh; Intel Mac OS X 10_15_7) AppleWebKit/537.36 (KHTML, like Gecko) Chrome/139.0.0.0 Safari/537.36", "logout_time": "2025-09-08T17:41:08.223Z"}, "success": true}', NULL, 'Mozilla/5.0 (Macintosh; Intel Mac OS X 10_15_7) AppleWebKit/537.36 (KHTML, like Gecko) Chrome/139.0.0.0 Safari/537.36', '{}', '2025-09-08 17:41:08.435344+00'),
	('98ebb10c-b241-4f1b-852f-eda90d3c7383', '550e8400-e29b-41d4-a716-446655440000', '660e8400-e29b-41d4-a716-446655440003', NULL, 'user', '660e8400-e29b-41d4-a716-446655440003', 'logout', NULL, NULL, '{"details": {"user_agent": "Mozilla/5.0 (Macintosh; Intel Mac OS X 10_15_7) AppleWebKit/537.36 (KHTML, like Gecko) Chrome/139.0.0.0 Safari/537.36", "logout_time": "2025-09-09T00:07:59.133Z"}, "success": true}', NULL, 'Mozilla/5.0 (Macintosh; Intel Mac OS X 10_15_7) AppleWebKit/537.36 (KHTML, like Gecko) Chrome/139.0.0.0 Safari/537.36', '{}', '2025-09-09 00:07:59.275418+00'),
	('0cc0d3d8-3ef2-4088-a2e6-0b4db1848888', '550e8400-e29b-41d4-a716-446655440000', '660e8400-e29b-41d4-a716-446655440003', NULL, 'user', '660e8400-e29b-41d4-a716-446655440003', 'logout', NULL, NULL, '{"details": {"user_agent": "Mozilla/5.0 (Macintosh; Intel Mac OS X 10_15_7) AppleWebKit/537.36 (KHTML, like Gecko) Chrome/139.0.0.0 Safari/537.36", "logout_time": "2025-09-09T00:07:59.131Z"}, "success": true}', NULL, 'Mozilla/5.0 (Macintosh; Intel Mac OS X 10_15_7) AppleWebKit/537.36 (KHTML, like Gecko) Chrome/139.0.0.0 Safari/537.36', '{}', '2025-09-09 00:07:59.276555+00'),
	('df05da53-6868-4b55-a106-d6ce3bb8f552', '550e8400-e29b-41d4-a716-446655440000', '660e8400-e29b-41d4-a716-446655440003', NULL, 'user', '660e8400-e29b-41d4-a716-446655440003', 'logout', NULL, NULL, '{"details": {"user_agent": "Mozilla/5.0 (Macintosh; Intel Mac OS X 10_15_7) AppleWebKit/537.36 (KHTML, like Gecko) Chrome/139.0.0.0 Safari/537.36", "logout_time": "2025-09-09T19:28:47.942Z"}, "success": true}', NULL, 'Mozilla/5.0 (Macintosh; Intel Mac OS X 10_15_7) AppleWebKit/537.36 (KHTML, like Gecko) Chrome/139.0.0.0 Safari/537.36', '{}', '2025-09-09 18:28:06.486277+00'),
	('ea12564e-3b3a-45e8-86ad-f8514a942686', '550e8400-e29b-41d4-a716-446655440000', '660e8400-e29b-41d4-a716-446655440003', NULL, 'user', '660e8400-e29b-41d4-a716-446655440003', 'logout', NULL, NULL, '{"details": {"user_agent": "Mozilla/5.0 (Macintosh; Intel Mac OS X 10_15_7) AppleWebKit/537.36 (KHTML, like Gecko) Chrome/139.0.0.0 Safari/537.36", "logout_time": "2025-09-09T19:28:48.087Z"}, "success": true}', NULL, 'Mozilla/5.0 (Macintosh; Intel Mac OS X 10_15_7) AppleWebKit/537.36 (KHTML, like Gecko) Chrome/139.0.0.0 Safari/537.36', '{}', '2025-09-09 18:28:06.705458+00'),
	('c1bf4c55-56a7-4b45-a1b4-6c365d21f2e4', '550e8400-e29b-41d4-a716-446655440000', '660e8400-e29b-41d4-a716-446655440003', NULL, 'user', '660e8400-e29b-41d4-a716-446655440003', 'logout', NULL, NULL, '{"details": {"user_agent": "Mozilla/5.0 (Macintosh; Intel Mac OS X 10_15_7) AppleWebKit/537.36 (KHTML, like Gecko) Chrome/139.0.0.0 Safari/537.36", "logout_time": "2025-09-09T19:28:48.090Z"}, "success": true}', NULL, 'Mozilla/5.0 (Macintosh; Intel Mac OS X 10_15_7) AppleWebKit/537.36 (KHTML, like Gecko) Chrome/139.0.0.0 Safari/537.36', '{}', '2025-09-09 18:28:06.778967+00'),
	('93ce83ca-3a71-4e58-8369-2492cf20f341', '550e8400-e29b-41d4-a716-446655440000', '660e8400-e29b-41d4-a716-446655440003', NULL, 'user', '660e8400-e29b-41d4-a716-446655440003', 'logout', NULL, NULL, '{"details": {"user_agent": "Mozilla/5.0 (Macintosh; Intel Mac OS X 10_15_7) AppleWebKit/537.36 (KHTML, like Gecko) Chrome/139.0.0.0 Safari/537.36", "logout_time": "2025-09-09T19:28:48.129Z"}, "success": true}', NULL, 'Mozilla/5.0 (Macintosh; Intel Mac OS X 10_15_7) AppleWebKit/537.36 (KHTML, like Gecko) Chrome/139.0.0.0 Safari/537.36', '{}', '2025-09-09 18:28:06.879587+00'),
	('431527a2-e497-496e-8993-8b932a2b1286', '550e8400-e29b-41d4-a716-446655440000', '660e8400-e29b-41d4-a716-446655440003', NULL, 'user', '660e8400-e29b-41d4-a716-446655440003', 'logout', NULL, NULL, '{"details": {"user_agent": "Mozilla/5.0 (Macintosh; Intel Mac OS X 10_15_7) AppleWebKit/537.36 (KHTML, like Gecko) Chrome/139.0.0.0 Safari/537.36", "logout_time": "2025-09-09T19:28:48.132Z"}, "success": true}', NULL, 'Mozilla/5.0 (Macintosh; Intel Mac OS X 10_15_7) AppleWebKit/537.36 (KHTML, like Gecko) Chrome/139.0.0.0 Safari/537.36', '{}', '2025-09-09 18:28:06.936945+00'),
	('4a28eb1a-2a50-4439-bb80-9e0ceb1a869e', '550e8400-e29b-41d4-a716-446655440000', '660e8400-e29b-41d4-a716-446655440003', NULL, 'user', '660e8400-e29b-41d4-a716-446655440003', 'logout', NULL, NULL, '{"details": {"user_agent": "Mozilla/5.0 (Macintosh; Intel Mac OS X 10_15_7) AppleWebKit/537.36 (KHTML, like Gecko) Chrome/139.0.0.0 Safari/537.36", "logout_time": "2025-09-09T19:28:48.173Z"}, "success": true}', NULL, 'Mozilla/5.0 (Macintosh; Intel Mac OS X 10_15_7) AppleWebKit/537.36 (KHTML, like Gecko) Chrome/139.0.0.0 Safari/537.36', '{}', '2025-09-09 18:28:07.076724+00'),
	('e5869566-aeb9-4115-ac9a-c87402425a1f', '550e8400-e29b-41d4-a716-446655440000', '660e8400-e29b-41d4-a716-446655440003', NULL, 'user', '660e8400-e29b-41d4-a716-446655440003', 'logout', NULL, NULL, '{"details": {"user_agent": "Mozilla/5.0 (Macintosh; Intel Mac OS X 10_15_7) AppleWebKit/537.36 (KHTML, like Gecko) Chrome/139.0.0.0 Safari/537.36", "logout_time": "2025-09-09T19:28:48.177Z"}, "success": true}', NULL, 'Mozilla/5.0 (Macintosh; Intel Mac OS X 10_15_7) AppleWebKit/537.36 (KHTML, like Gecko) Chrome/139.0.0.0 Safari/537.36', '{}', '2025-09-09 18:28:07.104015+00'),
	('6f243c8c-d2f9-487a-9837-c21f735b66e2', '550e8400-e29b-41d4-a716-446655440000', '660e8400-e29b-41d4-a716-446655440003', NULL, 'user', '660e8400-e29b-41d4-a716-446655440003', 'logout', NULL, NULL, '{"details": {"user_agent": "Mozilla/5.0 (Macintosh; Intel Mac OS X 10_15_7) AppleWebKit/537.36 (KHTML, like Gecko) Chrome/139.0.0.0 Safari/537.36", "logout_time": "2025-09-09T19:28:48.273Z"}, "success": true}', NULL, 'Mozilla/5.0 (Macintosh; Intel Mac OS X 10_15_7) AppleWebKit/537.36 (KHTML, like Gecko) Chrome/139.0.0.0 Safari/537.36', '{}', '2025-09-09 18:28:07.144374+00'),
	('95f74c39-d19b-44fa-b8dd-23f657bce875', '550e8400-e29b-41d4-a716-446655440000', '660e8400-e29b-41d4-a716-446655440003', NULL, 'user', '660e8400-e29b-41d4-a716-446655440003', 'logout', NULL, NULL, '{"details": {"user_agent": "Mozilla/5.0 (Macintosh; Intel Mac OS X 10_15_7) AppleWebKit/537.36 (KHTML, like Gecko) Chrome/139.0.0.0 Safari/537.36", "logout_time": "2025-09-09T19:28:48.290Z"}, "success": true}', NULL, 'Mozilla/5.0 (Macintosh; Intel Mac OS X 10_15_7) AppleWebKit/537.36 (KHTML, like Gecko) Chrome/139.0.0.0 Safari/537.36', '{}', '2025-09-09 18:28:07.154054+00'),
	('4790e248-9307-4fbb-bc11-3a61e86d73d0', '550e8400-e29b-41d4-a716-446655440000', '660e8400-e29b-41d4-a716-446655440003', NULL, 'user', '660e8400-e29b-41d4-a716-446655440003', 'logout', NULL, NULL, '{"details": {"user_agent": "Mozilla/5.0 (Macintosh; Intel Mac OS X 10_15_7) AppleWebKit/537.36 (KHTML, like Gecko) Chrome/139.0.0.0 Safari/537.36", "logout_time": "2025-09-09T19:28:48.288Z"}, "success": true}', NULL, 'Mozilla/5.0 (Macintosh; Intel Mac OS X 10_15_7) AppleWebKit/537.36 (KHTML, like Gecko) Chrome/139.0.0.0 Safari/537.36', '{}', '2025-09-09 18:28:07.155111+00'),
	('cf5afd11-9b0d-490b-9d43-76728370580e', '550e8400-e29b-41d4-a716-446655440000', '660e8400-e29b-41d4-a716-446655440003', NULL, 'user', '660e8400-e29b-41d4-a716-446655440003', 'logout', NULL, NULL, '{"details": {"user_agent": "Mozilla/5.0 (Macintosh; Intel Mac OS X 10_15_7) AppleWebKit/537.36 (KHTML, like Gecko) Chrome/139.0.0.0 Safari/537.36", "logout_time": "2025-09-09T19:28:48.318Z"}, "success": true}', NULL, 'Mozilla/5.0 (Macintosh; Intel Mac OS X 10_15_7) AppleWebKit/537.36 (KHTML, like Gecko) Chrome/139.0.0.0 Safari/537.36', '{}', '2025-09-09 18:28:07.157961+00'),
	('610f4e9e-75ab-42e6-9953-ef72cdcdd820', '550e8400-e29b-41d4-a716-446655440000', '660e8400-e29b-41d4-a716-446655440003', NULL, 'user', '660e8400-e29b-41d4-a716-446655440003', 'logout', NULL, NULL, '{"details": {"user_agent": "Mozilla/5.0 (Macintosh; Intel Mac OS X 10_15_7) AppleWebKit/537.36 (KHTML, like Gecko) Chrome/139.0.0.0 Safari/537.36", "logout_time": "2025-09-09T19:28:48.323Z"}, "success": true}', NULL, 'Mozilla/5.0 (Macintosh; Intel Mac OS X 10_15_7) AppleWebKit/537.36 (KHTML, like Gecko) Chrome/139.0.0.0 Safari/537.36', '{}', '2025-09-09 18:28:07.161513+00'),
	('dbc53927-a661-4b95-812d-af88dfe615b8', '550e8400-e29b-41d4-a716-446655440000', '660e8400-e29b-41d4-a716-446655440003', NULL, 'user', '660e8400-e29b-41d4-a716-446655440003', 'logout', NULL, NULL, '{"details": {"user_agent": "Mozilla/5.0 (Macintosh; Intel Mac OS X 10_15_7) AppleWebKit/537.36 (KHTML, like Gecko) Chrome/139.0.0.0 Safari/537.36", "logout_time": "2025-09-09T00:07:59.185Z"}, "success": true}', NULL, 'Mozilla/5.0 (Macintosh; Intel Mac OS X 10_15_7) AppleWebKit/537.36 (KHTML, like Gecko) Chrome/139.0.0.0 Safari/537.36', '{}', '2025-09-09 00:07:59.273901+00'),
	('e8bcd346-a813-430d-b8fe-c8cfe3102cc1', '550e8400-e29b-41d4-a716-446655440000', '660e8400-e29b-41d4-a716-446655440003', NULL, 'user', '660e8400-e29b-41d4-a716-446655440003', 'logout', NULL, NULL, '{"details": {"user_agent": "Mozilla/5.0 (Macintosh; Intel Mac OS X 10_15_7) AppleWebKit/537.36 (KHTML, like Gecko) Chrome/139.0.0.0 Safari/537.36", "logout_time": "2025-09-09T00:07:59.133Z"}, "success": true}', NULL, 'Mozilla/5.0 (Macintosh; Intel Mac OS X 10_15_7) AppleWebKit/537.36 (KHTML, like Gecko) Chrome/139.0.0.0 Safari/537.36', '{}', '2025-09-09 00:07:59.276129+00'),
	('1635c729-6b16-491b-84f8-317c1bfcfab2', '550e8400-e29b-41d4-a716-446655440000', '660e8400-e29b-41d4-a716-446655440003', NULL, 'user', '660e8400-e29b-41d4-a716-446655440003', 'logout', NULL, NULL, '{"details": {"user_agent": "Mozilla/5.0 (Macintosh; Intel Mac OS X 10_15_7) AppleWebKit/537.36 (KHTML, like Gecko) Chrome/139.0.0.0 Safari/537.36", "logout_time": "2025-09-09T13:13:08.571Z"}, "success": true}', NULL, 'Mozilla/5.0 (Macintosh; Intel Mac OS X 10_15_7) AppleWebKit/537.36 (KHTML, like Gecko) Chrome/139.0.0.0 Safari/537.36', '{}', '2025-09-09 13:13:08.811135+00'),
	('879c25cb-1ff8-47c2-bc3f-4b6df63349a4', '550e8400-e29b-41d4-a716-446655440000', '660e8400-e29b-41d4-a716-446655440003', NULL, 'user', '660e8400-e29b-41d4-a716-446655440003', 'logout', NULL, NULL, '{"details": {"user_agent": "Mozilla/5.0 (Macintosh; Intel Mac OS X 10_15_7) AppleWebKit/537.36 (KHTML, like Gecko) Chrome/139.0.0.0 Safari/537.36", "logout_time": "2025-09-09T13:13:08.551Z"}, "success": true}', NULL, 'Mozilla/5.0 (Macintosh; Intel Mac OS X 10_15_7) AppleWebKit/537.36 (KHTML, like Gecko) Chrome/139.0.0.0 Safari/537.36', '{}', '2025-09-09 13:13:08.811133+00'),
	('44416c75-e177-4394-90ec-96ba9e7e040c', '550e8400-e29b-41d4-a716-446655440000', '660e8400-e29b-41d4-a716-446655440003', NULL, 'user', '660e8400-e29b-41d4-a716-446655440003', 'logout', NULL, NULL, '{"details": {"user_agent": "Mozilla/5.0 (Macintosh; Intel Mac OS X 10_15_7) AppleWebKit/537.36 (KHTML, like Gecko) Chrome/139.0.0.0 Safari/537.36", "logout_time": "2025-09-09T13:13:08.550Z"}, "success": true}', NULL, 'Mozilla/5.0 (Macintosh; Intel Mac OS X 10_15_7) AppleWebKit/537.36 (KHTML, like Gecko) Chrome/139.0.0.0 Safari/537.36', '{}', '2025-09-09 13:13:08.811152+00'),
	('fc6ac943-a7c8-43ab-8f82-430ee10f41eb', '550e8400-e29b-41d4-a716-446655440000', '660e8400-e29b-41d4-a716-446655440003', NULL, 'user', '660e8400-e29b-41d4-a716-446655440003', 'logout', NULL, NULL, '{"details": {"user_agent": "Mozilla/5.0 (Macintosh; Intel Mac OS X 10_15_7) AppleWebKit/537.36 (KHTML, like Gecko) Chrome/139.0.0.0 Safari/537.36", "logout_time": "2025-09-09T13:13:08.550Z"}, "success": true}', NULL, 'Mozilla/5.0 (Macintosh; Intel Mac OS X 10_15_7) AppleWebKit/537.36 (KHTML, like Gecko) Chrome/139.0.0.0 Safari/537.36', '{}', '2025-09-09 13:13:08.81138+00'),
	('ee218f4d-bb04-4ff0-80e8-13bea7155373', '550e8400-e29b-41d4-a716-446655440000', '660e8400-e29b-41d4-a716-446655440003', NULL, 'user', '660e8400-e29b-41d4-a716-446655440003', 'logout', NULL, NULL, '{"details": {"user_agent": "Mozilla/5.0 (Macintosh; Intel Mac OS X 10_15_7) AppleWebKit/537.36 (KHTML, like Gecko) Chrome/139.0.0.0 Safari/537.36", "logout_time": "2025-09-09T19:28:48.035Z"}, "success": true}', NULL, 'Mozilla/5.0 (Macintosh; Intel Mac OS X 10_15_7) AppleWebKit/537.36 (KHTML, like Gecko) Chrome/139.0.0.0 Safari/537.36', '{}', '2025-09-09 18:28:06.594559+00'),
	('3f05e48a-ccc4-45e9-9643-92c409296098', '550e8400-e29b-41d4-a716-446655440000', '660e8400-e29b-41d4-a716-446655440003', NULL, 'user', '660e8400-e29b-41d4-a716-446655440003', 'logout', NULL, NULL, '{"details": {"user_agent": "Mozilla/5.0 (Macintosh; Intel Mac OS X 10_15_7) AppleWebKit/537.36 (KHTML, like Gecko) Chrome/139.0.0.0 Safari/537.36", "logout_time": "2025-09-09T19:28:48.087Z"}, "success": true}', NULL, 'Mozilla/5.0 (Macintosh; Intel Mac OS X 10_15_7) AppleWebKit/537.36 (KHTML, like Gecko) Chrome/139.0.0.0 Safari/537.36', '{}', '2025-09-09 18:28:06.763343+00'),
	('a3acf97c-a629-4855-a6fa-2a42d0a294f7', '550e8400-e29b-41d4-a716-446655440000', '660e8400-e29b-41d4-a716-446655440003', NULL, 'user', '660e8400-e29b-41d4-a716-446655440003', 'logout', NULL, NULL, '{"details": {"user_agent": "Mozilla/5.0 (Macintosh; Intel Mac OS X 10_15_7) AppleWebKit/537.36 (KHTML, like Gecko) Chrome/139.0.0.0 Safari/537.36", "logout_time": "2025-09-09T19:28:48.130Z"}, "success": true}', NULL, 'Mozilla/5.0 (Macintosh; Intel Mac OS X 10_15_7) AppleWebKit/537.36 (KHTML, like Gecko) Chrome/139.0.0.0 Safari/537.36', '{}', '2025-09-09 18:28:06.915296+00'),
	('9197c209-e4e8-4026-9940-70b8747326d1', '550e8400-e29b-41d4-a716-446655440000', '660e8400-e29b-41d4-a716-446655440003', NULL, 'user', '660e8400-e29b-41d4-a716-446655440003', 'logout', NULL, NULL, '{"details": {"user_agent": "Mozilla/5.0 (Macintosh; Intel Mac OS X 10_15_7) AppleWebKit/537.36 (KHTML, like Gecko) Chrome/139.0.0.0 Safari/537.36", "logout_time": "2025-09-09T19:28:48.172Z"}, "success": true}', NULL, 'Mozilla/5.0 (Macintosh; Intel Mac OS X 10_15_7) AppleWebKit/537.36 (KHTML, like Gecko) Chrome/139.0.0.0 Safari/537.36', '{}', '2025-09-09 18:28:07.042035+00'),
	('e7a5fa9a-76dd-4365-ac42-f3863cbfb953', '550e8400-e29b-41d4-a716-446655440000', '660e8400-e29b-41d4-a716-446655440003', NULL, 'user', '660e8400-e29b-41d4-a716-446655440003', 'logout', NULL, NULL, '{"details": {"user_agent": "Mozilla/5.0 (Macintosh; Intel Mac OS X 10_15_7) AppleWebKit/537.36 (KHTML, like Gecko) Chrome/139.0.0.0 Safari/537.36", "logout_time": "2025-09-09T19:28:48.271Z"}, "success": true}', NULL, 'Mozilla/5.0 (Macintosh; Intel Mac OS X 10_15_7) AppleWebKit/537.36 (KHTML, like Gecko) Chrome/139.0.0.0 Safari/537.36', '{}', '2025-09-09 18:28:07.142682+00'),
	('6a91e80c-f677-4282-8fd7-1fcfd4e7a949', '550e8400-e29b-41d4-a716-446655440000', '660e8400-e29b-41d4-a716-446655440003', NULL, 'user', '660e8400-e29b-41d4-a716-446655440003', 'logout', NULL, NULL, '{"details": {"user_agent": "Mozilla/5.0 (Macintosh; Intel Mac OS X 10_15_7) AppleWebKit/537.36 (KHTML, like Gecko) Chrome/139.0.0.0 Safari/537.36", "logout_time": "2025-09-09T19:28:48.272Z"}, "success": true}', NULL, 'Mozilla/5.0 (Macintosh; Intel Mac OS X 10_15_7) AppleWebKit/537.36 (KHTML, like Gecko) Chrome/139.0.0.0 Safari/537.36', '{}', '2025-09-09 18:28:07.146388+00'),
	('4a12bd5b-35e2-432d-a60c-90d063ec27f9', '550e8400-e29b-41d4-a716-446655440000', '660e8400-e29b-41d4-a716-446655440003', NULL, 'user', '660e8400-e29b-41d4-a716-446655440003', 'logout', NULL, NULL, '{"details": {"user_agent": "Mozilla/5.0 (Macintosh; Intel Mac OS X 10_15_7) AppleWebKit/537.36 (KHTML, like Gecko) Chrome/139.0.0.0 Safari/537.36", "logout_time": "2025-09-09T19:28:48.288Z"}, "success": true}', NULL, 'Mozilla/5.0 (Macintosh; Intel Mac OS X 10_15_7) AppleWebKit/537.36 (KHTML, like Gecko) Chrome/139.0.0.0 Safari/537.36', '{}', '2025-09-09 18:28:07.156273+00'),
	('c6a297cf-d9af-4d1b-a0bf-9d1f284bb681', '550e8400-e29b-41d4-a716-446655440000', '660e8400-e29b-41d4-a716-446655440003', NULL, 'user', '660e8400-e29b-41d4-a716-446655440003', 'logout', NULL, NULL, '{"details": {"user_agent": "Mozilla/5.0 (Macintosh; Intel Mac OS X 10_15_7) AppleWebKit/537.36 (KHTML, like Gecko) Chrome/139.0.0.0 Safari/537.36", "logout_time": "2025-09-09T19:28:48.319Z"}, "success": true}', NULL, 'Mozilla/5.0 (Macintosh; Intel Mac OS X 10_15_7) AppleWebKit/537.36 (KHTML, like Gecko) Chrome/139.0.0.0 Safari/537.36', '{}', '2025-09-09 18:28:07.160369+00'),
	('c7cf9c83-0d6a-48fe-98bc-138cc24c503f', '550e8400-e29b-41d4-a716-446655440000', '660e8400-e29b-41d4-a716-446655440003', NULL, 'user', '660e8400-e29b-41d4-a716-446655440003', 'logout', NULL, NULL, '{"details": {"user_agent": "Mozilla/5.0 (Macintosh; Intel Mac OS X 10_15_7) AppleWebKit/537.36 (KHTML, like Gecko) Chrome/139.0.0.0 Safari/537.36", "logout_time": "2025-09-09T19:28:48.350Z"}, "success": true}', NULL, 'Mozilla/5.0 (Macintosh; Intel Mac OS X 10_15_7) AppleWebKit/537.36 (KHTML, like Gecko) Chrome/139.0.0.0 Safari/537.36', '{}', '2025-09-09 18:28:07.165247+00'),
	('0ce37f2a-3b3c-423b-86a3-ab53a0ad9c81', '550e8400-e29b-41d4-a716-446655440000', '660e8400-e29b-41d4-a716-446655440003', NULL, 'user', '660e8400-e29b-41d4-a716-446655440003', 'logout', NULL, NULL, '{"details": {"user_agent": "Mozilla/5.0 (Macintosh; Intel Mac OS X 10_15_7) AppleWebKit/537.36 (KHTML, like Gecko) Chrome/139.0.0.0 Safari/537.36", "logout_time": "2025-09-09T19:28:48.351Z"}, "success": true}', NULL, 'Mozilla/5.0 (Macintosh; Intel Mac OS X 10_15_7) AppleWebKit/537.36 (KHTML, like Gecko) Chrome/139.0.0.0 Safari/537.36', '{}', '2025-09-09 18:28:07.168523+00'),
	('b00cca3d-b077-419c-870e-d69152bd16da', '550e8400-e29b-41d4-a716-446655440000', '660e8400-e29b-41d4-a716-446655440003', NULL, 'user', '660e8400-e29b-41d4-a716-446655440003', 'logout', NULL, NULL, '{"details": {"user_agent": "Mozilla/5.0 (Macintosh; Intel Mac OS X 10_15_7) AppleWebKit/537.36 (KHTML, like Gecko) Chrome/139.0.0.0 Safari/537.36", "logout_time": "2025-09-09T19:28:48.353Z"}, "success": true}', NULL, 'Mozilla/5.0 (Macintosh; Intel Mac OS X 10_15_7) AppleWebKit/537.36 (KHTML, like Gecko) Chrome/139.0.0.0 Safari/537.36', '{}', '2025-09-09 18:28:07.170307+00'),
	('381c8c23-0bd5-4ea9-8b78-038de0b35b4d', '550e8400-e29b-41d4-a716-446655440000', '660e8400-e29b-41d4-a716-446655440003', NULL, 'user', '660e8400-e29b-41d4-a716-446655440003', 'logout', NULL, NULL, '{"details": {"user_agent": "Mozilla/5.0 (Macintosh; Intel Mac OS X 10_15_7) AppleWebKit/537.36 (KHTML, like Gecko) Chrome/139.0.0.0 Safari/537.36", "logout_time": "2025-09-09T19:28:48.443Z"}, "success": true}', NULL, 'Mozilla/5.0 (Macintosh; Intel Mac OS X 10_15_7) AppleWebKit/537.36 (KHTML, like Gecko) Chrome/139.0.0.0 Safari/537.36', '{}', '2025-09-09 18:28:07.18723+00'),
	('36da12d5-91b0-4035-9ee7-c5cf64097777', '550e8400-e29b-41d4-a716-446655440000', '660e8400-e29b-41d4-a716-446655440003', NULL, 'user', '660e8400-e29b-41d4-a716-446655440003', 'logout', NULL, NULL, '{"details": {"user_agent": "Mozilla/5.0 (Macintosh; Intel Mac OS X 10_15_7) AppleWebKit/537.36 (KHTML, like Gecko) Chrome/139.0.0.0 Safari/537.36", "logout_time": "2025-09-09T19:28:48.514Z"}, "success": true}', NULL, 'Mozilla/5.0 (Macintosh; Intel Mac OS X 10_15_7) AppleWebKit/537.36 (KHTML, like Gecko) Chrome/139.0.0.0 Safari/537.36', '{}', '2025-09-09 18:28:07.197529+00'),
	('07b358a0-aa46-4bd3-8c6c-2abe38ace46c', '550e8400-e29b-41d4-a716-446655440000', '660e8400-e29b-41d4-a716-446655440003', NULL, 'user', '660e8400-e29b-41d4-a716-446655440003', 'logout', NULL, NULL, '{"details": {"user_agent": "Mozilla/5.0 (Macintosh; Intel Mac OS X 10_15_7) AppleWebKit/537.36 (KHTML, like Gecko) Chrome/139.0.0.0 Safari/537.36", "logout_time": "2025-09-09T19:28:48.569Z"}, "success": true}', NULL, 'Mozilla/5.0 (Macintosh; Intel Mac OS X 10_15_7) AppleWebKit/537.36 (KHTML, like Gecko) Chrome/139.0.0.0 Safari/537.36', '{}', '2025-09-09 18:28:07.206734+00'),
	('bcc74ce5-b026-4958-b5cf-2f793db2477a', '550e8400-e29b-41d4-a716-446655440000', '660e8400-e29b-41d4-a716-446655440003', NULL, 'user', '660e8400-e29b-41d4-a716-446655440003', 'logout', NULL, NULL, '{"details": {"user_agent": "Mozilla/5.0 (Macintosh; Intel Mac OS X 10_15_7) AppleWebKit/537.36 (KHTML, like Gecko) Chrome/139.0.0.0 Safari/537.36", "logout_time": "2025-09-09T19:28:48.616Z"}, "success": true}', NULL, 'Mozilla/5.0 (Macintosh; Intel Mac OS X 10_15_7) AppleWebKit/537.36 (KHTML, like Gecko) Chrome/139.0.0.0 Safari/537.36', '{}', '2025-09-09 18:28:07.229299+00'),
	('6e149723-b870-4b35-b13c-6a4998c21d9e', '550e8400-e29b-41d4-a716-446655440000', '660e8400-e29b-41d4-a716-446655440003', NULL, 'user', '660e8400-e29b-41d4-a716-446655440003', 'logout', NULL, NULL, '{"details": {"user_agent": "Mozilla/5.0 (Macintosh; Intel Mac OS X 10_15_7) AppleWebKit/537.36 (KHTML, like Gecko) Chrome/139.0.0.0 Safari/537.36", "logout_time": "2025-09-09T19:28:48.648Z"}, "success": true}', NULL, 'Mozilla/5.0 (Macintosh; Intel Mac OS X 10_15_7) AppleWebKit/537.36 (KHTML, like Gecko) Chrome/139.0.0.0 Safari/537.36', '{}', '2025-09-09 18:28:07.252688+00'),
	('b3bd063f-0e31-4f7b-ad35-4414f3e6dbd5', '550e8400-e29b-41d4-a716-446655440000', '660e8400-e29b-41d4-a716-446655440003', NULL, 'user', '660e8400-e29b-41d4-a716-446655440003', 'logout', NULL, NULL, '{"details": {"user_agent": "Mozilla/5.0 (Macintosh; Intel Mac OS X 10_15_7) AppleWebKit/537.36 (KHTML, like Gecko) Chrome/139.0.0.0 Safari/537.36", "logout_time": "2025-09-09T19:28:48.711Z"}, "success": true}', NULL, 'Mozilla/5.0 (Macintosh; Intel Mac OS X 10_15_7) AppleWebKit/537.36 (KHTML, like Gecko) Chrome/139.0.0.0 Safari/537.36', '{}', '2025-09-09 18:28:07.260384+00'),
	('93385bff-1b3c-47bf-8dfd-874f16a2d676', '550e8400-e29b-41d4-a716-446655440000', '660e8400-e29b-41d4-a716-446655440003', NULL, 'user', '660e8400-e29b-41d4-a716-446655440003', 'logout', NULL, NULL, '{"details": {"user_agent": "Mozilla/5.0 (Macintosh; Intel Mac OS X 10_15_7) AppleWebKit/537.36 (KHTML, like Gecko) Chrome/139.0.0.0 Safari/537.36", "logout_time": "2025-09-09T19:28:47.944Z"}, "success": true}', NULL, 'Mozilla/5.0 (Macintosh; Intel Mac OS X 10_15_7) AppleWebKit/537.36 (KHTML, like Gecko) Chrome/139.0.0.0 Safari/537.36', '{}', '2025-09-09 18:28:07.274478+00'),
	('e336cad3-4982-4f93-838f-11a7417121f9', '550e8400-e29b-41d4-a716-446655440000', '660e8400-e29b-41d4-a716-446655440003', NULL, 'user', '660e8400-e29b-41d4-a716-446655440003', 'logout', NULL, NULL, '{"details": {"user_agent": "Mozilla/5.0 (Macintosh; Intel Mac OS X 10_15_7) AppleWebKit/537.36 (KHTML, like Gecko) Chrome/139.0.0.0 Safari/537.36", "logout_time": "2025-09-09T19:28:48.377Z"}, "success": true}', NULL, 'Mozilla/5.0 (Macintosh; Intel Mac OS X 10_15_7) AppleWebKit/537.36 (KHTML, like Gecko) Chrome/139.0.0.0 Safari/537.36', '{}', '2025-09-09 18:28:07.174363+00'),
	('4ceaa976-dd12-4ce7-abc6-f45cdfcc2784', '550e8400-e29b-41d4-a716-446655440000', '660e8400-e29b-41d4-a716-446655440003', NULL, 'user', '660e8400-e29b-41d4-a716-446655440003', 'logout', NULL, NULL, '{"details": {"user_agent": "Mozilla/5.0 (Macintosh; Intel Mac OS X 10_15_7) AppleWebKit/537.36 (KHTML, like Gecko) Chrome/139.0.0.0 Safari/537.36", "logout_time": "2025-09-09T19:28:48.445Z"}, "success": true}', NULL, 'Mozilla/5.0 (Macintosh; Intel Mac OS X 10_15_7) AppleWebKit/537.36 (KHTML, like Gecko) Chrome/139.0.0.0 Safari/537.36', '{}', '2025-09-09 18:28:07.191733+00'),
	('e6417eca-5814-4ba2-ad9e-e4e14ef66f4a', '550e8400-e29b-41d4-a716-446655440000', '660e8400-e29b-41d4-a716-446655440003', NULL, 'user', '660e8400-e29b-41d4-a716-446655440003', 'logout', NULL, NULL, '{"details": {"user_agent": "Mozilla/5.0 (Macintosh; Intel Mac OS X 10_15_7) AppleWebKit/537.36 (KHTML, like Gecko) Chrome/139.0.0.0 Safari/537.36", "logout_time": "2025-09-09T19:28:48.513Z"}, "success": true}', NULL, 'Mozilla/5.0 (Macintosh; Intel Mac OS X 10_15_7) AppleWebKit/537.36 (KHTML, like Gecko) Chrome/139.0.0.0 Safari/537.36', '{}', '2025-09-09 18:28:07.195784+00'),
	('af86a945-1b6e-42cd-88ef-426249f1cdc8', '550e8400-e29b-41d4-a716-446655440000', '660e8400-e29b-41d4-a716-446655440003', NULL, 'user', '660e8400-e29b-41d4-a716-446655440003', 'logout', NULL, NULL, '{"details": {"user_agent": "Mozilla/5.0 (Macintosh; Intel Mac OS X 10_15_7) AppleWebKit/537.36 (KHTML, like Gecko) Chrome/139.0.0.0 Safari/537.36", "logout_time": "2025-09-09T19:28:48.544Z"}, "success": true}', NULL, 'Mozilla/5.0 (Macintosh; Intel Mac OS X 10_15_7) AppleWebKit/537.36 (KHTML, like Gecko) Chrome/139.0.0.0 Safari/537.36', '{}', '2025-09-09 18:28:07.206238+00'),
	('72235a26-ae35-4f2e-bc27-df0ba95c4c1e', '550e8400-e29b-41d4-a716-446655440000', '660e8400-e29b-41d4-a716-446655440003', NULL, 'user', '660e8400-e29b-41d4-a716-446655440003', 'logout', NULL, NULL, '{"details": {"user_agent": "Mozilla/5.0 (Macintosh; Intel Mac OS X 10_15_7) AppleWebKit/537.36 (KHTML, like Gecko) Chrome/139.0.0.0 Safari/537.36", "logout_time": "2025-09-09T19:28:48.614Z"}, "success": true}', NULL, 'Mozilla/5.0 (Macintosh; Intel Mac OS X 10_15_7) AppleWebKit/537.36 (KHTML, like Gecko) Chrome/139.0.0.0 Safari/537.36', '{}', '2025-09-09 18:28:07.228007+00'),
	('6b8f12f2-c23d-4c80-9148-993c584c1dea', '550e8400-e29b-41d4-a716-446655440000', '660e8400-e29b-41d4-a716-446655440003', NULL, 'user', '660e8400-e29b-41d4-a716-446655440003', 'logout', NULL, NULL, '{"details": {"user_agent": "Mozilla/5.0 (Macintosh; Intel Mac OS X 10_15_7) AppleWebKit/537.36 (KHTML, like Gecko) Chrome/139.0.0.0 Safari/537.36", "logout_time": "2025-09-09T19:28:48.676Z"}, "success": true}', NULL, 'Mozilla/5.0 (Macintosh; Intel Mac OS X 10_15_7) AppleWebKit/537.36 (KHTML, like Gecko) Chrome/139.0.0.0 Safari/537.36', '{}', '2025-09-09 18:28:07.256915+00'),
	('df84942f-d038-4238-bb9f-1e19d5db8c7a', '550e8400-e29b-41d4-a716-446655440000', '660e8400-e29b-41d4-a716-446655440003', NULL, 'user', '660e8400-e29b-41d4-a716-446655440003', 'logout', NULL, NULL, '{"details": {"user_agent": "Mozilla/5.0 (Macintosh; Intel Mac OS X 10_15_7) AppleWebKit/537.36 (KHTML, like Gecko) Chrome/139.0.0.0 Safari/537.36", "logout_time": "2025-09-09T19:28:48.708Z"}, "success": true}', NULL, 'Mozilla/5.0 (Macintosh; Intel Mac OS X 10_15_7) AppleWebKit/537.36 (KHTML, like Gecko) Chrome/139.0.0.0 Safari/537.36', '{}', '2025-09-09 18:28:07.26024+00'),
	('6dcf31cf-d987-4cc1-86c3-55c7a4d2c5e5', '550e8400-e29b-41d4-a716-446655440000', '660e8400-e29b-41d4-a716-446655440003', NULL, 'user', '660e8400-e29b-41d4-a716-446655440003', 'logout', NULL, NULL, '{"details": {"user_agent": "Mozilla/5.0 (Macintosh; Intel Mac OS X 10_15_7) AppleWebKit/537.36 (KHTML, like Gecko) Chrome/139.0.0.0 Safari/537.36", "logout_time": "2025-09-09T19:28:47.944Z"}, "success": true}', NULL, 'Mozilla/5.0 (Macintosh; Intel Mac OS X 10_15_7) AppleWebKit/537.36 (KHTML, like Gecko) Chrome/139.0.0.0 Safari/537.36', '{}', '2025-09-09 18:28:07.27182+00'),
	('5d425301-41d0-4ead-aa6f-4e76c1ca07c5', '550e8400-e29b-41d4-a716-446655440000', '660e8400-e29b-41d4-a716-446655440003', NULL, 'user', '660e8400-e29b-41d4-a716-446655440003', 'logout', NULL, NULL, '{"details": {"user_agent": "Mozilla/5.0 (Macintosh; Intel Mac OS X 10_15_7) AppleWebKit/537.36 (KHTML, like Gecko) Chrome/139.0.0.0 Safari/537.36", "logout_time": "2025-09-09T19:28:47.990Z"}, "success": true}', NULL, 'Mozilla/5.0 (Macintosh; Intel Mac OS X 10_15_7) AppleWebKit/537.36 (KHTML, like Gecko) Chrome/139.0.0.0 Safari/537.36', '{}', '2025-09-09 18:28:07.277921+00'),
	('95856ed3-db5b-42fe-b2ff-942b65a56183', '550e8400-e29b-41d4-a716-446655440000', '660e8400-e29b-41d4-a716-446655440003', NULL, 'user', '660e8400-e29b-41d4-a716-446655440003', 'logout', NULL, NULL, '{"details": {"user_agent": "Mozilla/5.0 (Macintosh; Intel Mac OS X 10_15_7) AppleWebKit/537.36 (KHTML, like Gecko) Chrome/139.0.0.0 Safari/537.36", "logout_time": "2025-09-09T19:28:48.377Z"}, "success": true}', NULL, 'Mozilla/5.0 (Macintosh; Intel Mac OS X 10_15_7) AppleWebKit/537.36 (KHTML, like Gecko) Chrome/139.0.0.0 Safari/537.36', '{}', '2025-09-09 18:28:07.175299+00'),
	('9c2a934e-5b42-4df4-9246-2094d2232717', '550e8400-e29b-41d4-a716-446655440000', '660e8400-e29b-41d4-a716-446655440003', NULL, 'user', '660e8400-e29b-41d4-a716-446655440003', 'logout', NULL, NULL, '{"details": {"user_agent": "Mozilla/5.0 (Macintosh; Intel Mac OS X 10_15_7) AppleWebKit/537.36 (KHTML, like Gecko) Chrome/139.0.0.0 Safari/537.36", "logout_time": "2025-09-09T19:28:48.479Z"}, "success": true}', NULL, 'Mozilla/5.0 (Macintosh; Intel Mac OS X 10_15_7) AppleWebKit/537.36 (KHTML, like Gecko) Chrome/139.0.0.0 Safari/537.36', '{}', '2025-09-09 18:28:07.192691+00'),
	('44065606-ccf8-4a42-b6ff-3bad39434279', '550e8400-e29b-41d4-a716-446655440000', '660e8400-e29b-41d4-a716-446655440003', NULL, 'user', '660e8400-e29b-41d4-a716-446655440003', 'logout', NULL, NULL, '{"details": {"user_agent": "Mozilla/5.0 (Macintosh; Intel Mac OS X 10_15_7) AppleWebKit/537.36 (KHTML, like Gecko) Chrome/139.0.0.0 Safari/537.36", "logout_time": "2025-09-09T19:28:48.516Z"}, "success": true}', NULL, 'Mozilla/5.0 (Macintosh; Intel Mac OS X 10_15_7) AppleWebKit/537.36 (KHTML, like Gecko) Chrome/139.0.0.0 Safari/537.36', '{}', '2025-09-09 18:28:07.204025+00'),
	('9e01f08b-e214-460e-8212-7da076a20ad4', '550e8400-e29b-41d4-a716-446655440000', '660e8400-e29b-41d4-a716-446655440003', NULL, 'user', '660e8400-e29b-41d4-a716-446655440003', 'logout', NULL, NULL, '{"details": {"user_agent": "Mozilla/5.0 (Macintosh; Intel Mac OS X 10_15_7) AppleWebKit/537.36 (KHTML, like Gecko) Chrome/139.0.0.0 Safari/537.36", "logout_time": "2025-09-09T19:28:48.569Z"}, "success": true}', NULL, 'Mozilla/5.0 (Macintosh; Intel Mac OS X 10_15_7) AppleWebKit/537.36 (KHTML, like Gecko) Chrome/139.0.0.0 Safari/537.36', '{}', '2025-09-09 18:28:07.211062+00'),
	('673e8660-3a9d-494e-ab62-32f2f6369ab9', '550e8400-e29b-41d4-a716-446655440000', '660e8400-e29b-41d4-a716-446655440003', NULL, 'user', '660e8400-e29b-41d4-a716-446655440003', 'logout', NULL, NULL, '{"details": {"user_agent": "Mozilla/5.0 (Macintosh; Intel Mac OS X 10_15_7) AppleWebKit/537.36 (KHTML, like Gecko) Chrome/139.0.0.0 Safari/537.36", "logout_time": "2025-09-09T19:28:48.646Z"}, "success": true}', NULL, 'Mozilla/5.0 (Macintosh; Intel Mac OS X 10_15_7) AppleWebKit/537.36 (KHTML, like Gecko) Chrome/139.0.0.0 Safari/537.36', '{}', '2025-09-09 18:28:07.251759+00'),
	('e3b7ba20-cc4e-4f5a-a291-09aa375c0a02', '550e8400-e29b-41d4-a716-446655440000', '660e8400-e29b-41d4-a716-446655440003', NULL, 'user', '660e8400-e29b-41d4-a716-446655440003', 'logout', NULL, NULL, '{"details": {"user_agent": "Mozilla/5.0 (Macintosh; Intel Mac OS X 10_15_7) AppleWebKit/537.36 (KHTML, like Gecko) Chrome/139.0.0.0 Safari/537.36", "logout_time": "2025-09-09T19:28:48.679Z"}, "success": true}', NULL, 'Mozilla/5.0 (Macintosh; Intel Mac OS X 10_15_7) AppleWebKit/537.36 (KHTML, like Gecko) Chrome/139.0.0.0 Safari/537.36', '{}', '2025-09-09 18:28:07.258828+00'),
	('d75818f8-bd48-4b51-8813-b8063ec5f13e', '550e8400-e29b-41d4-a716-446655440000', '660e8400-e29b-41d4-a716-446655440003', NULL, 'user', '660e8400-e29b-41d4-a716-446655440003', 'logout', NULL, NULL, '{"details": {"user_agent": "Mozilla/5.0 (Macintosh; Intel Mac OS X 10_15_7) AppleWebKit/537.36 (KHTML, like Gecko) Chrome/139.0.0.0 Safari/537.36", "logout_time": "2025-09-09T19:28:48.731Z"}, "success": true}', NULL, 'Mozilla/5.0 (Macintosh; Intel Mac OS X 10_15_7) AppleWebKit/537.36 (KHTML, like Gecko) Chrome/139.0.0.0 Safari/537.36', '{}', '2025-09-09 18:28:07.271309+00'),
	('9e5530eb-28a8-4667-b90f-5e7e8d5c7c80', '550e8400-e29b-41d4-a716-446655440000', '660e8400-e29b-41d4-a716-446655440003', NULL, 'user', '660e8400-e29b-41d4-a716-446655440003', 'logout', NULL, NULL, '{"details": {"user_agent": "Mozilla/5.0 (Macintosh; Intel Mac OS X 10_15_7) AppleWebKit/537.36 (KHTML, like Gecko) Chrome/139.0.0.0 Safari/537.36", "logout_time": "2025-09-09T19:28:48.032Z"}, "success": true}', NULL, 'Mozilla/5.0 (Macintosh; Intel Mac OS X 10_15_7) AppleWebKit/537.36 (KHTML, like Gecko) Chrome/139.0.0.0 Safari/537.36', '{}', '2025-09-09 18:28:07.278404+00'),
	('9dc403e7-82d9-48c7-95d1-664bf861a0b0', '550e8400-e29b-41d4-a716-446655440000', '660e8400-e29b-41d4-a716-446655440003', NULL, 'user', '660e8400-e29b-41d4-a716-446655440003', 'logout', NULL, NULL, '{"details": {"user_agent": "Mozilla/5.0 (Macintosh; Intel Mac OS X 10_15_7) AppleWebKit/537.36 (KHTML, like Gecko) Chrome/139.0.0.0 Safari/537.36", "logout_time": "2025-09-09T19:28:48.380Z"}, "success": true}', NULL, 'Mozilla/5.0 (Macintosh; Intel Mac OS X 10_15_7) AppleWebKit/537.36 (KHTML, like Gecko) Chrome/139.0.0.0 Safari/537.36', '{}', '2025-09-09 18:28:07.178862+00'),
	('43a4e678-1055-4b3e-985e-004f2dd8fff0', '550e8400-e29b-41d4-a716-446655440000', '660e8400-e29b-41d4-a716-446655440003', NULL, 'user', '660e8400-e29b-41d4-a716-446655440003', 'logout', NULL, NULL, '{"details": {"user_agent": "Mozilla/5.0 (Macintosh; Intel Mac OS X 10_15_7) AppleWebKit/537.36 (KHTML, like Gecko) Chrome/139.0.0.0 Safari/537.36", "logout_time": "2025-09-09T19:28:48.479Z"}, "success": true}', NULL, 'Mozilla/5.0 (Macintosh; Intel Mac OS X 10_15_7) AppleWebKit/537.36 (KHTML, like Gecko) Chrome/139.0.0.0 Safari/537.36', '{}', '2025-09-09 18:28:07.192889+00'),
	('ecc18f5c-2706-4d47-bc99-e99dbaf97735', '550e8400-e29b-41d4-a716-446655440000', '660e8400-e29b-41d4-a716-446655440003', NULL, 'user', '660e8400-e29b-41d4-a716-446655440003', 'logout', NULL, NULL, '{"details": {"user_agent": "Mozilla/5.0 (Macintosh; Intel Mac OS X 10_15_7) AppleWebKit/537.36 (KHTML, like Gecko) Chrome/139.0.0.0 Safari/537.36", "logout_time": "2025-09-09T19:28:48.541Z"}, "success": true}', NULL, 'Mozilla/5.0 (Macintosh; Intel Mac OS X 10_15_7) AppleWebKit/537.36 (KHTML, like Gecko) Chrome/139.0.0.0 Safari/537.36', '{}', '2025-09-09 18:28:07.20482+00'),
	('cc703fc7-586d-4a48-9dcf-2a90bd8916ce', '550e8400-e29b-41d4-a716-446655440000', '660e8400-e29b-41d4-a716-446655440003', NULL, 'user', '660e8400-e29b-41d4-a716-446655440003', 'logout', NULL, NULL, '{"details": {"user_agent": "Mozilla/5.0 (Macintosh; Intel Mac OS X 10_15_7) AppleWebKit/537.36 (KHTML, like Gecko) Chrome/139.0.0.0 Safari/537.36", "logout_time": "2025-09-09T19:28:48.573Z"}, "success": true}', NULL, 'Mozilla/5.0 (Macintosh; Intel Mac OS X 10_15_7) AppleWebKit/537.36 (KHTML, like Gecko) Chrome/139.0.0.0 Safari/537.36', '{}', '2025-09-09 18:28:07.220341+00'),
	('b4dab2f7-e20d-409b-9c50-ba282042f997', '550e8400-e29b-41d4-a716-446655440000', '660e8400-e29b-41d4-a716-446655440003', NULL, 'user', '660e8400-e29b-41d4-a716-446655440003', 'logout', NULL, NULL, '{"details": {"user_agent": "Mozilla/5.0 (Macintosh; Intel Mac OS X 10_15_7) AppleWebKit/537.36 (KHTML, like Gecko) Chrome/139.0.0.0 Safari/537.36", "logout_time": "2025-09-09T19:28:48.646Z"}, "success": true}', NULL, 'Mozilla/5.0 (Macintosh; Intel Mac OS X 10_15_7) AppleWebKit/537.36 (KHTML, like Gecko) Chrome/139.0.0.0 Safari/537.36', '{}', '2025-09-09 18:28:07.252032+00'),
	('fdb09a4f-2401-4c35-a45a-658b107191b3', '550e8400-e29b-41d4-a716-446655440000', '660e8400-e29b-41d4-a716-446655440003', NULL, 'user', '660e8400-e29b-41d4-a716-446655440003', 'logout', NULL, NULL, '{"details": {"user_agent": "Mozilla/5.0 (Macintosh; Intel Mac OS X 10_15_7) AppleWebKit/537.36 (KHTML, like Gecko) Chrome/139.0.0.0 Safari/537.36", "logout_time": "2025-09-09T19:28:48.708Z"}, "success": true}', NULL, 'Mozilla/5.0 (Macintosh; Intel Mac OS X 10_15_7) AppleWebKit/537.36 (KHTML, like Gecko) Chrome/139.0.0.0 Safari/537.36', '{}', '2025-09-09 18:28:07.259377+00'),
	('db4413bc-7c67-41d4-963e-909b5ee60b13', '550e8400-e29b-41d4-a716-446655440000', '660e8400-e29b-41d4-a716-446655440003', NULL, 'user', '660e8400-e29b-41d4-a716-446655440003', 'logout', NULL, NULL, '{"details": {"user_agent": "Mozilla/5.0 (Macintosh; Intel Mac OS X 10_15_7) AppleWebKit/537.36 (KHTML, like Gecko) Chrome/139.0.0.0 Safari/537.36", "logout_time": "2025-09-09T19:28:48.729Z"}, "success": true}', NULL, 'Mozilla/5.0 (Macintosh; Intel Mac OS X 10_15_7) AppleWebKit/537.36 (KHTML, like Gecko) Chrome/139.0.0.0 Safari/537.36', '{}', '2025-09-09 18:28:07.265331+00'),
	('3e38afb4-24e4-4cc9-b983-90edc81cbb76', '550e8400-e29b-41d4-a716-446655440000', '660e8400-e29b-41d4-a716-446655440003', NULL, 'user', '660e8400-e29b-41d4-a716-446655440003', 'logout', NULL, NULL, '{"details": {"user_agent": "Mozilla/5.0 (Macintosh; Intel Mac OS X 10_15_7) AppleWebKit/537.36 (KHTML, like Gecko) Chrome/139.0.0.0 Safari/537.36", "logout_time": "2025-09-09T19:28:48.442Z"}, "success": true}', NULL, 'Mozilla/5.0 (Macintosh; Intel Mac OS X 10_15_7) AppleWebKit/537.36 (KHTML, like Gecko) Chrome/139.0.0.0 Safari/537.36', '{}', '2025-09-09 18:28:07.180242+00'),
	('7a5dd3af-e2ff-4533-9b59-66323e5bb1d9', '550e8400-e29b-41d4-a716-446655440000', '660e8400-e29b-41d4-a716-446655440003', NULL, 'user', '660e8400-e29b-41d4-a716-446655440003', 'logout', NULL, NULL, '{"details": {"user_agent": "Mozilla/5.0 (Macintosh; Intel Mac OS X 10_15_7) AppleWebKit/537.36 (KHTML, like Gecko) Chrome/139.0.0.0 Safari/537.36", "logout_time": "2025-09-09T19:28:48.483Z"}, "success": true}', NULL, 'Mozilla/5.0 (Macintosh; Intel Mac OS X 10_15_7) AppleWebKit/537.36 (KHTML, like Gecko) Chrome/139.0.0.0 Safari/537.36', '{}', '2025-09-09 18:28:07.195128+00'),
	('ecd28b5d-5185-45f5-b1e8-2f364bbdfec9', '550e8400-e29b-41d4-a716-446655440000', '660e8400-e29b-41d4-a716-446655440003', NULL, 'user', '660e8400-e29b-41d4-a716-446655440003', 'logout', NULL, NULL, '{"details": {"user_agent": "Mozilla/5.0 (Macintosh; Intel Mac OS X 10_15_7) AppleWebKit/537.36 (KHTML, like Gecko) Chrome/139.0.0.0 Safari/537.36", "logout_time": "2025-09-09T19:28:48.541Z"}, "success": true}', NULL, 'Mozilla/5.0 (Macintosh; Intel Mac OS X 10_15_7) AppleWebKit/537.36 (KHTML, like Gecko) Chrome/139.0.0.0 Safari/537.36', '{}', '2025-09-09 18:28:07.205706+00'),
	('cbc123ff-f72a-44ca-bd2a-22e9410ed0b4', '550e8400-e29b-41d4-a716-446655440000', '660e8400-e29b-41d4-a716-446655440003', NULL, 'user', '660e8400-e29b-41d4-a716-446655440003', 'logout', NULL, NULL, '{"details": {"user_agent": "Mozilla/5.0 (Macintosh; Intel Mac OS X 10_15_7) AppleWebKit/537.36 (KHTML, like Gecko) Chrome/139.0.0.0 Safari/537.36", "logout_time": "2025-09-09T19:28:48.614Z"}, "success": true}', NULL, 'Mozilla/5.0 (Macintosh; Intel Mac OS X 10_15_7) AppleWebKit/537.36 (KHTML, like Gecko) Chrome/139.0.0.0 Safari/537.36', '{}', '2025-09-09 18:28:07.222193+00'),
	('f5636a56-898e-40eb-b25f-09a00412a139', '550e8400-e29b-41d4-a716-446655440000', '660e8400-e29b-41d4-a716-446655440003', NULL, 'user', '660e8400-e29b-41d4-a716-446655440003', 'logout', NULL, NULL, '{"details": {"user_agent": "Mozilla/5.0 (Macintosh; Intel Mac OS X 10_15_7) AppleWebKit/537.36 (KHTML, like Gecko) Chrome/139.0.0.0 Safari/537.36", "logout_time": "2025-09-09T19:28:48.676Z"}, "success": true}', NULL, 'Mozilla/5.0 (Macintosh; Intel Mac OS X 10_15_7) AppleWebKit/537.36 (KHTML, like Gecko) Chrome/139.0.0.0 Safari/537.36', '{}', '2025-09-09 18:28:07.257467+00'),
	('f7cbd705-b2bb-4918-b9a0-10816e3e61e9', '550e8400-e29b-41d4-a716-446655440000', '660e8400-e29b-41d4-a716-446655440003', NULL, 'user', '660e8400-e29b-41d4-a716-446655440003', 'logout', NULL, NULL, '{"details": {"user_agent": "Mozilla/5.0 (Macintosh; Intel Mac OS X 10_15_7) AppleWebKit/537.36 (KHTML, like Gecko) Chrome/139.0.0.0 Safari/537.36", "logout_time": "2025-09-09T19:28:48.729Z"}, "success": true}', NULL, 'Mozilla/5.0 (Macintosh; Intel Mac OS X 10_15_7) AppleWebKit/537.36 (KHTML, like Gecko) Chrome/139.0.0.0 Safari/537.36', '{}', '2025-09-09 18:28:07.264066+00'),
	('983e29ea-d0dd-4820-887f-c950123ed042', '550e8400-e29b-41d4-a716-446655440000', '660e8400-e29b-41d4-a716-446655440003', NULL, 'user', '660e8400-e29b-41d4-a716-446655440003', 'logout', NULL, NULL, '{"details": {"user_agent": "Mozilla/5.0 (Macintosh; Intel Mac OS X 10_15_7) AppleWebKit/537.36 (KHTML, like Gecko) Chrome/139.0.0.0 Safari/537.36", "logout_time": "2025-09-09T19:28:47.971Z"}, "success": true}', NULL, 'Mozilla/5.0 (Macintosh; Intel Mac OS X 10_15_7) AppleWebKit/537.36 (KHTML, like Gecko) Chrome/139.0.0.0 Safari/537.36', '{}', '2025-09-09 18:28:07.276025+00'),
	('51d2d614-9ee9-4ba1-8b21-02d0bab7e1ce', '550e8400-e29b-41d4-a716-446655440000', '660e8400-e29b-41d4-a716-446655440003', NULL, 'user', '660e8400-e29b-41d4-a716-446655440003', 'logout', NULL, NULL, '{"details": {"user_agent": "Mozilla/5.0 (Macintosh; Intel Mac OS X 10_15_7) AppleWebKit/537.36 (KHTML, like Gecko) Chrome/140.0.0.0 Safari/537.36", "logout_time": "2025-09-12T02:12:53.033Z"}, "success": true}', NULL, 'Mozilla/5.0 (Macintosh; Intel Mac OS X 10_15_7) AppleWebKit/537.36 (KHTML, like Gecko) Chrome/140.0.0.0 Safari/537.36', '{}', '2025-09-12 02:12:53.219121+00'),
	('54e9a16b-3229-4f89-aa99-60bebaa58f36', '550e8400-e29b-41d4-a716-446655440000', '660e8400-e29b-41d4-a716-446655440003', NULL, 'user', '660e8400-e29b-41d4-a716-446655440003', 'logout', NULL, NULL, '{"details": {"user_agent": "Mozilla/5.0 (Macintosh; Intel Mac OS X 10_15_7) AppleWebKit/537.36 (KHTML, like Gecko) Chrome/140.0.0.0 Safari/537.36", "logout_time": "2025-09-12T02:12:53.095Z"}, "success": true}', NULL, 'Mozilla/5.0 (Macintosh; Intel Mac OS X 10_15_7) AppleWebKit/537.36 (KHTML, like Gecko) Chrome/140.0.0.0 Safari/537.36', '{}', '2025-09-12 02:12:53.219163+00'),
	('e63eabe9-d211-4982-8cd4-a2285a08dc79', '550e8400-e29b-41d4-a716-446655440000', '660e8400-e29b-41d4-a716-446655440003', NULL, 'user', '660e8400-e29b-41d4-a716-446655440003', 'logout', NULL, NULL, '{"details": {"user_agent": "Mozilla/5.0 (Macintosh; Intel Mac OS X 10_15_7) AppleWebKit/537.36 (KHTML, like Gecko) Chrome/140.0.0.0 Safari/537.36", "logout_time": "2025-09-12T02:12:53.034Z"}, "success": true}', NULL, 'Mozilla/5.0 (Macintosh; Intel Mac OS X 10_15_7) AppleWebKit/537.36 (KHTML, like Gecko) Chrome/140.0.0.0 Safari/537.36', '{}', '2025-09-12 02:12:53.219159+00'),
	('9a42154e-fbd0-4189-b878-587440f18ab7', '550e8400-e29b-41d4-a716-446655440000', '660e8400-e29b-41d4-a716-446655440003', '220e8400-e29b-41d4-a716-446655440001', 'project', '220e8400-e29b-41d4-a716-446655440001', 'stage_transition', 'Stage changed from Technical Review to Supplier RFQ Sent', NULL, NULL, NULL, NULL, '{"reason": "Normal transition", "timestamp": "2025-09-12T02:32:13.109Z", "to_stage_id": "880e8400-e29b-41d4-a716-446655440003", "from_stage_id": "880e8400-e29b-41d4-a716-446655440002", "to_stage_name": "Supplier RFQ Sent", "bypass_required": false, "from_stage_name": "Technical Review"}', '2025-09-12 02:32:13.111709+00'),
	('8163df8f-9304-4a31-a2e0-789f2c6ad545', '550e8400-e29b-41d4-a716-446655440000', '660e8400-e29b-41d4-a716-446655440003', NULL, 'supplier', '5565ba1b-1cc4-4ad5-a346-598a90c5a8da', 'supplier_created', NULL, NULL, '{"supplierName": "Steel Works Manufacturing", "supplierType": "manufacturer"}', NULL, NULL, '{}', '2025-09-15 08:15:21.827+00');


--
-- Data for Name: approvals; Type: TABLE DATA; Schema: public; Owner: postgres
--

INSERT INTO "public"."approvals" ("id", "organization_id", "approval_type", "title", "description", "reference_id", "entity_type", "entity_id", "approval_chain_id", "step_number", "total_steps", "requested_by", "requested_at", "request_reason", "request_metadata", "current_approver_id", "current_approver_role", "current_approver_department", "status", "priority", "due_date", "expires_at", "sla_due_at", "decision_comments", "decision_reason", "decision_metadata", "decided_at", "decided_by", "escalated_from", "escalated_to", "escalated_at", "escalation_reason", "delegated_from", "delegated_to", "delegated_at", "delegation_reason", "delegation_end_date", "auto_approval_rules", "auto_approved_at", "auto_approval_reason", "created_at", "updated_at", "created_by") VALUES
	('dd0e8400-e29b-41d4-a716-446655440001', '550e8400-e29b-41d4-a716-446655440000', 'technical_review', 'Technical Review Approval', 'Approve technical specifications for Acme project', NULL, 'project', '220e8400-e29b-41d4-a716-446655440001', NULL, 1, 1, '660e8400-e29b-41d4-a716-446655440009', '2025-09-07 11:25:25.470919+00', 'Technical specifications require management approval', '{}', '660e8400-e29b-41d4-a716-446655440005', NULL, NULL, 'pending', 'normal', '2025-09-10', NULL, NULL, NULL, NULL, '{}', NULL, NULL, NULL, NULL, NULL, NULL, NULL, NULL, NULL, NULL, NULL, '{}', NULL, NULL, '2025-09-07 11:25:25.470919+00', '2025-09-07 11:25:25.470919+00', NULL),
	('dd0e8400-e29b-41d4-a716-446655440002', '550e8400-e29b-41d4-a716-446655440000', 'cost_approval', 'Cost Approval Request', 'Approve project budget for TechCorp integration', NULL, 'project', '220e8400-e29b-41d4-a716-446655440002', NULL, 1, 1, '660e8400-e29b-41d4-a716-446655440008', '2025-09-07 11:25:25.470919+00', 'Budget exceeds standard approval threshold', '{}', '660e8400-e29b-41d4-a716-446655440002', NULL, NULL, 'approved', 'high', '2025-09-12', NULL, NULL, NULL, NULL, '{}', NULL, NULL, NULL, NULL, NULL, NULL, NULL, NULL, NULL, NULL, NULL, '{}', NULL, NULL, '2025-09-07 11:25:25.470919+00', '2025-09-07 11:25:25.470919+00', NULL);


--
-- Data for Name: approval_attachments; Type: TABLE DATA; Schema: public; Owner: postgres
--



--
-- Data for Name: approval_history; Type: TABLE DATA; Schema: public; Owner: postgres
--



--
-- Data for Name: contacts; Type: TABLE DATA; Schema: public; Owner: postgres
--

INSERT INTO "public"."contacts" ("id", "organization_id", "type", "company_name", "contact_name", "email", "phone", "address", "city", "state", "country", "postal_code", "website", "tax_id", "payment_terms", "credit_limit", "is_active", "role", "is_primary_contact", "notes", "created_at", "updated_at", "created_by") VALUES
	('770e8400-e29b-41d4-a716-446655440001', '550e8400-e29b-41d4-a716-446655440001', 'customer', NULL, 'John Customer', 'john.customer@acme.com', '+1-555-0101', NULL, NULL, NULL, NULL, NULL, NULL, NULL, NULL, NULL, true, 'Purchasing Manager', true, NULL, '2025-09-07 11:25:25.470919+00', '2025-09-07 11:25:25.470919+00', NULL),
	('770e8400-e29b-41d4-a716-446655440002', '550e8400-e29b-41d4-a716-446655440001', 'customer', NULL, 'Sarah Engineering', 'sarah.eng@acme.com', '+1-555-0102', NULL, NULL, NULL, NULL, NULL, NULL, NULL, NULL, NULL, true, 'Engineering Lead', false, NULL, '2025-09-07 11:25:25.470919+00', '2025-09-07 11:25:25.470919+00', NULL),
	('770e8400-e29b-41d4-a716-446655440003', '550e8400-e29b-41d4-a716-446655440002', 'customer', NULL, 'Mary Buyer', 'mary.buyer@techcorp.com', '+1-555-0201', NULL, NULL, NULL, NULL, NULL, NULL, NULL, NULL, NULL, true, 'Senior Buyer', true, NULL, '2025-09-07 11:25:25.470919+00', '2025-09-07 11:25:25.470919+00', NULL),
	('770e8400-e29b-41d4-a716-446655440004', '550e8400-e29b-41d4-a716-446655440002', 'customer', NULL, 'Bob Tech', 'bob.tech@techcorp.com', '+1-555-0202', NULL, NULL, NULL, NULL, NULL, NULL, NULL, NULL, NULL, true, 'Technical Director', false, NULL, '2025-09-07 11:25:25.470919+00', '2025-09-07 11:25:25.470919+00', NULL),
	('770e8400-e29b-41d4-a716-446655440005', '550e8400-e29b-41d4-a716-446655440004', 'supplier', NULL, 'Alice Supplier', 'alice@precisionparts.com', '+1-555-0301', NULL, NULL, NULL, NULL, NULL, NULL, NULL, NULL, NULL, true, 'Sales Manager', true, NULL, '2025-09-07 11:25:25.470919+00', '2025-09-07 11:25:25.470919+00', NULL),
	('770e8400-e29b-41d4-a716-446655440006', '550e8400-e29b-41d4-a716-446655440004', 'supplier', NULL, 'Charlie Quality', 'charlie@precisionparts.com', '+1-555-0302', NULL, NULL, NULL, NULL, NULL, NULL, NULL, NULL, NULL, true, 'Quality Manager', false, NULL, '2025-09-07 11:25:25.470919+00', '2025-09-07 11:25:25.470919+00', NULL),
	('8f05707d-fde1-4c54-8297-d45d881217a8', '550e8400-e29b-41d4-a716-446655440001', 'customer', NULL, 'Development Contact', 'dev.contact@acme.com', NULL, NULL, NULL, NULL, NULL, NULL, NULL, NULL, NULL, NULL, true, 'Project Manager', false, NULL, '2025-09-07 12:32:40.765997+00', '2025-09-07 12:32:40.765997+00', NULL),
	('91575f59-429e-4008-a895-429756109e95', '550e8400-e29b-41d4-a716-446655440001', 'customer', NULL, 'Dan Tong', 'dantong@acme.com', '232343432', 'fdsfa', 'fdfs', 'fsd', NULL, 'e2312341', NULL, NULL, NULL, NULL, true, 'general', false, NULL, '2025-09-09 00:17:35.592053+00', '2025-09-09 00:17:35.592053+00', NULL),
	('9726c62e-f245-4718-84fb-ec9c9472764d', 'c21be731-a915-476c-afbf-82ce5c027826', 'supplier', NULL, 'Plastic Injection Molding Co', 'kevin.martin@plasticinjectio.com', '+1-216-817-3634', '2115 Commerce St', 'San Jose', 'CA', 'United States', '60672', 'https://www.plasticinjectionmold.com', NULL, NULL, NULL, true, 'Primary Contact', true, NULL, '2025-09-15 07:33:06.654241+00', '2025-09-15 07:33:06.654241+00', '660e8400-e29b-41d4-a716-446655440003'),
	('a688d862-e995-4446-ba9f-33724512ccba', 'ab69887b-791f-4168-a0f1-5d595a512418', 'supplier', NULL, 'Plastic Manufacturing Works', 'ashley.davis@plasticmanufact.com', '+1-884-220-6340', '1908 Factory Ave', 'Hyderabad', '', 'United States', '93906', 'https://www.plasticmanufacturing.com', NULL, NULL, NULL, true, 'Primary Contact', true, NULL, '2025-09-15 07:36:33.972146+00', '2025-09-15 07:36:33.972146+00', '660e8400-e29b-41d4-a716-446655440003'),
	('737d7e6f-0eae-4985-a816-ce769d3b91f0', 'fdb5cc92-682b-4a14-8182-f767fe53030e', 'supplier', NULL, 'Prototyping Technologies', 'ryan.lewis@prototypingtech.com', '+1-838-791-3878', '6461 Business Ave', 'Seoul', '', 'United States', '34197', 'https://www.prototypingtechnolog.com', NULL, NULL, NULL, true, 'Primary Contact', true, NULL, '2025-09-15 07:38:50.775949+00', '2025-09-15 07:38:50.775949+00', '660e8400-e29b-41d4-a716-446655440003'),
	('916a95e5-14e0-4342-ac14-5b01b78ef928', 'dbc36ade-c9a5-4739-b611-134cfabf898e', 'supplier', NULL, 'Precision Testing Services', 'daniel.thompson@precisiontestin.com', '+1-842-700-3964', '451 Production St', 'Leipzig', '', 'Vietnam', '14000', 'https://www.precisiontestingserv.com', NULL, NULL, NULL, true, 'Primary Contact', true, NULL, '2025-09-15 07:42:11.843869+00', '2025-09-15 07:42:11.843869+00', '660e8400-e29b-41d4-a716-446655440003'),
	('e0904d63-e5c5-42f4-916e-7fed98dab263', '56d4157b-6695-4e91-9813-d63470335fa7', 'supplier', NULL, 'Advanced Fabrication Works', 'lisa.anderson@advancedfabrica.com', '+1-210-456-3826', '1666 Innovation Rd', 'Kuala Lumpur', '', 'Malaysia', '89583', 'https://www.advancedfabricationw.com', NULL, NULL, NULL, true, 'Primary Contact', true, NULL, '2025-09-15 07:42:50.156854+00', '2025-09-15 07:42:50.156854+00', '660e8400-e29b-41d4-a716-446655440003'),
	('b5750396-8023-4cfe-8ccf-e2f16ae6be18', '5565ba1b-1cc4-4ad5-a346-598a90c5a8da', 'supplier', NULL, 'Steel Works Manufacturing', 'emily.rodriguez@steelworksmanuf.com', '+1-817-558-1485', '484 Industrial Park', 'Nha Trang', '', 'Vietnam', '55343', 'https://www.steelworksmanufactur.com', NULL, NULL, NULL, true, 'Primary Contact', true, NULL, '2025-09-15 08:15:21.811109+00', '2025-09-15 08:15:21.811109+00', '660e8400-e29b-41d4-a716-446655440003'),
	('93aa0b2f-f1cc-45f4-b503-aa77433994fe', '23893cf2-a448-4f35-8fbd-eaf908274b87', 'supplier', NULL, 'Advanced Prototype Solutions', 'james.brown@advancedprototy.com', '+1-485-438-4750', '1828 Production St', 'Dallas', 'MI', 'United States', '59956', NULL, NULL, NULL, NULL, true, 'Primary Contact', true, NULL, '2025-09-15 08:19:20.434657+00', '2025-09-15 08:19:20.434657+00', '660e8400-e29b-41d4-a716-446655440003'),
	('7aed6559-e472-4800-b484-54d6fcbeb105', '6540f590-0b49-4fc5-bcb3-ba3e3fe30fb6', 'supplier', NULL, 'Testing Technologies', 'stephanie.harris@testingtechnolo.com', '+1-375-439-9700', '6196 Commerce Blvd', 'Bien Hoa', '', 'Vietnam', '52910', 'https://www.testingtechnologies.com', NULL, NULL, NULL, true, 'Primary Contact', true, NULL, '2025-09-15 08:37:17.572644+00', '2025-09-15 08:37:17.572644+00', '660e8400-e29b-41d4-a716-446655440003'),
	('7ac9f28f-1f78-44b1-bafc-e64a0064c894', '3ff44a3b-92cd-4312-9b26-59a70ec0eaa7', 'supplier', NULL, 'Sheet Metal Technologies', 'tyler.king@sheetmetaltechn.com', '+1-248-946-9490', '7191 Innovation Rd', 'Philadelphia', 'MI', 'United States', '51930', 'https://www.sheetmetaltechnologi.com', NULL, NULL, NULL, true, 'Primary Contact', true, NULL, '2025-09-15 08:40:06.604245+00', '2025-09-15 08:40:06.604245+00', '660e8400-e29b-41d4-a716-446655440003'),
	('67b2dd11-7963-4b77-98cf-9b1817195a5e', 'ada1fcc8-c39d-49fd-86af-d110f2a40654', 'supplier', NULL, 'Sheet Metal Technologies 2', 'tyler.king@sheetmetaltechn.com', '+1-248-946-9490', '7191 Innovation Rd', 'Philadelphia', 'MI', 'United States', '51930', 'https://www.sheetmetaltechnologi.com', NULL, NULL, NULL, true, 'Primary Contact', true, NULL, '2025-09-15 08:43:30.290755+00', '2025-09-15 08:43:30.290755+00', '660e8400-e29b-41d4-a716-446655440003'),
	('47959fee-d04e-4a5b-9079-b8e45c1e2cf1', '0015b5cf-c1ba-484c-8c7b-601977f6cd15', 'supplier', NULL, 'Welding Solutions Inc', 'andrew.jackson@weldingsolution.com', '+1-783-741-6987', '4052 Industrial Park', 'Hue', '', 'Vietnam', '68195', 'https://www.weldingsolutionsinc.com', NULL, NULL, NULL, true, 'Primary Contact', true, NULL, '2025-09-15 08:44:33.77043+00', '2025-09-15 08:44:33.77043+00', '660e8400-e29b-41d4-a716-446655440003'),
	('3eedb98c-33cb-442c-bfc0-a293ec103d92', '745b4064-e912-403e-8b3a-5a3211e32788', 'supplier', NULL, 'Metal Fabrication Experts', 'michael.chen@metalfabricatio.com', '+1-479-318-9392', '1523 Innovation Rd', 'San Jose', 'GA', 'United States', '48616', 'https://www.metalfabricationexpe.com', NULL, NULL, NULL, true, 'Primary Contact', true, NULL, '2025-09-15 09:22:25.388262+00', '2025-09-15 09:22:25.388262+00', '660e8400-e29b-41d4-a716-446655440003'),
	('92c93af1-9b91-46e5-aeb0-def9021eb2f8', 'a94dc946-c5ba-4c06-a41d-72651e035df7', 'supplier', NULL, 'Surface Treatment Co', 'robert.taylor@surfacetreatmen.com', '+1-341-434-6703', '6205 Factory Ave', 'Munich', '', 'United States', '76338', 'https://www.surfacetreatmentco.com', NULL, NULL, NULL, true, 'Primary Contact', true, NULL, '2025-09-15 09:53:59.545592+00', '2025-09-15 09:53:59.545592+00', '660e8400-e29b-41d4-a716-446655440003'),
	('ee523b5d-1b96-4864-850c-2ca1d84e35f0', 'bf8b9e5a-fdab-47bc-9dfc-c01d31d22a4a', 'supplier', NULL, 'MSTEch', 'mes@gmail.com', '23232334334', '12132', 'HCM', '', 'Vietnam', '', NULL, NULL, NULL, NULL, true, 'Primary Contact', true, NULL, '2025-09-15 09:55:51.793506+00', '2025-09-15 09:55:51.793506+00', '660e8400-e29b-41d4-a716-446655440003');


--
-- Data for Name: custom_roles; Type: TABLE DATA; Schema: public; Owner: postgres
--



--
-- Data for Name: documents; Type: TABLE DATA; Schema: public; Owner: postgres
--

INSERT INTO "public"."documents" ("id", "organization_id", "project_id", "title", "description", "file_name", "file_path", "file_size", "mime_type", "category", "version_number", "is_current_version", "storage_provider", "checksum", "access_level", "tags", "metadata", "uploaded_by", "approved_by", "approved_at", "created_at", "updated_at") VALUES
	('eb42a3f5-d8f9-4528-9f15-baf82b628b97', '550e8400-e29b-41d4-a716-446655440000', '220e8400-e29b-41d4-a716-446655440001', '701-00818-02.pdf', NULL, '1757639079521_701-00818-02.pdf', '550e8400-e29b-41d4-a716-446655440000/220e8400-e29b-41d4-a716-446655440001/1757639079521_701-00818-02.pdf', 209387, 'application/pdf', 'other', 1, true, 'supabase', NULL, 'private', '{}', '{"tags": [], "category": "other", "description": "", "access_level": "internal", "document_type": "drawing"}', '660e8400-e29b-41d4-a716-446655440003', NULL, NULL, '2025-09-12 01:04:39.659111+00', '2025-09-12 01:11:12.715249+00'),
	('885d900b-f6f5-4375-bf0b-c7cb54af1b50', '550e8400-e29b-41d4-a716-446655440000', 'cb697e9d-abf1-4d0d-bbad-c9b509493dff', '701-00834-02.pdf', NULL, '1757928097264_701-00834-02.pdf', '550e8400-e29b-41d4-a716-446655440000/cb697e9d-abf1-4d0d-bbad-c9b509493dff/1757928097264_701-00834-02.pdf', 236749, 'application/pdf', 'other', 1, true, 'supabase', NULL, 'private', '{}', '{"tags": [], "category": "other", "description": "", "access_level": "internal", "document_type": "drawing"}', '660e8400-e29b-41d4-a716-446655440003', NULL, NULL, '2025-09-15 09:21:37.381049+00', '2025-09-15 09:21:37.381049+00'),
	('5094de0f-6df7-4f9c-b4c5-1737ad822986', '550e8400-e29b-41d4-a716-446655440000', NULL, '701-00818-02.pdf', 'Supplier document: other', 'supplier-745b4064-e912-403e-8b3a-5a3211e32788-1757928145391-701-00818-02.pdf', 'suppliers/745b4064-e912-403e-8b3a-5a3211e32788/supplier-745b4064-e912-403e-8b3a-5a3211e32788-1757928145391-701-00818-02.pdf', 209387, 'application/pdf', 'other', 1, true, 'local', NULL, 'organization', '{}', '{"supplierId": "745b4064-e912-403e-8b3a-5a3211e32788", "documentType": "other", "originalFileName": "701-00818-02.pdf"}', '660e8400-e29b-41d4-a716-446655440003', NULL, NULL, '2025-09-15 09:22:25.408987+00', '2025-09-15 09:22:25.408987+00'),
	('070f831f-5ec2-4b7d-9e40-f04b422f4bba', '550e8400-e29b-41d4-a716-446655440000', NULL, '701-00818-02.pdf', 'Supplier document: other', 'supplier-a94dc946-c5ba-4c06-a41d-72651e035df7-1757930039550-701-00818-02.pdf', 'suppliers/a94dc946-c5ba-4c06-a41d-72651e035df7/supplier-a94dc946-c5ba-4c06-a41d-72651e035df7-1757930039550-701-00818-02.pdf', 209387, 'application/pdf', 'other', 1, true, 'local', NULL, 'organization', '{}', '{"supplierId": "a94dc946-c5ba-4c06-a41d-72651e035df7", "documentType": "other", "originalFileName": "701-00818-02.pdf"}', '660e8400-e29b-41d4-a716-446655440003', NULL, NULL, '2025-09-15 09:53:59.590475+00', '2025-09-15 09:53:59.590475+00'),
	('ad0b876a-8aab-4a4e-b2ac-bd9dc7709299', '550e8400-e29b-41d4-a716-446655440000', NULL, 'Drawings', 'External document link: Drawings', 'Drawings', 'https://docs.google.com/spreadsheets/d/14FfoqXF_-Acbh89sih66WstLH--I1ClvFaPVhNg2JRU/edit?usp=drive_link', NULL, 'application/link', 'supplier_external_link', 1, true, 'local', NULL, 'organization', '{}', '{"supplierId": "a94dc946-c5ba-4c06-a41d-72651e035df7", "externalUrl": "https://docs.google.com/spreadsheets/d/14FfoqXF_-Acbh89sih66WstLH--I1ClvFaPVhNg2JRU/edit?usp=drive_link", "documentType": "supplier_external_link", "isExternalLink": true}', '660e8400-e29b-41d4-a716-446655440003', NULL, NULL, '2025-09-15 09:53:59.595141+00', '2025-09-15 09:53:59.595141+00'),
	('ea6ecdba-c499-4d1e-86e7-5ce6d841128e', '550e8400-e29b-41d4-a716-446655440000', NULL, 'MS TECH- Profile 2025.pdf', 'Supplier document: supplier_profile', 'supplier-bf8b9e5a-fdab-47bc-9dfc-c01d31d22a4a-1757930151796-MS_TECH-_Profile_2025.pdf', 'suppliers/bf8b9e5a-fdab-47bc-9dfc-c01d31d22a4a/supplier-bf8b9e5a-fdab-47bc-9dfc-c01d31d22a4a-1757930151796-MS_TECH-_Profile_2025.pdf', 1746088, 'application/pdf', 'supplier_profile', 1, true, 'local', NULL, 'organization', '{}', '{"supplierId": "bf8b9e5a-fdab-47bc-9dfc-c01d31d22a4a", "documentType": "supplier_profile", "originalFileName": "MS TECH- Profile 2025.pdf"}', '660e8400-e29b-41d4-a716-446655440003', NULL, NULL, '2025-09-15 09:55:51.838198+00', '2025-09-15 09:55:51.838198+00');


--
-- Data for Name: document_access_log; Type: TABLE DATA; Schema: public; Owner: postgres
--



--
-- Data for Name: document_categories; Type: TABLE DATA; Schema: public; Owner: postgres
--

INSERT INTO "public"."document_categories" ("code", "name", "is_portal_visible", "retention_policy", "created_at", "updated_at") VALUES
	('supplier_nda', 'Supplier NDA', true, '{"years": 7}', '2025-09-13 02:36:58.988605+00', '2025-09-13 02:36:58.988605+00'),
	('supplier_iso', 'Supplier ISO Certificate', true, '{"years": 3}', '2025-09-13 02:36:58.988605+00', '2025-09-13 02:36:58.988605+00'),
	('supplier_insurance', 'Supplier Insurance Certificate', true, '{"years": 2}', '2025-09-13 02:36:58.988605+00', '2025-09-13 02:36:58.988605+00'),
	('supplier_financial', 'Supplier Financial Statement', false, '{"years": 7}', '2025-09-13 02:36:58.988605+00', '2025-09-13 02:36:58.988605+00'),
	('supplier_qc', 'Supplier Quality Certificate', true, '{"years": 3}', '2025-09-13 02:36:58.988605+00', '2025-09-13 02:36:58.988605+00'),
	('supplier_profile', 'Supplier Profile Document', true, '{"years": 5}', '2025-09-13 02:36:58.988605+00', '2025-09-13 02:36:58.988605+00'),
	('supplier_logo', 'Supplier Logo', true, '{"years": 5}', '2025-09-13 02:36:58.988605+00', '2025-09-13 02:36:58.988605+00'),
	('supplier_qualified_image', 'Supplier Qualified Image', true, '{"years": 5}', '2025-09-13 02:36:58.988605+00', '2025-09-13 02:36:58.988605+00'),
	('supplier_external_link', 'Supplier External Document Link', true, '{"years": 5}', '2025-09-13 02:36:58.988605+00', '2025-09-13 02:36:58.988605+00');


--
-- Data for Name: document_versions; Type: TABLE DATA; Schema: public; Owner: postgres
--



--
-- Data for Name: feature_toggles; Type: TABLE DATA; Schema: public; Owner: postgres
--

INSERT INTO "public"."feature_toggles" ("id", "organization_id", "feature_name", "feature_key", "description", "is_enabled", "required_role", "required_permissions", "config", "created_by", "created_at", "updated_at") VALUES
	('8e27411e-a667-434f-af1b-ab0f4e81d9e2', '550e8400-e29b-41d4-a716-446655440000', 'Advanced Analytics', 'advanced_analytics', 'Access to advanced analytics and reporting features', true, 'management', '{analytics:read,analytics:export}', '{"enabled_modules": ["forecasting", "trends", "comparisons"]}', NULL, '2025-09-08 00:36:28.837395+00', '2025-09-08 00:36:28.837395+00'),
	('922e291d-7bbe-4cc8-9c41-f64c58712fb8', '550e8400-e29b-41d4-a716-446655440000', 'Supplier Rating System', 'supplier_rating', 'Rate and review suppliers', true, 'procurement', '{supplier:read,supplier:update}', '{"rating_scale": 5, "allow_reviews": true}', NULL, '2025-09-08 00:36:28.837395+00', '2025-09-08 00:36:28.837395+00'),
	('e1133441-f1a2-4245-a171-fe336e4d7d2c', '550e8400-e29b-41d4-a716-446655440000', 'Bulk Operations', 'bulk_operations', 'Perform bulk operations on records', true, 'management', '{rfq:update,customer:update}', '{"max_batch_size": 50}', NULL, '2025-09-08 00:36:28.837395+00', '2025-09-08 00:36:28.837395+00'),
	('2e79f11f-19ec-4486-add8-f13a744d50b7', '550e8400-e29b-41d4-a716-446655440000', 'Custom Workflows', 'custom_workflows', 'Create and manage custom workflows', true, 'management', '{workflow:create,workflow:update}', '{"max_custom_workflows": 10}', NULL, '2025-09-08 00:36:28.837395+00', '2025-09-08 00:36:28.837395+00');


--
-- Data for Name: messages; Type: TABLE DATA; Schema: public; Owner: postgres
--



--
-- Data for Name: notifications; Type: TABLE DATA; Schema: public; Owner: postgres
--

INSERT INTO "public"."notifications" ("id", "organization_id", "user_id", "type", "title", "message", "priority", "action_url", "is_read", "read_at", "expires_at", "metadata", "created_at") VALUES
	('ff0e8400-e29b-41d4-a716-446655440001', '550e8400-e29b-41d4-a716-446655440000', '660e8400-e29b-41d4-a716-446655440005', 'approval', 'New Approval Request', 'Technical review approval needed for Acme project', 'normal', '/approvals/dd0e8400-e29b-41d4-a716-446655440001', false, NULL, NULL, '{}', '2025-09-07 11:25:25.470919+00'),
	('ff0e8400-e29b-41d4-a716-446655440002', '550e8400-e29b-41d4-a716-446655440000', '660e8400-e29b-41d4-a716-446655440006', 'workflow', 'Project Stage Update', 'Acme project moved to Technical Review stage', 'low', '/projects/220e8400-e29b-41d4-a716-446655440001', false, NULL, NULL, '{}', '2025-09-07 11:25:25.470919+00'),
	('ff0e8400-e29b-41d4-a716-446655440003', '550e8400-e29b-41d4-a716-446655440000', '660e8400-e29b-41d4-a716-446655440008', 'approval', 'Approval Approved', 'Your cost approval request has been approved', 'normal', '/approvals/dd0e8400-e29b-41d4-a716-446655440002', false, NULL, NULL, '{}', '2025-09-07 11:25:25.470919+00');


--
-- Data for Name: permission_audit_log; Type: TABLE DATA; Schema: public; Owner: postgres
--



--
-- Data for Name: permissions; Type: TABLE DATA; Schema: public; Owner: postgres
--

INSERT INTO "public"."permissions" ("id", "name", "resource", "action", "description", "category", "is_system", "created_at", "updated_at") VALUES
	('0dfd2aa6-a490-4aca-aea3-bf80db69daaa', 'customer:create', 'customer', 'create', 'Create new customers', 'general', true, '2025-09-08 00:36:04.6653+00', '2025-09-08 00:36:04.6653+00'),
	('49ccdf75-5908-4440-897b-7c72cf62ddfa', 'customer:read', 'customer', 'read', 'View customer information', 'general', true, '2025-09-08 00:36:04.6653+00', '2025-09-08 00:36:04.6653+00'),
	('68b9be48-fb96-4612-bf9b-9224313df2a0', 'customer:update', 'customer', 'update', 'Update customer information', 'general', true, '2025-09-08 00:36:04.6653+00', '2025-09-08 00:36:04.6653+00'),
	('07d938ed-700a-4a20-a69a-f83586c7933f', 'customer:delete', 'customer', 'delete', 'Delete customers', 'general', true, '2025-09-08 00:36:04.6653+00', '2025-09-08 00:36:04.6653+00'),
	('0196d39c-1535-4aba-9523-86543f83ddcd', 'customer:archive', 'customer', 'archive', 'Archive customers', 'general', true, '2025-09-08 00:36:04.6653+00', '2025-09-08 00:36:04.6653+00'),
	('33591f7f-7e4a-4dcf-8dc2-9a859c717074', 'supplier:create', 'supplier', 'create', 'Create new suppliers', 'general', true, '2025-09-08 00:36:04.6653+00', '2025-09-08 00:36:04.6653+00'),
	('82618717-9f2e-4e68-a7aa-794307621737', 'supplier:read', 'supplier', 'read', 'View supplier information', 'general', true, '2025-09-08 00:36:04.6653+00', '2025-09-08 00:36:04.6653+00'),
	('7f8dd2a9-5667-40a2-8409-1e8b6a070eb9', 'supplier:update', 'supplier', 'update', 'Update supplier information', 'general', true, '2025-09-08 00:36:04.6653+00', '2025-09-08 00:36:04.6653+00'),
	('297982a3-1b10-4d6b-bfb7-efd2a540dc08', 'supplier:delete', 'supplier', 'delete', 'Delete suppliers', 'general', true, '2025-09-08 00:36:04.6653+00', '2025-09-08 00:36:04.6653+00'),
	('5a9a756b-7e93-44a7-a642-622e38d15df4', 'supplier:archive', 'supplier', 'archive', 'Archive suppliers', 'general', true, '2025-09-08 00:36:04.6653+00', '2025-09-08 00:36:04.6653+00'),
	('22b5e84e-4b64-4bb1-b31c-a7e47f574984', 'rfq:create', 'rfq', 'create', 'Create new RFQs', 'general', true, '2025-09-08 00:36:04.6653+00', '2025-09-08 00:36:04.6653+00'),
	('9ba007e7-dc94-4636-9669-6300c539b7df', 'rfq:read', 'rfq', 'read', 'View RFQ information', 'general', true, '2025-09-08 00:36:04.6653+00', '2025-09-08 00:36:04.6653+00'),
	('f7394166-d454-4adc-8c89-fa1382b5ec74', 'rfq:update', 'rfq', 'update', 'Update RFQ information', 'general', true, '2025-09-08 00:36:04.6653+00', '2025-09-08 00:36:04.6653+00'),
	('1ed02927-5516-4aac-99ee-5d9ebeb52913', 'rfq:delete', 'rfq', 'delete', 'Delete RFQs', 'general', true, '2025-09-08 00:36:04.6653+00', '2025-09-08 00:36:04.6653+00'),
	('2182885e-b9aa-42ea-902b-93db7a50b75e', 'rfq:approve', 'rfq', 'approve', 'Approve RFQs', 'approval', true, '2025-09-08 00:36:04.6653+00', '2025-09-08 00:36:04.6653+00'),
	('a6b5b55c-9775-410a-b9cc-10a4a0ad7fbe', 'rfq:reject', 'rfq', 'reject', 'Reject RFQs', 'approval', true, '2025-09-08 00:36:04.6653+00', '2025-09-08 00:36:04.6653+00'),
	('876f121c-7089-4f78-b057-039e41ec206e', 'rfq:review', 'rfq', 'review', 'Review RFQs', 'general', true, '2025-09-08 00:36:04.6653+00', '2025-09-08 00:36:04.6653+00'),
	('96df8dbb-8bbc-4e29-ad5d-f1e632681d1f', 'users:read', 'users', 'read', 'View user information', 'admin', true, '2025-09-08 00:36:04.6653+00', '2025-09-08 00:36:04.6653+00'),
	('68816447-35b9-4784-8228-5f4281543290', 'users:create', 'users', 'create', 'Create new users', 'admin', true, '2025-09-08 00:36:04.6653+00', '2025-09-08 00:36:04.6653+00'),
	('fd458c1a-5cd6-4c45-9810-4946b8bbd89e', 'users:update', 'users', 'update', 'Update user information', 'admin', true, '2025-09-08 00:36:04.6653+00', '2025-09-08 00:36:04.6653+00'),
	('66bbc475-a474-43f9-8e87-8e0b3240788f', 'users:delete', 'users', 'delete', 'Delete users', 'admin', true, '2025-09-08 00:36:04.6653+00', '2025-09-08 00:36:04.6653+00'),
	('8adca558-2601-4f0a-b78c-dc6a8a14539f', 'users:manage_roles', 'users', 'manage_roles', 'Manage user roles and permissions', 'admin', true, '2025-09-08 00:36:04.6653+00', '2025-09-08 00:36:04.6653+00'),
	('a624366c-a771-4373-8b1d-680d98e8333b', 'dashboard:read', 'dashboard', 'read', 'Access dashboard', 'general', true, '2025-09-08 00:36:04.6653+00', '2025-09-08 00:36:04.6653+00'),
	('9fde8cc2-f75c-4edf-9917-33457f7fa4a7', 'dashboard:admin', 'dashboard', 'admin', 'Admin dashboard access', 'admin', true, '2025-09-08 00:36:04.6653+00', '2025-09-08 00:36:04.6653+00'),
	('ef6d5a5f-a279-4db3-b2b7-6c1636435620', 'analytics:read', 'analytics', 'read', 'View analytics', 'general', true, '2025-09-08 00:36:04.6653+00', '2025-09-08 00:36:04.6653+00'),
	('4bc85325-9636-4ebb-b927-7c9f6ca75e2a', 'analytics:export', 'analytics', 'export', 'Export analytics data', 'general', true, '2025-09-08 00:36:04.6653+00', '2025-09-08 00:36:04.6653+00'),
	('e4bcdbb3-284a-4207-954c-a5e601ba8dc1', 'workflow:read', 'workflow', 'read', 'View workflows', 'general', true, '2025-09-08 00:36:04.6653+00', '2025-09-08 00:36:04.6653+00'),
	('bc008978-2ca8-4955-a1c3-3c4814eca72b', 'workflow:create', 'workflow', 'create', 'Create workflows', 'admin', true, '2025-09-08 00:36:04.6653+00', '2025-09-08 00:36:04.6653+00'),
	('ea4ab541-0e05-4e53-9ba2-094fb00fcf78', 'workflow:update', 'workflow', 'update', 'Update workflows', 'general', true, '2025-09-08 00:36:04.6653+00', '2025-09-08 00:36:04.6653+00'),
	('e9e91eea-e628-4a7a-a96e-b93a0148aaeb', 'workflow:delete', 'workflow', 'delete', 'Delete workflows', 'admin', true, '2025-09-08 00:36:04.6653+00', '2025-09-08 00:36:04.6653+00'),
	('bdc98946-48ea-43e6-9114-4a2336426df1', 'workflow:bypass', 'workflow', 'bypass', 'Bypass workflow steps', 'admin', true, '2025-09-08 00:36:04.6653+00', '2025-09-08 00:36:04.6653+00'),
	('0b8661ff-3462-4291-b54c-1724530068fd', 'documents:read', 'documents', 'read', 'View documents', 'general', true, '2025-09-08 00:36:04.6653+00', '2025-09-08 00:36:04.6653+00'),
	('8e8ab924-3697-4804-82e6-16afa3d55b34', 'documents:create', 'documents', 'create', 'Create documents', 'general', true, '2025-09-08 00:36:04.6653+00', '2025-09-08 00:36:04.6653+00'),
	('f0b9fe04-a05a-4c83-85cd-1651c418dd8f', 'documents:update', 'documents', 'update', 'Update documents', 'general', true, '2025-09-08 00:36:04.6653+00', '2025-09-08 00:36:04.6653+00'),
	('9210d330-7e35-4550-be1d-7b8ff11b5ebc', 'documents:delete', 'documents', 'delete', 'Delete documents', 'general', true, '2025-09-08 00:36:04.6653+00', '2025-09-08 00:36:04.6653+00'),
	('b19c9254-dc8f-4d7f-9b6c-ecc30be30e4e', 'approvals:read', 'approvals', 'read', 'View approvals', 'general', true, '2025-09-08 00:36:04.6653+00', '2025-09-08 00:36:04.6653+00'),
	('e859ce91-cb90-4517-8f72-6e93e0ad1b42', 'approvals:update', 'approvals', 'update', 'Update approvals', 'general', true, '2025-09-08 00:36:04.6653+00', '2025-09-08 00:36:04.6653+00'),
	('efa525f0-92f6-43d8-96b6-ad78e0fa1430', 'system_config:read', 'system_config', 'read', 'View system configuration', 'admin', true, '2025-09-08 00:36:04.6653+00', '2025-09-08 00:36:04.6653+00'),
	('14fcbde6-cac8-416d-9c0f-c926c11ac26e', 'system_config:update', 'system_config', 'update', 'Update system configuration', 'admin', true, '2025-09-08 00:36:04.6653+00', '2025-09-08 00:36:04.6653+00'),
	('4b22fca8-047a-4fb8-855c-05ff294a1e24', 'organizations:read', 'organizations', 'read', 'View organizations', 'admin', true, '2025-09-08 00:36:04.6653+00', '2025-09-08 00:36:04.6653+00'),
	('d3620f1a-71e1-498f-a2c8-862c12d5cb13', 'organizations:create', 'organizations', 'create', 'Create organizations', 'admin', true, '2025-09-08 00:36:04.6653+00', '2025-09-08 00:36:04.6653+00'),
	('1d3d04ae-ffb8-4352-905d-a281b67e9af1', 'organizations:update', 'organizations', 'update', 'Update organizations', 'admin', true, '2025-09-08 00:36:04.6653+00', '2025-09-08 00:36:04.6653+00'),
	('ff7b7f92-7175-410d-87ec-e36db8c99abe', 'organizations:delete', 'organizations', 'delete', 'Delete organizations', 'admin', true, '2025-09-08 00:36:04.6653+00', '2025-09-08 00:36:04.6653+00'),
	('eaf871de-a8e4-46db-baa3-5a3790cdbd57', 'database:read', 'database', 'read', 'Read database', 'admin', true, '2025-09-08 00:36:04.6653+00', '2025-09-08 00:36:04.6653+00'),
	('da862b3b-844b-40e3-8524-46803172c915', 'database:backup', 'database', 'backup', 'Backup database', 'admin', true, '2025-09-08 00:36:04.6653+00', '2025-09-08 00:36:04.6653+00'),
	('75b6e574-67b4-4b2f-a7ca-85783b470284', 'database:restore', 'database', 'restore', 'Restore database', 'admin', true, '2025-09-08 00:36:04.6653+00', '2025-09-08 00:36:04.6653+00');


--
-- Data for Name: workflow_sub_stages; Type: TABLE DATA; Schema: public; Owner: postgres
--

INSERT INTO "public"."workflow_sub_stages" ("id", "organization_id", "workflow_stage_id", "name", "slug", "description", "color", "sub_stage_order", "is_active", "exit_criteria", "responsible_roles", "estimated_duration_hours", "is_required", "can_skip", "auto_advance", "requires_approval", "approval_roles", "metadata", "created_at", "updated_at") VALUES
	('990e8400-e29b-41d4-a716-446655440001', '550e8400-e29b-41d4-a716-446655440000', '880e8400-e29b-41d4-a716-446655440001', 'Initial Review', 'initial_review', 'Review customer requirements and feasibility', NULL, 1, true, NULL, '{sales,management}', 4, true, false, false, false, NULL, '{}', '2025-09-07 11:25:25.470919+00', '2025-09-07 11:25:25.470919+00'),
	('990e8400-e29b-41d4-a716-446655440002', '550e8400-e29b-41d4-a716-446655440000', '880e8400-e29b-41d4-a716-446655440001', 'Technical Assessment', 'technical_assessment', 'Assess technical requirements and capabilities', NULL, 2, true, NULL, '{engineering}', 8, true, false, false, false, NULL, '{}', '2025-09-07 11:25:25.470919+00', '2025-09-07 11:25:25.470919+00'),
	('990e8400-e29b-41d4-a716-446655440003', '550e8400-e29b-41d4-a716-446655440000', '880e8400-e29b-41d4-a716-446655440001', 'Cost Estimation', 'cost_estimation', 'Initial cost estimation and budget planning', NULL, 3, true, NULL, '{sales,procurement}', 6, true, false, false, false, NULL, '{}', '2025-09-07 11:25:25.470919+00', '2025-09-07 11:25:25.470919+00'),
	('990e8400-e29b-41d4-a716-446655440004', '550e8400-e29b-41d4-a716-446655440000', '880e8400-e29b-41d4-a716-446655440002', 'Design Review', 'design_review', 'Review design specifications and requirements', NULL, 1, true, NULL, '{engineering}', 16, true, false, false, true, NULL, '{}', '2025-09-07 11:25:25.470919+00', '2025-09-07 11:25:25.470919+00'),
	('990e8400-e29b-41d4-a716-446655440005', '550e8400-e29b-41d4-a716-446655440000', '880e8400-e29b-41d4-a716-446655440002', 'Quality Assessment', 'quality_assessment', 'Quality requirements and testing procedures', NULL, 2, true, NULL, '{qa}', 8, true, false, false, true, NULL, '{}', '2025-09-07 11:25:25.470919+00', '2025-09-07 11:25:25.470919+00'),
	('990e8400-e29b-41d4-a716-446655440006', '550e8400-e29b-41d4-a716-446655440000', '880e8400-e29b-41d4-a716-446655440002', 'Production Planning', 'production_planning', 'Production process planning and resource allocation', NULL, 3, true, NULL, '{production}', 12, true, false, false, false, NULL, '{}', '2025-09-07 11:25:25.470919+00', '2025-09-07 11:25:25.470919+00'),
	('990e8400-e29b-41d4-a716-446655440007', '550e8400-e29b-41d4-a716-446655440000', '880e8400-e29b-41d4-a716-446655440003', 'Supplier Selection', 'supplier_selection', 'Select qualified suppliers for component sourcing', NULL, 1, true, NULL, '{procurement}', 4, true, false, false, false, NULL, '{}', '2025-09-07 11:25:25.470919+00', '2025-09-07 11:25:25.470919+00'),
	('990e8400-e29b-41d4-a716-446655440008', '550e8400-e29b-41d4-a716-446655440000', '880e8400-e29b-41d4-a716-446655440003', 'RFQ Preparation', 'rfq_preparation', 'Prepare and send RFQs to selected suppliers', NULL, 2, true, NULL, '{procurement}', 2, true, false, false, false, NULL, '{}', '2025-09-07 11:25:25.470919+00', '2025-09-07 11:25:25.470919+00'),
	('990e8400-e29b-41d4-a716-446655440009', '550e8400-e29b-41d4-a716-446655440000', '880e8400-e29b-41d4-a716-446655440003', 'Supplier Responses', 'supplier_responses', 'Collect and analyze supplier responses', NULL, 3, true, NULL, '{procurement}', 3, true, false, false, false, NULL, '{}', '2025-09-07 11:25:25.470919+00', '2025-09-07 11:25:25.470919+00');


--
-- Data for Name: project_sub_stage_progress; Type: TABLE DATA; Schema: public; Owner: postgres
--

INSERT INTO "public"."project_sub_stage_progress" ("id", "organization_id", "project_id", "workflow_stage_id", "sub_stage_id", "status", "assigned_to", "started_at", "due_at", "completed_at", "blocked_reason", "notes", "metadata", "created_at", "updated_at") VALUES
	('550e8400-e29b-41d4-a716-446655440001', '550e8400-e29b-41d4-a716-446655440000', '220e8400-e29b-41d4-a716-446655440001', '880e8400-e29b-41d4-a716-446655440001', '990e8400-e29b-41d4-a716-446655440001', 'completed', '660e8400-e29b-41d4-a716-446655440006', '2025-09-05 11:25:25.470919+00', NULL, NULL, NULL, NULL, '{}', '2025-09-05 11:25:25.470919+00', '2025-09-07 11:25:25.470919+00'),
	('550e8400-e29b-41d4-a716-446655440002', '550e8400-e29b-41d4-a716-446655440000', '220e8400-e29b-41d4-a716-446655440001', '880e8400-e29b-41d4-a716-446655440001', '990e8400-e29b-41d4-a716-446655440002', 'completed', '660e8400-e29b-41d4-a716-446655440009', '2025-09-06 11:25:25.470919+00', NULL, NULL, NULL, NULL, '{}', '2025-09-06 11:25:25.470919+00', '2025-09-07 11:25:25.470919+00'),
	('550e8400-e29b-41d4-a716-446655440003', '550e8400-e29b-41d4-a716-446655440000', '220e8400-e29b-41d4-a716-446655440001', '880e8400-e29b-41d4-a716-446655440001', '990e8400-e29b-41d4-a716-446655440003', 'in_progress', '660e8400-e29b-41d4-a716-446655440007', '2025-09-07 11:25:25.470919+00', NULL, NULL, NULL, NULL, '{}', '2025-09-07 11:25:25.470919+00', '2025-09-07 11:25:25.470919+00'),
	('550e8400-e29b-41d4-a716-446655440004', '550e8400-e29b-41d4-a716-446655440000', '220e8400-e29b-41d4-a716-446655440001', '880e8400-e29b-41d4-a716-446655440002', '990e8400-e29b-41d4-a716-446655440004', 'in_progress', '660e8400-e29b-41d4-a716-446655440009', '2025-09-07 11:25:25.470919+00', NULL, NULL, NULL, NULL, '{}', '2025-09-07 11:25:25.470919+00', '2025-09-07 11:25:25.470919+00');


--
-- Data for Name: role_permissions; Type: TABLE DATA; Schema: public; Owner: postgres
--



--
-- Data for Name: supplier_performance_metrics; Type: TABLE DATA; Schema: public; Owner: postgres
--



--
-- Data for Name: supplier_qualification_progress; Type: TABLE DATA; Schema: public; Owner: postgres
--

INSERT INTO "public"."supplier_qualification_progress" ("id", "organization_id", "supplier_id", "sub_stage_slug", "status", "completed_at", "metadata", "created_at", "updated_at") VALUES
	('c7409d82-03f4-4e95-ba44-c0e460b8a72a', '550e8400-e29b-41d4-a716-446655440004', '770e8400-e29b-41d4-a716-446655440006', 'docs_uploaded', 'pending', NULL, '{}', '2025-09-13 02:37:32.191031+00', '2025-09-13 02:37:32.191031+00'),
	('85d3d247-79b6-409a-80c3-e3cad7b6d5b0', '550e8400-e29b-41d4-a716-446655440004', '770e8400-e29b-41d4-a716-446655440006', 'nda_signed', 'pending', NULL, '{}', '2025-09-13 02:37:32.191031+00', '2025-09-13 02:37:32.191031+00'),
	('51a5b180-1cfa-4493-8d31-269e2c4a5e73', '550e8400-e29b-41d4-a716-446655440004', '770e8400-e29b-41d4-a716-446655440005', 'profile_complete', 'pending', NULL, '{}', '2025-09-13 02:37:32.191031+00', '2025-09-13 02:37:32.191031+00'),
	('baf63391-8db9-4fe4-8314-4d9781dbcc84', '550e8400-e29b-41d4-a716-446655440004', '770e8400-e29b-41d4-a716-446655440006', 'final_approval', 'pending', NULL, '{}', '2025-09-13 02:37:32.191031+00', '2025-09-13 02:37:32.191031+00'),
	('a45fc0f4-984c-45dd-8c5d-62dd89981e3e', '550e8400-e29b-41d4-a716-446655440004', '770e8400-e29b-41d4-a716-446655440006', 'internal_review', 'pending', NULL, '{}', '2025-09-13 02:37:32.191031+00', '2025-09-13 02:37:32.191031+00'),
	('b6a27aeb-00f0-443b-826e-fd1864948316', '550e8400-e29b-41d4-a716-446655440004', '770e8400-e29b-41d4-a716-446655440005', 'docs_uploaded', 'pending', NULL, '{}', '2025-09-13 02:37:32.191031+00', '2025-09-13 02:37:32.191031+00'),
	('775a668a-36a1-48ab-982b-6d90c7a33eb5', '550e8400-e29b-41d4-a716-446655440004', '770e8400-e29b-41d4-a716-446655440006', 'profile_complete', 'pending', NULL, '{}', '2025-09-13 02:37:32.191031+00', '2025-09-13 02:37:32.191031+00'),
	('4aa890bb-4ed6-449f-99af-e9f30875185a', '550e8400-e29b-41d4-a716-446655440004', '770e8400-e29b-41d4-a716-446655440005', 'nda_signed', 'pending', NULL, '{}', '2025-09-13 02:37:32.191031+00', '2025-09-13 02:37:32.191031+00'),
	('f4796ea3-bf55-4fc1-aa3a-2a3892cb1244', '550e8400-e29b-41d4-a716-446655440004', '770e8400-e29b-41d4-a716-446655440005', 'internal_review', 'pending', NULL, '{}', '2025-09-13 02:37:32.191031+00', '2025-09-13 02:37:32.191031+00'),
	('cc5e14ff-1a02-4dc5-85fc-fd6c9206add1', '550e8400-e29b-41d4-a716-446655440004', '770e8400-e29b-41d4-a716-446655440005', 'final_approval', 'pending', NULL, '{}', '2025-09-13 02:37:32.191031+00', '2025-09-13 02:37:32.191031+00');


--
-- Data for Name: supplier_qualifications; Type: TABLE DATA; Schema: public; Owner: postgres
--

INSERT INTO "public"."supplier_qualifications" ("id", "organization_id", "qualification_status", "qualification_expiry", "qualification_conditions", "qualification_conditions_resolved", "qualification_exception_justification", "qualification_exception_expires_at", "qualification_exception_reviewed_by", "overall_score", "criteria_scores", "recommendations", "valid_until", "approved_by", "approved_at", "created_by", "created_at", "updated_at") VALUES
	('149e17d2-c120-4f89-84a4-d82a152191c3', '550e8400-e29b-41d4-a716-446655440004', 'in_progress', NULL, NULL, false, NULL, NULL, NULL, NULL, '{}', NULL, NULL, NULL, NULL, NULL, '2025-09-13 02:37:32.191031+00', '2025-09-13 02:37:32.191031+00');


--
-- Data for Name: supplier_rfqs; Type: TABLE DATA; Schema: public; Owner: postgres
--



--
-- Data for Name: supplier_quotes; Type: TABLE DATA; Schema: public; Owner: postgres
--



--
-- Data for Name: user_custom_roles; Type: TABLE DATA; Schema: public; Owner: postgres
--



--
-- Data for Name: user_feature_access; Type: TABLE DATA; Schema: public; Owner: postgres
--



--
-- Data for Name: user_permissions; Type: TABLE DATA; Schema: public; Owner: postgres
--



--
-- Data for Name: workflow_definition_stages; Type: TABLE DATA; Schema: public; Owner: postgres
--

INSERT INTO "public"."workflow_definition_stages" ("id", "workflow_definition_id", "workflow_stage_id", "is_included", "stage_order_override", "responsible_roles_override", "estimated_duration_days_override", "requires_approval_override", "metadata", "created_at", "updated_at") VALUES
	('3b6ce13b-63cf-4d87-819f-a5ac6bf03396', '5ab31fd7-a443-41f8-b2d5-c60a808fedf6', '880e8400-e29b-41d4-a716-446655440001', true, NULL, NULL, NULL, NULL, '{}', '2025-09-13 02:08:38.408391+00', '2025-09-13 02:08:38.408391+00'),
	('4a379e62-5578-49d8-b0f5-c180495fed70', '5ab31fd7-a443-41f8-b2d5-c60a808fedf6', '880e8400-e29b-41d4-a716-446655440002', true, NULL, NULL, NULL, NULL, '{}', '2025-09-13 02:08:38.408391+00', '2025-09-13 02:08:38.408391+00'),
	('9ef9e712-f0b4-44e3-b62c-9b157eee9ae1', '5ab31fd7-a443-41f8-b2d5-c60a808fedf6', '880e8400-e29b-41d4-a716-446655440003', true, NULL, NULL, NULL, NULL, '{}', '2025-09-13 02:08:38.408391+00', '2025-09-13 02:08:38.408391+00'),
	('98db66e2-efbd-4fba-b91d-5c3d28f1e659', '5ab31fd7-a443-41f8-b2d5-c60a808fedf6', '880e8400-e29b-41d4-a716-446655440004', true, NULL, NULL, NULL, NULL, '{}', '2025-09-13 02:08:38.408391+00', '2025-09-13 02:08:38.408391+00'),
	('e04dcd0b-13ad-4dba-86be-27ef1a111883', '5ab31fd7-a443-41f8-b2d5-c60a808fedf6', '880e8400-e29b-41d4-a716-446655440005', true, NULL, NULL, NULL, NULL, '{}', '2025-09-13 02:08:38.408391+00', '2025-09-13 02:08:38.408391+00'),
	('8fe2912e-7d5e-41e4-8363-8b358a41f389', '5ab31fd7-a443-41f8-b2d5-c60a808fedf6', '880e8400-e29b-41d4-a716-446655440006', true, NULL, NULL, NULL, NULL, '{}', '2025-09-13 02:08:38.408391+00', '2025-09-13 02:08:38.408391+00'),
	('db688f15-6f7f-4bed-abe0-ba73cedabccb', '5ab31fd7-a443-41f8-b2d5-c60a808fedf6', '880e8400-e29b-41d4-a716-446655440007', true, NULL, NULL, NULL, NULL, '{}', '2025-09-13 02:08:38.408391+00', '2025-09-13 02:08:38.408391+00'),
	('2b9be598-b21b-4d0e-81f9-f987850f0f26', '5ab31fd7-a443-41f8-b2d5-c60a808fedf6', '880e8400-e29b-41d4-a716-446655440008', true, NULL, NULL, NULL, NULL, '{}', '2025-09-13 02:08:38.408391+00', '2025-09-13 02:08:38.408391+00');


--
-- Data for Name: workflow_definition_sub_stages; Type: TABLE DATA; Schema: public; Owner: postgres
--

INSERT INTO "public"."workflow_definition_sub_stages" ("id", "workflow_definition_id", "workflow_sub_stage_id", "is_included", "sub_stage_order_override", "responsible_roles_override", "requires_approval_override", "can_skip_override", "auto_advance_override", "estimated_duration_hours_override", "metadata", "created_at", "updated_at") VALUES
	('efd5ea91-3824-448e-a50e-a10be0680727', '5ab31fd7-a443-41f8-b2d5-c60a808fedf6', '990e8400-e29b-41d4-a716-446655440003', true, NULL, NULL, NULL, NULL, NULL, NULL, '{}', '2025-09-13 02:08:38.408391+00', '2025-09-13 02:08:38.408391+00'),
	('aeb2f312-874f-49d7-aaf5-41ebd2e19d69', '5ab31fd7-a443-41f8-b2d5-c60a808fedf6', '990e8400-e29b-41d4-a716-446655440004', true, NULL, NULL, NULL, NULL, NULL, NULL, '{}', '2025-09-13 02:08:38.408391+00', '2025-09-13 02:08:38.408391+00'),
	('70f529f1-6378-40ba-9648-c687a37fd596', '5ab31fd7-a443-41f8-b2d5-c60a808fedf6', '990e8400-e29b-41d4-a716-446655440001', true, NULL, NULL, NULL, NULL, NULL, NULL, '{}', '2025-09-13 02:08:38.408391+00', '2025-09-13 02:08:38.408391+00'),
	('0d6e2842-bd0c-4c9e-80bc-8d1ed1a3b431', '5ab31fd7-a443-41f8-b2d5-c60a808fedf6', '990e8400-e29b-41d4-a716-446655440006', true, NULL, NULL, NULL, NULL, NULL, NULL, '{}', '2025-09-13 02:08:38.408391+00', '2025-09-13 02:08:38.408391+00'),
	('9547c9ae-752b-4900-9af0-27bb8f21acfd', '5ab31fd7-a443-41f8-b2d5-c60a808fedf6', '990e8400-e29b-41d4-a716-446655440005', true, NULL, NULL, NULL, NULL, NULL, NULL, '{}', '2025-09-13 02:08:38.408391+00', '2025-09-13 02:08:38.408391+00'),
	('c524b821-7443-4d90-ae3e-9201cd31bc8c', '5ab31fd7-a443-41f8-b2d5-c60a808fedf6', '990e8400-e29b-41d4-a716-446655440008', true, NULL, NULL, NULL, NULL, NULL, NULL, '{}', '2025-09-13 02:08:38.408391+00', '2025-09-13 02:08:38.408391+00'),
	('f54a53ae-779f-4100-8875-890642c9df4b', '5ab31fd7-a443-41f8-b2d5-c60a808fedf6', '990e8400-e29b-41d4-a716-446655440009', true, NULL, NULL, NULL, NULL, NULL, NULL, '{}', '2025-09-13 02:08:38.408391+00', '2025-09-13 02:08:38.408391+00'),
	('fa42a9a2-f9fa-4b40-9a0a-e3405fe5295d', '5ab31fd7-a443-41f8-b2d5-c60a808fedf6', '990e8400-e29b-41d4-a716-446655440007', true, NULL, NULL, NULL, NULL, NULL, NULL, '{}', '2025-09-13 02:08:38.408391+00', '2025-09-13 02:08:38.408391+00'),
	('ffca217e-2ed7-4d7a-856e-5a7f508bde89', '5ab31fd7-a443-41f8-b2d5-c60a808fedf6', '990e8400-e29b-41d4-a716-446655440002', true, NULL, NULL, NULL, NULL, NULL, NULL, '{}', '2025-09-13 02:08:38.408391+00', '2025-09-13 02:08:38.408391+00');


--
-- Data for Name: buckets; Type: TABLE DATA; Schema: storage; Owner: supabase_storage_admin
--

INSERT INTO "storage"."buckets" ("id", "name", "owner", "created_at", "updated_at", "public", "avif_autodetection", "file_size_limit", "allowed_mime_types", "owner_id", "type") VALUES
	('documents', 'documents', NULL, '2025-09-12 01:03:50.266915+00', '2025-09-12 01:03:50.266915+00', false, false, 104857600, '{application/pdf,application/msword,application/vnd.openxmlformats-officedocument.wordprocessingml.document,application/vnd.ms-excel,application/vnd.openxmlformats-officedocument.spreadsheetml.sheet,image/jpeg,image/png,image/gif,text/plain,application/zip,application/x-zip-compressed}', NULL, 'STANDARD');


--
-- Data for Name: buckets_analytics; Type: TABLE DATA; Schema: storage; Owner: supabase_storage_admin
--



--
-- Data for Name: iceberg_namespaces; Type: TABLE DATA; Schema: storage; Owner: supabase_storage_admin
--



--
-- Data for Name: iceberg_tables; Type: TABLE DATA; Schema: storage; Owner: supabase_storage_admin
--



--
-- Data for Name: objects; Type: TABLE DATA; Schema: storage; Owner: supabase_storage_admin
--

INSERT INTO "storage"."objects" ("id", "bucket_id", "name", "owner", "created_at", "updated_at", "last_accessed_at", "metadata", "version", "owner_id", "user_metadata", "level") VALUES
	('fc6721a5-d301-4b09-b157-1025828123ab', 'documents', '550e8400-e29b-41d4-a716-446655440000/220e8400-e29b-41d4-a716-446655440001/1757639079521_701-00818-02.pdf', '660e8400-e29b-41d4-a716-446655440003', '2025-09-12 01:04:39.647319+00', '2025-09-12 01:04:39.647319+00', '2025-09-12 01:04:39.647319+00', '{"eTag": "\"26784498fc6971af8f7c9193a70a979f\"", "size": 209387, "mimetype": "application/pdf", "cacheControl": "max-age=3600", "lastModified": "2025-09-12T01:04:39.634Z", "contentLength": 209387, "httpStatusCode": 200}', 'fa87baed-6573-42f2-b6e3-98c9b37b2404', '660e8400-e29b-41d4-a716-446655440003', '{}', 3),
	('e5cc925b-7da8-445e-b4c9-0b94707dd2aa', 'documents', '550e8400-e29b-41d4-a716-446655440000/cb697e9d-abf1-4d0d-bbad-c9b509493dff/1757928097264_701-00834-02.pdf', NULL, '2025-09-15 09:21:37.372661+00', '2025-09-15 09:21:37.372661+00', '2025-09-15 09:21:37.372661+00', '{"eTag": "\"eb342a8bacae7f8c4ac9697b0b8b0bc9\"", "size": 236749, "mimetype": "application/pdf", "cacheControl": "max-age=3600", "lastModified": "2025-09-15T09:21:37.366Z", "contentLength": 236749, "httpStatusCode": 200}', '2581f30e-22ee-4090-8d29-d269d3312e87', NULL, '{}', 3),
	('d524a69e-75ed-47cb-a579-add76b1d9f17', 'documents', 'suppliers/745b4064-e912-403e-8b3a-5a3211e32788/supplier-745b4064-e912-403e-8b3a-5a3211e32788-1757928145391-701-00818-02.pdf', NULL, '2025-09-15 09:22:25.403538+00', '2025-09-15 09:22:25.403538+00', '2025-09-15 09:22:25.403538+00', '{"eTag": "\"26784498fc6971af8f7c9193a70a979f\"", "size": 209387, "mimetype": "application/pdf", "cacheControl": "max-age=3600", "lastModified": "2025-09-15T09:22:25.400Z", "contentLength": 209387, "httpStatusCode": 200}', '54fba3eb-085f-4b9d-89dc-ff49077e66d2', NULL, '{}', 3),
	('429b081b-5b5d-4e92-9541-0983be8bcd04', 'documents', 'suppliers/a94dc946-c5ba-4c06-a41d-72651e035df7/supplier-a94dc946-c5ba-4c06-a41d-72651e035df7-1757930039550-701-00818-02.pdf', NULL, '2025-09-15 09:53:59.583274+00', '2025-09-15 09:53:59.583274+00', '2025-09-15 09:53:59.583274+00', '{"eTag": "\"26784498fc6971af8f7c9193a70a979f\"", "size": 209387, "mimetype": "application/pdf", "cacheControl": "max-age=3600", "lastModified": "2025-09-15T09:53:59.579Z", "contentLength": 209387, "httpStatusCode": 200}', '96ab4f21-3dc1-484f-9597-d222ba9b4738', NULL, '{}', 3),
	('d8899419-3527-4c92-97ce-6c98be589878', 'documents', 'suppliers/bf8b9e5a-fdab-47bc-9dfc-c01d31d22a4a/supplier-bf8b9e5a-fdab-47bc-9dfc-c01d31d22a4a-1757930151796-MS_TECH-_Profile_2025.pdf', NULL, '2025-09-15 09:55:51.830955+00', '2025-09-15 09:55:51.830955+00', '2025-09-15 09:55:51.830955+00', '{"eTag": "\"a8d0ba96cf2eb7d6f7d6a6324313493f\"", "size": 1746088, "mimetype": "application/pdf", "cacheControl": "max-age=3600", "lastModified": "2025-09-15T09:55:51.820Z", "contentLength": 1746088, "httpStatusCode": 200}', 'be402f02-4587-4047-a07b-81ee23ffe385', NULL, '{}', 3);


--
-- Data for Name: prefixes; Type: TABLE DATA; Schema: storage; Owner: supabase_storage_admin
--

INSERT INTO "storage"."prefixes" ("bucket_id", "name", "created_at", "updated_at") VALUES
	('documents', '550e8400-e29b-41d4-a716-446655440000', '2025-09-12 01:04:39.647319+00', '2025-09-12 01:04:39.647319+00'),
	('documents', '550e8400-e29b-41d4-a716-446655440000/220e8400-e29b-41d4-a716-446655440001', '2025-09-12 01:04:39.647319+00', '2025-09-12 01:04:39.647319+00'),
	('documents', '550e8400-e29b-41d4-a716-446655440000/cb697e9d-abf1-4d0d-bbad-c9b509493dff', '2025-09-15 09:21:37.372661+00', '2025-09-15 09:21:37.372661+00'),
	('documents', 'suppliers', '2025-09-15 09:22:25.403538+00', '2025-09-15 09:22:25.403538+00'),
	('documents', 'suppliers/745b4064-e912-403e-8b3a-5a3211e32788', '2025-09-15 09:22:25.403538+00', '2025-09-15 09:22:25.403538+00'),
	('documents', 'suppliers/a94dc946-c5ba-4c06-a41d-72651e035df7', '2025-09-15 09:53:59.583274+00', '2025-09-15 09:53:59.583274+00'),
	('documents', 'suppliers/bf8b9e5a-fdab-47bc-9dfc-c01d31d22a4a', '2025-09-15 09:55:51.830955+00', '2025-09-15 09:55:51.830955+00');


--
-- Data for Name: s3_multipart_uploads; Type: TABLE DATA; Schema: storage; Owner: supabase_storage_admin
--



--
-- Data for Name: s3_multipart_uploads_parts; Type: TABLE DATA; Schema: storage; Owner: supabase_storage_admin
--



--
-- Data for Name: hooks; Type: TABLE DATA; Schema: supabase_functions; Owner: supabase_functions_admin
--



--
-- Name: refresh_tokens_id_seq; Type: SEQUENCE SET; Schema: auth; Owner: supabase_auth_admin
--

SELECT pg_catalog.setval('"auth"."refresh_tokens_id_seq"', 84, true);


--
-- Name: hooks_id_seq; Type: SEQUENCE SET; Schema: supabase_functions; Owner: supabase_functions_admin
--

SELECT pg_catalog.setval('"supabase_functions"."hooks_id_seq"', 1, false);


--
-- PostgreSQL database dump complete
--

RESET ALL;
